NONABELIAN_DYADIC_H7_CENSUS_V1
limit 10000000
modulus 120120
residue_classes 180
genus_split_count 4980
full_count 4980
completed_count 4949
complement_count 31
denominator 1000000000000000000000000000000
completed_linear_masks 17 27184 6220 2 32768 39508 132
union_linear_masks 2 256 512 4096 9 65 132 2052 24576 37 32768 65536
predicate_order 17 27184 6220 2 32768 39508 132 2 256 512 4096 9 65 132 2052 24576 37 32768 65536
predicate_first_hits 2485 1282 583 339 173 60 27 0 19 0 8 0 4 0 0 0 0 0 0
field 0 -1 65 4 7 1
field 1 -55 91 6 1 1
field 2 -2 33 1 4 1
field 3 -55 14 1 1 2
field 4 -55 26 7 1 2
field 5 -7 2 1 1 2
field 6 -10 1001 1 10 1
field 7 22 273 19 2 1
field 8 -39 55 4 1 1
field 9 -35 429 1 7 2
field 10 -143 42 5 1 2
field 11 -3 13 1 2 1
field 12 -26 105 1 2 1
field 13 -6 385 1 8 1
field 14 -14 65 3 2 1
field 15 -11 5 3 1 2
field 16 -1 13 -2 3 1
bin 8087 8096 1 123624675485226851279515391 1 123624675485226851279515391 0 0
bin 8753 8762 1 114142221207624700376669329 1 114142221207624700376669329 0 0
bin 13717 13731 1 72838517007793721319833928 1 72838517007793721319833928 0 0
bin 18990 19009 1 52606660003156399600189383 1 52606660003156399600189383 0 0
bin 21105 21127 1 47346243075611950191752284 1 47346243075611950191752284 0 0
bin 21941 21963 1 45535267064341332361914302 1 45535267064341332361914302 0 0
bin 24028 24053 1 41581770551790095222254563 1 41581770551790095222254563 0 0
bin 28053 28082 1 35611267405006944197143976 1 35611267405006944197143976 0 0
bin 31246 31278 1 32001024032769048609555505 1 32001024032769048609555505 0 0
bin 33038 33072 1 30258101606705195316045871 1 30258101606705195316045871 0 0
bin 33276 33310 1 30039953137673105229955841 1 30039953137673105229955841 0 0
bin 35256 35292 1 28343867804200561208582523 1 28343867804200561208582523 0 0
bin 37467 37505 1 26674491184080663661340659 1 26674491184080663661340659 0 0
bin 44633 44678 1 22400931878766156672117560 1 22400931878766156672117560 0 0
bin 46474 46521 1 21510464841145217148142571 1 21510464841145217148142571 0 0
bin 47134 47182 1 21203960899896100591590509 1 21203960899896100591590509 0 0
bin 48046 48095 1 20812087660513226081708256 1 20812087660513226081708256 0 0
bin 48389 48438 1 20657315788386457063769133 1 20657315788386457063769133 0 0
bin 48879 48928 1 20454498967047802164085990 1 20454498967047802164085990 0 0
bin 48977 49026 1 20404415515517557999551102 1 20404415515517557999551102 0 0
bin 49876 49926 1 20031650007011077502453877 1 20031650007011077502453877 0 0
bin 51722 51774 1 19316579420116285808109100 1 19316579420116285808109100 0 0
bin 53041 53095 1 18836293770837649983989150 1 18836293770837649983989150 0 0
bin 53851 53905 1 18559417976652252185371466 1 18559417976652252185371466 0 0
bin 55395 55451 1 18037192691329521473277899 1 18037192691329521473277899 0 0
bin 56752 56809 1 17602844619690541991585840 1 17602844619690541991585840 0 0
bin 59926 59986 1 16686412254501159705651687 1 16686412254501159705651687 0 0
bin 61642 61704 1 16212447917511064995703701 1 16212447917511064995703701 0 0
bin 63342 63406 1 15782579189091081264500244 1 15782579189091081264500244 0 0
bin 65483 65549 1 15262282321698386776758596 1 15262282321698386776758596 0 0
bin 66346 66413 1 15069091785838067539669384 1 15069091785838067539669384 0 0
bin 66882 66949 1 14950141278835084991553170 1 14950141278835084991553170 0 0
bin 67356 67424 1 14843622437619676705903308 1 14843622437619676705903308 0 0
bin 68933 69002 1 14492543586324835871943884 1 14492543586324835871943884 0 0
bin 69982 70052 1 14283877787141653216015083 1 14283877787141653216015083 0 0
bin 70194 70265 1 14235078079403265526911415 1 14235078079403265526911415 0 0
bin 70833 70904 1 14114525257942949088907394 1 14114525257942949088907394 0 0
bin 71550 71622 1 13972530006008187902583520 1 13972530006008187902583520 0 0
bin 76079 76156 1 13135598786270672148589893 1 13135598786270672148589893 0 0
bin 76541 76618 1 13061480388187197136923498 1 13061480388187197136923498 0 0
bin 80733 80814 1 12374859235976190770829981 1 12374859235976190770829981 0 0
bin 87407 87495 1 11431053600210331386243870 1 11431053600210331386243870 0 0
bin 87583 87671 1 11409143287430546840237766 1 11409143287430546840237766 0 0
bin 88646 88735 1 11270272402483968037507466 1 11270272402483968037507466 0 0
bin 90810 90901 1 11008245175636551777281183 1 11008245175636551777281183 0 0
bin 90992 91083 1 10979238260449490014382802 1 10979238260449490014382802 0 0
bin 92375 92468 1 10822393697037910845120723 1 10822393697037910845120723 0 0
bin 92561 92654 1 10802752541347535352007691 1 10802752541347535352007691 0 0
bin 98610 98709 1 10137772325909104733325898 1 10137772325909104733325898 0 0
bin 99906 100006 1 10003901521593421434359400 1 10003901521593421434359400 0 0
bin 101832 101934 1 9810750620529976748521029 1 9810750620529976748521029 0 0
bin 101934 102036 1 9803825452691640278036489 1 9803825452691640278036489 0 0
bin 105264 105370 1 9491177950095386338398458 1 9491177950095386338398458 0 0
bin 106113 106220 1 9422495265196129238945057 1 9422495265196129238945057 0 0
bin 106648 106755 1 9373740403633261780448252 1 9373740403633261780448252 0 0
bin 109139 109249 1 9157425298303129092224430 1 9157425298303129092224430 0 0
bin 109249 109359 1 9147373331747788622497049 1 9147373331747788622497049 0 0
bin 110796 110907 1 9018677681478341645547929 1 9018677681478341645547929 0 0
bin 111018 111130 1 9005033813901971201901863 1 9005033813901971201901863 0 0
bin 111354 111466 1 8975935516879246739491423 1 8975935516879246739491423 0 0
bin 111690 111802 1 8950868681805569230493819 1 8950868681805569230493819 0 0
bin 120060 120181 1 8324939019821679806195419 1 8324939019821679806195419 0 0
bin 121028 121150 1 8258934101964800422857426 1 8258934101964800422857426 0 0
bin 122865 122988 1 8134776985088953786331947 1 8134776985088953786331947 0 0
bin 123483 123607 1 8090549429211737769111900 1 8090549429211737769111900 0 0
bin 129445 129575 1 7720278856472295779323549 1 7720278856472295779323549 0 0
bin 130619 130750 1 7649412142676835285208331 1 7649412142676835285208331 0 0
bin 131012 131144 1 7631199395609007867766576 1 7631199395609007867766576 0 0
bin 131936 132068 1 7575700184089514473375201 1 7575700184089514473375201 0 0
bin 138862 139001 1 7199994240004607996313602 1 7199994240004607996313602 0 0
bin 140403 140544 1 7120022214469309144244530 1 7120022214469309144244530 0 0
bin 141108 141250 1 7080097138932746157277277 1 7080097138932746157277277 0 0
bin 144111 144256 1 6936303921092606593650507 1 6936303921092606593650507 0 0
bin 148067 148216 1 6747592796269930702221982 1 6747592796269930702221982 0 0
bin 153357 153511 1 6518522381346596353538579 1 6518522381346596353538579 0 0
bin 156463 156620 1 6385655264014916890696738 1 6385655264014916890696738 0 0
bin 159632 159792 2 12519953958770428835845191 2 12519953958770428835845191 0 0
bin 166498 166665 1 6002076718544616437287301 1 6002076718544616437287301 0 0
bin 168851 169020 1 5916844665077007733315977 1 5916844665077007733315977 0 0
bin 169020 169190 1 5912646559726599223078242 1 5912646559726599223078242 0 0
bin 170553 170724 1 5860256327611769738808375 1 5860256327611769738808375 0 0
bin 171754 171926 1 5817707939426024934696228 1 5817707939426024934696228 0 0
bin 172444 172617 1 5795052184444920926512943 1 5795052184444920926512943 0 0
bin 173136 173310 1 5773372053415238238197784 1 5773372053415238238197784 0 0
bin 175056 175232 1 5711642039970070995710556 1 5711642039970070995710556 0 0
bin 175936 176112 1 5678946441856106855056249 1 5678946441856106855056249 0 0
bin 176289 176466 1 5668902103729570694043684 1 5668902103729570694043684 0 0
bin 178959 179138 1 5583815868087933932290648 1 5583815868087933932290648 0 0
bin 185534 185720 1 5386741075516723137668941 1 5386741075516723137668941 0 0
bin 186466 186653 1 5362476606195805470798633 1 5362476606195805470798633 0 0
bin 186840 187027 1 5347336224459785357923950 1 5347336224459785357923950 0 0
bin 190050 190241 1 5259586912043928069889390 1 5259586912043928069889390 0 0
bin 190241 190432 1 5252956101045863559718231 1 5252956101045863559718231 0 0
bin 191581 191773 1 5216783435669235063044827 1 5216783435669235063044827 0 0
bin 196638 196835 1 5084375206552742766205174 1 5084375206552742766205174 0 0
bin 197428 197626 1 5062752821219009624293113 1 5062752821219009624293113 0 0
bin 199017 199217 1 5023081057459024216273778 1 5023081057459024216273778 0 0
bin 200821 201022 1 4976882381338681822932478 1 4976882381338681822932478 0 0
bin 203251 203455 1 4915236742377696621757786 1 4915236742377696621757786 0 0
bin 203455 203659 1 4910602481818494311067024 1 4910602481818494311067024 0 0
bin 207573 207781 1 4813037556132050498390038 1 4813037556132050498390038 0 0
bin 210927 211138 1 4740212645939296836856101 1 4740212645939296836856101 0 0
bin 215195 215411 1 4644056304538636226425609 1 4644056304538636226425609 0 0
bin 216710 216927 1 4611673991542189899511623 1 4611673991542189899511623 0 0
bin 218673 218892 1 4571198705436526620375661 1 4571198705436526620375661 0 0
bin 223097 223321 1 4481712372663347211702647 1 4481712372663347211702647 0 0
bin 223321 223545 1 4475454370504965516624075 1 4475454370504965516624075 0 0
bin 224442 224667 1 4455355114079367696002209 1 4455355114079367696002209 0 0
bin 225117 225343 2 8878432169675930065793598 2 8878432169675930065793598 0 0
bin 229213 229443 1 4360699630648741284051613 1 4360699630648741284051613 0 0
bin 229673 229903 2 8704547112543214695926671 2 8704547112543214695926671 0 0
bin 230826 231057 1 4328985588806974861580685 1 4328985588806974861580685 0 0
bin 231057 231289 1 4325839537308203089514597 1 4325839537308203089514597 0 0
bin 231521 231753 1 4319113372406912309041200 1 4319113372406912309041200 0 0
bin 231753 231985 1 4313300926065708826307685 1 4313300926065708826307685 0 0
bin 233617 233851 1 4279191575127626888728181 1 4279191575127626888728181 0 0
bin 234320 234555 1 4263865023088829100026009 1 4263865023088829100026009 0 0
bin 238583 238822 1 4189692518466069775139202 1 4189692518466069775139202 0 0
bin 240744 240985 1 4153358613442760488268838 1 4153358613442760488268838 0 0
bin 241710 241952 1 4133580797037049284683843 1 4133580797037049284683843 0 0
bin 242437 242680 1 4124578777392358805357002 1 4124578777392358805357002 0 0
bin 248086 248335 1 4029642046896974141786985 1 4029642046896974141786985 0 0
bin 250333 250584 1 3992956424866535431498836 1 3992956424866535431498836 0 0
bin 253868 254122 1 3937488433627726218554232 1 3937488433627726218554232 0 0
bin 255398 255654 1 3911613188395025992669636 1 3911613188395025992669636 0 0
bin 256166 256423 1 3900627610982607101482628 1 3900627610982607101482628 0 0
bin 257194 257452 1 3884988791807335635836690 1 3884988791807335635836690 0 0
bin 258226 258485 1 3872351795415909944586645 1 3872351795415909944586645 0 0
bin 259003 259263 1 3860869699508511287252566 1 3860869699508511287252566 0 0
bin 260565 260826 1 3837755066796126937586589 1 3837755066796126937586589 0 0
bin 263715 263979 1 3791311073282251735472643 1 3791311073282251735472643 0 0
bin 264243 264508 1 3783736742732387651396766 1 3783736742732387651396766 0 0
bin 264773 265038 1 3775166201692029491598367 1 3775166201692029491598367 0 0
bin 268780 269049 1 3718564187995731088312180 1 3718564187995731088312180 0 0
bin 271485 271757 1 3683390487275727561705999 1 3683390487275727561705999 0 0
bin 272848 273121 1 3662990245456976348071985 1 3662990245456976348071985 0 0
bin 273121 273395 1 3659130078415157580436826 1 3659130078415157580436826 0 0
bin 275318 275594 1 3629487407493439701510955 1 3629487407493439701510955 0 0
bin 276700 276977 1 3613748143436891309297089 1 3613748143436891309297089 0 0
bin 277810 278088 1 3596591869544419707884808 1 3596591869544419707884808 0 0
bin 280887 281168 1 3559719636481430722516294 1 3559719636481430722516294 0 0
bin 284852 285137 1 3510237607983684415598091 1 3510237607983684415598091 0 0
bin 285137 285423 1 3505217516272972319297273 1 3505217516272972319297273 0 0
bin 288584 288873 1 3464415258670565288637757 1 3464415258670565288637757 0 0
bin 288873 289162 1 3458663779835298430804243 1 3458663779835298430804243 0 0
bin 289162 289452 1 3457228892753302517899802 1 3457228892753302517899802 0 0
bin 290032 290323 1 3446362536660681483727999 1 3446362536660681483727999 0 0
bin 290614 290905 1 3439250793607120624843084 1 3439250793607120624843084 0 0
bin 293244 293538 1 3409141271405145757835058 1 3409141271405145757835058 0 0
bin 294421 294716 1 3395251401390015923729072 1 3395251401390015923729072 0 0
bin 295011 295307 1 3387522399991869946240019 1 3387522399991869946240019 0 0
bin 296789 297086 1 3366447959764213984898114 1 3366447959764213984898114 0 0
bin 305226 305532 1 3273868960121002196766072 1 3273868960121002196766072 0 0
bin 305532 305838 1 3270528288434430813609322 1 3270528288434430813609322 0 0
bin 307065 307373 1 3255960850326735671330287 1 3255960850326735671330287 0 0
bin 307373 307681 1 3250880175807599907675003 1 3250880175807599907675003 0 0
bin 309224 309534 1 3233723859384751698513457 1 3233723859384751698513457 0 0
bin 310465 310776 1 3220726016058539916067880 1 3220726016058539916067880 0 0
bin 312336 312649 1 3198966094158368015457404 1 3198966094158368015457404 0 0
bin 312649 312962 1 3196511966142545254618160 1 3196511966142545254618160 0 0
bin 313903 314217 1 3183081286346809438472630 1 3183081286346809438472630 0 0
bin 316744 317061 1 3156555692690363982436924 1 3156555692690363982436924 0 0
bin 318972 319291 1 3132822265594406032562554 1 3132822265594406032562554 0 0
bin 319291 319611 1 3129998215901016936420346 1 3129998215901016936420346 0 0
bin 320251 320572 2 6242879294725874626926136 2 6242879294725874626926136 0 0
bin 321536 321858 1 3108283264070421265630779 1 3108283264070421265630779 0 0
bin 322826 323149 1 3096732637394285289590952 1 3096732637394285289590952 0 0
bin 324771 325096 1 3076156404096209867694513 1 3076156404096209867694513 0 0
bin 326728 327055 1 3059217268669638186373634 1 3059217268669638186373634 0 0
bin 327711 328039 2 6101188607031728952278791 2 6101188607031728952278791 0 0
bin 331009 331341 1 3020408902957282356885475 1 3020408902957282356885475 0 0
bin 332338 332671 1 3006243968723037749405515 1 3006243968723037749405515 0 0
bin 335347 335683 1 2981079091009363569424860 1 2981079091009363569424860 0 0
bin 336356 336693 1 2972996274835667630908458 1 2972996274835667630908458 0 0
bin 336693 337030 1 2967702493760405506868747 1 2967702493760405506868747 0 0
bin 340081 340422 1 2939438743566303450019253 1 2939438743566303450019253 0 0
bin 342130 342473 1 2921917596079955353099131 1 2921917596079955353099131 0 0
bin 343503 343847 1 2910691260067353395757958 1 2910691260067353395757958 0 0
bin 345572 345918 1 2893510146093327276252094 1 2893510146093327276252094 0 0
bin 346264 346611 1 2887094399325574748317545 1 2887094399325574748317545 0 0
bin 349748 350098 1 2858768271102712685212449 1 2858768271102712685212449 0 0
bin 350800 351151 1 2848021052571620609419544 1 2848021052571620609419544 0 0
bin 351151 351503 1 2846659018642769913091500 1 2846659018642769913091500 0 0
bin 353620 353974 1 2825425438435392409212017 1 2825425438435392409212017 0 0
bin 360409 360770 1 2772779073281778127764114 1 2772779073281778127764114 0 0
bin 361131 361493 1 2767622142084185530317916 1 2767622142084185530317916 0 0
bin 362217 362580 1 2758095700404612639249356 1 2758095700404612639249356 0 0
bin 363670 364034 1 2748453307900978724222943 1 2748453307900978724222943 0 0
bin 365495 365861 1 2734564069468865620787062 1 2734564069468865620787062 0 0
bin 370281 370652 1 2698611024905481148852685 1 2698611024905481148852685 0 0
bin 371023 371395 1 2693377792022753655587008 1 2693377792022753655587008 0 0
bin 372139 372512 1 2686431639717279934236153 1 2686431639717279934236153 0 0
bin 374006 374381 1 2673160664975447019292200 1 2673160664975447019292200 0 0
bin 374756 375131 1 2667171651165954087307196 1 2667171651165954087307196 0 0
bin 377391 377769 1 2648859268755910267243411 1 2648859268755910267243411 0 0
bin 378147 378526 1 2642978531085391993360837 1 2642978531085391993360837 0 0
bin 379284 379664 1 2635956021709733794801367 1 2635956021709733794801367 0 0
bin 379664 380044 1 2633789944716749060395437 1 2633789944716749060395437 0 0
bin 381187 381569 1 2621362531816787729926261 1 2621362531816787729926261 0 0
bin 388894 389283 1 2570423168766273991687251 1 2570423168766273991687251 0 0
bin 390063 390454 1 2562203905311192475319570 1 2562203905311192475319570 0 0
bin 392806 393199 1 2543746073091999664225518 1 2543746073091999664225518 0 0
bin 393593 393987 1 2540334155554821681243950 1 2540334155554821681243950 0 0
bin 394776 395171 1 2531844271322559492010765 1 2531844271322559492010765 0 0
bin 397153 397551 1 2515792889866134660330222 1 2515792889866134660330222 0 0
bin 397551 397949 1 2513516434627207809998265 1 2513516434627207809998265 0 0
bin 399945 400345 1 2499943751265596524078208 1 2499943751265596524078208 0 0
bin 404776 405181 1 2469129705852578141782365 1 2469129705852578141782365 0 0
bin 406399 406806 1 2459655500650578879922078 1 2459655500650578879922078 0 0
bin 407213 407621 1 2453861273406769221708819 1 2453861273406769221708819 0 0
bin 408438 408847 1 2446369465394880727256714 1 2446369465394880727256714 0 0
bin 409256 409666 1 2442783894237228515104954 1 2442783894237228515104954 0 0
bin 410076 410487 1 2437353911099953446540297 1 2437353911099953446540297 0 0
bin 414200 414615 1 2414053654756530618649530 1 2414053654756530618649530 0 0
bin 415446 415862 1 2404996620979747523454729 1 2404996620979747523454729 0 0
bin 417112 417530 1 2397110044130795912447952 1 2397110044130795912447952 0 0
bin 419204 419624 1 2384762322663111780964350 1 2384762322663111780964350 0 0
bin 421729 422151 1 2369438040379963084155330 1 2369438040379963084155330 0 0
bin 426823 427250 1 2340555507444136791426077 1 2340555507444136791426077 0 0
bin 428964 429393 1 2329042460773102354429023 1 2329042460773102354429023 0 0
bin 429393 429823 1 2328131511492821206484311 1 2328131511492821206484311 0 0
bin 431547 431979 1 2315195321453294407182661 1 2315195321453294407182661 0 0
bin 432411 432844 1 2310957868927091590193219 1 2310957868927091590193219 0 0
bin 432844 433277 1 2309676853111481172669131 1 2309676853111481172669131 0 0
bin 441152 441594 1 2266705049538838857671323 1 2266705049538838857671323 0 0
bin 441594 442036 1 2263257597189939367328971 1 2263257597189939367328971 0 0
bin 442922 443365 1 2257127444186881123868897 1 2257127444186881123868897 0 0
bin 443365 443809 1 2253830949155827617993684 1 2253830949155827617993684 0 0
bin 443809 444253 1 2252856058267869091040166 1 2252856058267869091040166 0 0
bin 446929 447376 1 2237131460556016653206592 1 2237131460556016653206592 0 0
bin 447824 448272 1 2232935349822816579991559 1 2232935349822816579991559 0 0
bin 448272 448721 1 2229351191922614761425982 1 2229351191922614761425982 0 0
bin 450972 451423 1 2216307144709342399507093 0 0 1 2216307144709342399507093
bin 451423 451875 1 2215128887274306055497839 1 2215128887274306055497839 0 0
bin 454596 455051 1 2199692482990877875273036 1 2199692482990877875273036 0 0
bin 458708 459167 1 2178986291997237045381747 1 2178986291997237045381747 0 0
bin 461933 462395 1 2162812174902294959998788 1 2162812174902294959998788 0 0
bin 463785 464249 1 2155874002099821278045225 1 2155874002099821278045225 0 0
bin 465179 465645 1 2148093888887695503395062 1 2148093888887695503395062 0 0
bin 465645 466111 1 2147208307119498583916121 1 2147208307119498583916121 0 0
bin 469387 469857 1 2129648757030502959146947 1 2129648757030502959146947 0 0
bin 469857 470327 1 2127256753508378200723692 1 2127256753508378200723692 0 0
bin 470798 471269 1 2122056442457256478107804 1 2122056442457256478107804 0 0
bin 471741 472213 1 2119681454271052146283456 1 2119681454271052146283456 0 0
bin 473633 474107 2 4219507271366285694558077 2 4219507271366285694558077 0 0
bin 474582 475057 1 2106287478752825058080877 1 2106287478752825058080877 0 0
bin 476963 477440 1 2094640025638393913813941 1 2094640025638393913813941 0 0
bin 480795 481276 1 2078963179483128174316904 1 2078963179483128174316904 0 0
bin 481758 482240 1 2075338954734782058279668 1 2075338954734782058279668 0 0
bin 482240 482723 1 2071727344107696674256094 1 2071727344107696674256094 0 0
bin 483206 483690 1 2069155308728317838808663 1 2069155308728317838808663 0 0
bin 484174 484659 1 2065258023011104892389730 1 2065258023011104892389730 0 0
bin 486603 487090 1 2054565141015078453569909 1 2054565141015078453569909 0 0
bin 488066 488555 1 2047497855245996629818530 1 2047497855245996629818530 0 0
bin 489044 489534 1 2043982413575313598001802 1 2043982413575313598001802 0 0
bin 492975 493468 1 2027373598324578458344568 1 2027373598324578458344568 0 0
bin 496438 496935 1 2013656619191355774865135 1 2013656619191355774865135 0 0
bin 498927 499426 1 2002719693343560555234007 1 2002719693343560555234007 0 0
bin 499426 499926 1 2000796316934139787635478 1 2000796316934139787635478 0 0
bin 500426 500927 1 1996769227390082845955244 1 1996769227390082845955244 0 0
bin 501428 501930 1 1993616440158612123979019 1 1993616440158612123979019 0 0
bin 502432 502935 1 1990283436264158378794724 1 1990283436264158378794724 0 0
bin 503942 504446 1 1984123047374906002170630 1 1984123047374906002170630 0 0
bin 504951 505456 1 1979692316220213054487071 1 1979692316220213054487071 0 0
bin 506975 507482 1 1972195981059029797909077 1 1972195981059029797909077 0 0
bin 512073 512586 1 1951139563061806247939108 1 1951139563061806247939108 0 0
bin 513099 513613 1 1947309694291851093122296 1 1947309694291851093122296 0 0
bin 513613 514127 1 1946400035813760658973196 1 1946400035813760658973196 0 0
bin 514642 515157 1 1941412066652559072315658 1 1941412066652559072315658 0 0
bin 515673 516189 1 1938882544434340712074003 1 1938882544434340712074003 0 0
bin 517223 517741 2 3863472656982661483152319 2 3863472656982661483152319 0 0
bin 519817 520337 1 1922599970391960455963808 1 1922599970391960455963808 0 0
bin 520858 521379 1 1918792849042810187254994 1 1918792849042810187254994 0 0
bin 524517 525042 1 1904758276650901617330252 1 1904758276650901617330252 0 0
bin 525042 525568 1 1902844562336236439853937 1 1902844562336236439853937 0 0
bin 526621 527148 1 1898682504210328453086403 1 1898682504210328453086403 0 0
bin 529262 529792 1 1888613361184085032927973 1 1888613361184085032927973 0 0
bin 529792 530322 1 1886048709093961060638352 1 1886048709093961060638352 0 0
bin 530322 530853 1 1885365977816783905007720 1 1885365977816783905007720 0 0
bin 531916 532448 2 3758487324894581993629953 2 3758487324894581993629953 0 0
bin 536190 536727 1 1864110101799052659246265 1 1864110101799052659246265 0 0
bin 538340 538879 1 1856799879679367796776966 1 1856799879679367796776966 0 0
bin 539418 539958 1 1853743356647245615433525 1 1853743356647245615433525 0 0
bin 543753 544297 1 1838772729529402895331539 1 1838772729529402895331539 0 0
bin 545933 546479 1 1831498477109016283852959 1 1831498477109016283852959 0 0
bin 546479 547026 1 1828685120537779720247750 1 1828685120537779720247750 0 0
bin 547026 547574 1 1826921144602635516443203 1 1826921144602635516443203 0 0
bin 547574 548122 1 1825320480643388963017181 1 1825320480643388963017181 0 0
bin 549220 549770 2 3639242030924680754455664 2 3639242030924680754455664 0 0
bin 550320 550871 1 1816566725220667442946180 1 1816566725220667442946180 0 0
bin 552526 553079 1 1808838345925862951553882 1 1808838345925862951553882 0 0
bin 553633 554187 1 1805311587753488313315436 1 1805311587753488313315436 0 0
bin 555297 555853 1 1800630580829406458141641 1 1800630580829406458141641 0 0
bin 556409 556966 1 1796593299784947782015741 1 1796593299784947782015741 0 0
bin 556966 557523 1 1795199994255360018382847 1 1795199994255360018382847 0 0
bin 560319 560880 1 1783672617593076496367550 1 1783672617593076496367550 0 0
bin 561441 562003 1 1779482917853730063118259 1 1779482917853730063118259 0 0
bin 563693 564257 1 1773650296465647054232905 1 1773650296465647054232905 0 0
bin 567086 567654 1 1763292136951373692739291 1 1763292136951373692739291 0 0
bin 567654 568222 1 1760684272335600507781344 1 1760684272335600507781344 0 0
bin 568791 569360 1 1756823943402159839356018 1 1756823943402159839356018 0 0
bin 571071 571643 1 1750329499528286199877126 1 1750329499528286199877126 0 0
bin 572788 573361 1 1745563214699038718337665 1 1745563214699038718337665 0 0
bin 575660 576236 1 1737048996941056716386799 1 1737048996941056716386799 0 0
bin 580866 581447 1 1721262236022920327934881 1 1721262236022920327934881 0 0
bin 582029 582612 1 1717006433623106785781126 1 1717006433623106785781126 0 0
bin 583779 584363 2 3425332114018463679458863 2 3425332114018463679458863 0 0
bin 584363 584948 1 1709960004035505609523793 1 1709960004035505609523793 0 0
bin 585533 586119 2 3414595146747527565066423 2 3414595146747527565066423 0 0
bin 586119 586706 1 1704713020086633515680802 1 1704713020086633515680802 0 0
bin 589648 590238 2 3390629633491899792716342 2 3390629633491899792716342 0 0
bin 594386 594981 1 1680985864589864663828041 1 1680985864589864663828041 0 0
bin 600361 600962 3 4993201259423572985812229 3 4993201259423572985812229 0 0
bin 601563 602165 1 1661215112406120580960149 1 1661215112406120580960149 0 0
bin 605184 605790 1 1651143168973038483193839 1 1651143168973038483193839 0 0
bin 608219 608828 1 1643328660802174452483973 1 1643328660802174452483973 0 0
bin 608828 609437 1 1641063343403992050689164 1 1641063343403992050689164 0 0
bin 610658 611269 1 1637194438123054808358205 1 1637194438123054808358205 0 0
bin 611881 612493 2 3266559821187500525335879 2 3266559821187500525335879 0 0
bin 616180 616797 1 1621457722922061391632305 1 1621457722922061391632305 0 0
bin 617414 618032 1 1618748998399057240583332 1 1618748998399057240583332 0 0
bin 619890 620510 1 1613108767084838229387292 1 1613108767084838229387292 0 0
bin 620510 621131 1 1610490088238751934601218 1 1610490088238751934601218 0 0
bin 621131 621753 1 1608438511808351334441011 1 1608438511808351334441011 0 0
bin 622375 622998 1 1606268301419459297964376 1 1606268301419459297964376 0 0
bin 622998 623621 1 1604103939518865064380711 1 1604103939518865064380711 0 0
bin 624245 624870 1 1600899064914856183232503 1 1600899064914856183232503 0 0
bin 626748 627375 1 1594466563238935597901044 1 1594466563238935597901044 0 0
bin 628632 629261 1 1590631814863181804444543 1 1590631814863181804444543 0 0
bin 629261 629891 1 1589115196549713085251262 1 1589115196549713085251262 0 0
bin 630521 631152 1 1585969876088173581230998 1 1585969876088173581230998 0 0
bin 633049 633683 1 1578160779863930977560131 1 1578160779863930977560131 0 0
bin 637497 638135 1 1568064177730666160704625 1 1568064177730666160704625 0 0
bin 640053 640694 1 1561892326266811818526854 1 1561892326266811818526854 0 0
bin 645195 645841 1 1548829162594536660011864 1 1548829162594536660011864 0 0
bin 648430 649079 1 1541665831597674551259618 1 1541665831597674551259618 0 0
bin 649729 650379 1 1537683234178392782729972 1 1537683234178392782729972 0 0
bin 652334 652987 1 1532874799385010630486733 1 1532874799385010630486733 0 0
bin 654294 654949 1 1526976327285998085171685 1 1526976327285998085171685 0 0
bin 654949 655604 1 1525411060145432690474265 1 1525411060145432690474265 0 0
bin 658232 658891 1 1518185586042408996160508 1 1518185586042408996160508 0 0
bin 659550 660210 1 1516141601561019392967225 1 1516141601561019392967225 0 0
bin 660210 660871 1 1513938070849273839604317 1 1513938070849273839604317 0 0
bin 662194 662857 1 1509933094864566551056122 1 1509933094864566551056122 0 0
bin 663520 664184 2 3013042173654328847465966 2 3013042173654328847465966 0 0
bin 666180 666847 1 1500039751053402915177252 1 1500039751053402915177252 0 0
bin 670190 670861 1 1490648417154978243986351 1 1490648417154978243986351 0 0
bin 671532 672204 1 1487721093951074804104324 1 1487721093951074804104324 0 0
bin 672877 673550 1 1485440455376626000258466 1 1485440455376626000258466 0 0
bin 674899 675574 1 1480426540494847375425807 1 1480426540494847375425807 0 0
bin 678961 679640 1 1471538243071630067057997 1 1471538243071630067057997 0 0
bin 681001 681683 1 1467547390774116573159438 1 1467547390774116573159438 0 0
bin 683732 684416 1 1461729723250711496942792 1 1461729723250711496942792 0 0
bin 685787 686473 1 1456772462338789917386433 1 1456772462338789917386433 0 0
bin 687848 688536 1 1452962517925925064911100 1 1452962517925925064911100 0 0
bin 691296 691988 1 1445753172343898415599098 1 1445753172343898415599098 0 0
bin 692680 693373 1 1442649628012793416901217 1 1442649628012793416901217 0 0
bin 695457 696153 1 1437176006634004446622564 1 1437176006634004446622564 0 0
bin 696153 696850 1 1435294759308245337803798 1 1435294759308245337803798 0 0
bin 698944 699643 2 2860391452151846491557382 2 2860391452151846491557382 0 0
bin 700343 701044 1 1427427447431415679719539 1 1427427447431415679719539 0 0
bin 701044 701746 1 1426352431716943212630636 1 1426352431716943212630636 0 0
bin 702448 703151 1 1423428783722807172372955 1 1423428783722807172372955 0 0
bin 704559 705264 1 1418582580657059079708736 1 1418582580657059079708736 0 0
bin 705264 705970 1 1416894196259682700713689 1 1416894196259682700713689 0 0
bin 706676 707383 1 1414969528631200927088035 1 1414969528631200927088035 0 0
bin 709509 710219 1 1408607436602100797130948 1 1408607436602100797130948 0 0
bin 711641 712353 2 2809048569024873934613712 2 2809048569024873934613712 0 0
bin 713780 714494 1 1400228797385492789521807 1 1400228797385492789521807 0 0
bin 720955 721676 1 1385884214917380512527700 1 1385884214917380512527700 0 0
bin 723121 723845 1 1382114607707500321341646 1 1382114607707500321341646 0 0
bin 723845 724569 1 1380374661290567485827003 1 1380374661290567485827003 0 0
bin 724569 725294 1 1378912837540626219476040 1 1378912837540626219476040 0 0
bin 728202 728931 1 1372101606868191803339420 1 1372101606868191803339420 0 0
bin 731853 732585 1 1365804889308342746005362 1 1365804889308342746005362 0 0
bin 732585 733318 1 1364999501775181852058623 1 1364999501775181852058623 0 0
bin 733318 734052 1 1363346962258466043798884 1 1363346962258466043798884 0 0
bin 738470 739209 1 1353691041678793482248372 1 1353691041678793482248372 0 0
bin 739949 740689 1 1351276483329977663399730 1 1351276483329977663399730 0 0
bin 742172 742915 1 1346473115644536483362304 1 1346473115644536483362304 0 0
bin 745147 745893 1 1341617373408338688622682 1 1341617373408338688622682 0 0
bin 748134 748883 2 2671279119120953011961266 2 2671279119120953011961266 0 0
bin 748883 749632 1 1334399073393283435703982 1 1334399073393283435703982 0 0
bin 751885 752637 2 2659769001771963224766605 2 2659769001771963224766605 0 0
bin 754899 755654 1 1323926394988144239132881 1 1323926394988144239132881 0 0
bin 757167 757925 1 1320653300774827291564591 1 1320653300774827291564591 0 0
bin 757925 758683 1 1318355062022013892825643 1 1318355062022013892825643 0 0
bin 760202 760963 1 1315233960393044516723857 1 1315233960393044516723857 0 0
bin 764778 765543 1 1306777864751104553990180 1 1306777864751104553990180 0 0
bin 767844 768612 1 1302285119699536777182922 1 1302285119699536777182922 0 0
bin 769381 770151 1 1299158535016869573577194 1 1299158535016869573577194 0 0
bin 770151 770922 2 2595565516671852801710643 2 2595565516671852801710643 0 0
bin 774012 774787 1 1290987230845299709140576 1 1290987230845299709140576 0 0
bin 775562 776338 1 1289189757129541654365647 1 1289189757129541654365647 0 0
bin 776338 777115 1 1286999630631106008872575 1 1286999630631106008872575 0 0
bin 780230 781011 1 1280985436476572697844998 1 1280985436476572697844998 0 0
bin 783358 784142 2 2551342714770690101241379 2 2551342714770690101241379 0 0
bin 785712 786498 1 1271874654209078386906813 1 1271874654209078386906813 0 0
bin 787285 788073 1 1269665532008902894710446 1 1269665532008902894710446 0 0
bin 788073 788862 1 1268892219026023710520004 1 1268892219026023710520004 0 0
bin 789651 790441 1 1266269986488899244163445 1 1266269986488899244163445 0 0
bin 790441 791232 1 1264272051117047570764467 1 1264272051117047570764467 0 0
bin 791232 792024 1 1263313747759197239912123 1 1263313747759197239912123 0 0
bin 793610 794404 1 1259190516784379993477393 1 1259190516784379993477393 0 0
bin 794404 795199 2 2516289960348028556105050 2 2516289960348028556105050 0 0
bin 795199 795995 1 1256911441790545763517139 1 1256911441790545763517139 0 0
bin 796791 797588 2 2509205832492625447013541 2 2509205832492625447013541 0 0
bin 797588 798386 1 1252942849517804944363072 1 1252942849517804944363072 0 0
bin 804799 805604 1 1241851899226202081592153 1 1241851899226202081592153 0 0
bin 806410 807217 1 1239893319578783441472695 1 1239893319578783441472695 0 0
bin 808025 808834 1 1237058818435640159382658 1 1237058818435640159382658 0 0
bin 811264 812076 1 1232193267049550187847863 1 1232193267049550187847863 0 0
bin 812889 813702 1 1229829262803444997730965 1 1229829262803444997730965 0 0
bin 816147 816964 1 1224228460618406764596781 1 1224228460618406764596781 0 0
bin 818599 819418 2 2442035568681827635662069 2 2442035568681827635662069 0 0
bin 820238 821059 1 1218500245527799473851593 1 1218500245527799473851593 0 0
bin 821059 821881 1 1217716805344315515295131 1 1217716805344315515295131 0 0
bin 822703 823526 1 1215478880446712798141775 1 1215478880446712798141775 0 0
bin 823526 824350 1 1213991494775587602233258 1 1213991494775587602233258 0 0
bin 824350 825175 1 1212049223743074653747838 1 1212049223743074653747838 0 0
bin 825175 826001 1 1210816465650953094180937 1 1210816465650953094180937 0 0
bin 826828 827655 1 1209410666276430158348138 1 1209410666276430158348138 0 0
bin 829312 830142 1 1204759764879084286197910 1 1204759764879084286197910 0 0
bin 830142 830973 1 1204167865817166376261516 1 1204167865817166376261516 0 0
bin 830973 831804 1 1202256876608769983012110 1 1202256876608769983012110 0 0
bin 831804 832636 1 1201736749951029227439495 1 1201736749951029227439495 0 0
bin 840164 841005 1 1189285489170960978353814 1 1189285489170960978353814 0 0
bin 841005 841847 2 2376468368313656463767892 2 2376468368313656463767892 0 0
bin 841847 842689 2 2374267768239192796754253 2 2374267768239192796754253 0 0
bin 843532 844376 2 2369710737732696259840748 2 2369710737732696259840748 0 0
bin 845221 846067 1 1182199387384277457467421 1 1182199387384277457467421 0 0
bin 846914 847761 1 1179622261359467471326331 1 1179622261359467471326331 0 0
bin 848609 849458 1 1178187970465183956378768 1 1178187970465183956378768 0 0
bin 849458 850308 1 1177023096724227019506803 1 1177023096724227019506803 0 0
bin 850308 851159 1 1175031520220529915714989 1 1175031520220529915714989 0 0
bin 851159 852011 2 2348506722145131742907135 2 2348506722145131742907135 0 0
bin 852011 852864 1 1173310930916625698559995 1 1173310930916625698559995 0 0
bin 853717 854571 1 1170180523749398819755923 1 1170180523749398819755923 0 0
bin 855426 856282 1 1167884575631621175615971 1 1167884575631621175615971 0 0
bin 856282 857139 1 1166903353563547806280040 1 1166903353563547806280040 0 0
bin 857997 858855 2 2329859682802721594352851 2 2329859682802721594352851 0 0
bin 858855 859714 2 2326541774229469383637320 2 2326541774229469383637320 0 0
bin 859714 860574 1 1162994897941382731153958 1 1162994897941382731153958 0 0
bin 863160 864024 1 1157888520808993551718827 1 1157888520808993551718827 0 0
bin 864024 864889 1 1156924016701355105100762 1 1156924016701355105100762 0 0
bin 866620 867487 1 1152858686040841171811682 1 1152858686040841171811682 0 0
bin 869224 870094 1 1150058480473732089276739 1 1150058480473732089276739 0 0
bin 871836 872708 2 2293407029882862115336516 2 2293407029882862115336516 0 0
bin 875330 876206 1 1141394852994049908631342 1 1141394852994049908631342 0 0
bin 877083 877961 1 1139833652676728358263395 1 1139833652676728358263395 0 0
bin 877961 878839 2 2276957981555105801586619 2 2276957981555105801586619 0 0
bin 878839 879718 1 1136817071354597117713997 1 1136817071354597117713997 0 0
bin 885013 885899 1 1128809591269335097286454 1 1128809591269335097286454 0 0
bin 887672 888560 1 1126124857967502288848773 1 1126124857967502288848773 0 0
bin 890339 891230 1 1122635589119864924485917 1 1122635589119864924485917 0 0
bin 892122 893015 1 1120311356932318629993647 1 1120311356932318629993647 0 0
bin 893015 893909 1 1119468565882404305028316 1 1119468565882404305028316 0 0
bin 893909 894803 2 2236323922656389722979473 2 2236323922656389722979473 0 0
bin 895698 896594 2 2232040881479504630311579 2 2232040881479504630311579 0 0
bin 897491 898389 1 1114021181998754524318525 1 1114021181998754524318525 0 0
bin 898389 899288 1 1112444808831921826278393 1 1112444808831921826278393 0 0
bin 901991 902893 1 1108007459106214703037380 1 1108007459106214703037380 0 0
bin 903796 904700 2 2212338075431788607387381 2 2212338075431788607387381 0 0
bin 905605 906511 1 1103167082376795542322453 1 1103167082376795542322453 0 0
bin 910145 911056 1 1097876816025488308160847 1 1097876816025488308160847 0 0
bin 911056 911968 2 2194452880935617633081466 2 2194452880935617633081466 0 0
bin 911968 912880 1 1095999710656076386795833 1 1095999710656076386795833 0 0
bin 912880 913793 1 1094761456952337370448666 1 1094761456952337370448666 0 0
bin 920212 921133 1 1085775151167045421231898 1 1085775151167045421231898 0 0
bin 922055 922978 1 1084221220160876744647470 1 1084221220160876744647470 0 0
bin 923901 924825 1 1081828419848955116020688 1 1081828419848955116020688 0 0
bin 924825 925750 1 1080649989355597604847363 1 1080649989355597604847363 0 0
bin 926676 927603 1 1079110683303675774720537 1 1079110683303675774720537 0 0
bin 931321 932253 1 1073052329542954821277769 1 1073052329542954821277769 0 0
bin 933186 934120 1 1071534576813491906163574 1 1071534576813491906163574 0 0
bin 940681 941622 2 2125251876754308978243524 2 2125251876754308978243524 0 0
bin 943507 944451 3 3177585874920998051351413 3 3177585874920998051351413 0 0
bin 945396 946342 1 1057126033737120240686455 1 1057126033737120240686455 0 0
bin 946342 947289 1 1056000777216572031397015 1 1056000777216572031397015 0 0
bin 949186 950136 1 1052586151545038582545384 1 1052586151545038582545384 0 0
bin 950136 951087 3 3156642146338488740331065 3 3156642146338488740331065 0 0
bin 953945 954899 1 1047768828667793367413760 1 1047768828667793367413760 0 0
bin 957767 958725 1 1043962296257708356604992 1 1043962296257708356604992 0 0
bin 960644 961605 1 1040624957724611092437674 1 1040624957724611092437674 0 0
bin 966425 967392 1 1033911255261315900211021 1 1033911255261315900211021 0 0
bin 968360 969329 1 1031939561363770046715903 1 1031939561363770046715903 0 0
bin 969329 970299 1 1031224444969223106439893 1 1031224444969223106439893 0 0
bin 971270 972242 1 1029262975661018414543897 1 1029262975661018414543897 0 0
bin 972242 973215 1 1028373863261240897605842 1 1028373863261240897605842 0 0
bin 976140 977117 1 1024202939667277433019688 1 1024202939667277433019688 0 0
bin 979074 980054 1 1020440442503793487345007 1 1020440442503793487345007 0 0
bin 981035 982017 1 1019067777178792384302687 1 1019067777178792384302687 0 0
bin 983983 984967 1 1015763635864988760575369 1 1015763635864988760575369 0 0
bin 987925 988913 1 1011276747005862371302392 1 1011276747005862371302392 0 0
bin 988913 989902 1 1010467432129428752446594 1 1010467432129428752446594 0 0
bin 989902 990892 1 1009194773582106572986479 1 1009194773582106572986479 0 0
bin 992875 993868 1 1007048331270562668114130 1 1007048331270562668114130 0 0
bin 993868 994862 1 1005784265309796640479397 1 1005784265309796640479397 0 0
bin 998848 999847 1 1000231053373329239054221 1 1000231053373329239054221 0 0
bin 999847 1000847 1 999391370655270939997541 1 999391370655270939997541 0 0
bin 1004857 1005862 1 994548877601864182416176 1 994548877601864182416176 0 0
bin 1006868 1007875 1 992889915316419122662613 1 992889915316419122662613 0 0
bin 1008883 1009892 1 990717963400896996044063 1 990717963400896996044063 0 0
bin 1009892 1010902 1 989236121759138810601841 1 989236121759138810601841 0 0
bin 1011913 1012925 1 987665051175864626677425 1 987665051175864626677425 0 0
bin 1012925 1013938 1 986776211983212963081741 1 986776211983212963081741 0 0
bin 1015967 1016983 2 1967216472348003172608000 2 1967216472348003172608000 0 0
bin 1019018 1020038 1 981153031419463525145480 1 981153031419463525145480 0 0
bin 1024128 1025153 1 976256466478769838751719 1 976256466478769838751719 0 0
bin 1026179 1027206 1 974202152791917239578716 1 974202152791917239578716 0 0
bin 1027206 1028234 1 973405585985295735218106 1 973405585985295735218106 0 0
bin 1028234 1029263 1 972451423620261608881982 1 972451423620261608881982 0 0
bin 1031324 1032356 1 969171619941287583263956 1 969171619941287583263956 0 0
bin 1034423 1035458 1 965958651173977846704293 1 965958651173977846704293 0 0
bin 1036494 1037531 1 964237399104609151191459 1 964237399104609151191459 0 0
bin 1039608 1040648 1 961611507027937699113682 1 961611507027937699113682 0 0
bin 1040648 1041689 1 960503149970080326878431 1 960503149970080326878431 0 0
bin 1043774 1044818 1 957589326326333036161445 1 957589326326333036161445 0 0
bin 1044818 1045863 1 956204861154273136093769 1 956204861154273136093769 0 0
bin 1047956 1049004 1 953644304025618700583344 1 953644304025618700583344 0 0
bin 1051105 1052157 1 950533296706116966924292 1 950533296706116966924292 0 0
bin 1053210 1054264 2 1898532920766076312949268 2 1898532920766076312949268 0 0
bin 1055319 1056375 1 946818170198140638477364 1 946818170198140638477364 0 0
bin 1057432 1058490 1 945464653331202886314493 1 945464653331202886314493 0 0
bin 1063795 1064859 2 1879478485124136171927661 2 1879478485124136171927661 0 0
bin 1070196 1071267 1 933978027232931318057811 1 933978027232931318057811 0 0
bin 1071267 1072339 2 1865802189781688423330003 1 932974200464434556991195 1 932827989317253866338808
bin 1074486 1075561 1 930536389090763588855523 1 930536389090763588855523 0 0
bin 1077714 1078792 2 1855210127805694001808468 1 927636040144377273288070 1 927574087661316728520398
bin 1080951 1082032 2 1849445861833865753216721 2 1849445861833865753216721 0 0
bin 1082032 1083115 1 923564849491254302657742 1 923564849491254302657742 0 0
bin 1083115 1084199 1 923114699770790620046912 1 923114699770790620046912 0 0
bin 1089634 1090724 1 917565039303898458582490 1 917565039303898458582490 0 0
bin 1092907 1094000 1 914945729994025404383139 1 914945729994025404383139 0 0
bin 1094000 1095094 1 913401333017905406331149 1 913401333017905406331149 0 0
bin 1096190 1097287 2 1823405241238720418159008 2 1823405241238720418159008 0 0
bin 1098385 1099484 1 909851048284885281430577 1 909851048284885281430577 0 0
bin 1099484 1100584 1 909017361322583900029906 1 909017361322583900029906 0 0
bin 1100584 1101685 1 907927935943868263288206 1 907927935943868263288206 0 0
bin 1101685 1102787 1 907275533228512766727665 1 907275533228512766727665 0 0
bin 1102787 1103890 2 1812972017380460311564931 2 1812972017380460311564931 0 0
bin 1108314 1109423 1 901582367212695000996248 1 901582367212695000996248 0 0
bin 1109423 1110533 1 901094920437823999942329 1 901094920437823999942329 0 0
bin 1118333 1119452 1 893999386716420712535391 1 893999386716420712535391 0 0
bin 1126188 1127315 1 887090264095642523913735 1 887090264095642523913735 0 0
bin 1128443 1129572 1 885356121219418692877929 1 885356121219418692877929 0 0
bin 1130702 1131833 1 884322639809198547234767 1 884322639809198547234767 0 0
bin 1134098 1135233 2 1762790358989859529422243 2 1762790358989859529422243 0 0
bin 1135233 1136369 1 880249920557444669690618 1 880249920557444669690618 0 0
bin 1137506 1138644 1 878820341878689397647749 1 878820341878689397647749 0 0
bin 1138644 1139783 1 877709599246574080006740 1 877709599246574080006740 0 0
bin 1140923 1142064 1 876417276287917097937001 1 876417276287917097937001 0 0
bin 1143207 1144351 1 874063986728212425518822 1 874063986728212425518822 0 0
bin 1144351 1145496 1 873789037617491858470641 1 873789037617491858470641 0 0
bin 1146642 1147789 1 871504504371030841672905 1 871504504371030841672905 0 0
bin 1147789 1148937 1 871103662206906284054708 1 871103662206906284054708 0 0
bin 1148937 1150086 1 869503974067913477398548 1 869503974067913477398548 0 0
bin 1150086 1151237 2 1738119534338210015550627 2 1738119534338210015550627 0 0
bin 1152389 1153542 2 1734537885251642822495825 2 1734537885251642822495825 0 0
bin 1153542 1154696 1 866790733313628290662670 1 866790733313628290662670 0 0
bin 1154696 1155851 1 865800116190375592748404 1 865800116190375592748404 0 0
bin 1155851 1157007 1 865081088375818907385283 1 865081088375818907385283 0 0
bin 1157007 1158165 2 1727973794980166881074000 2 1727973794980166881074000 0 0
bin 1158165 1159324 1 863199310131111343215814 1 863199310131111343215814 0 0
bin 1159324 1160484 1 862038496915195238788973 1 862038496915195238788973 0 0
bin 1160484 1161645 2 1722348768668996826743502 2 1722348768668996826743502 0 0
bin 1163970 1165134 1 858804767053500960573131 1 858804767053500960573131 0 0
bin 1165134 1166300 1 857691044247423281680319 1 857691044247423281680319 0 0
bin 1166300 1167467 1 856950165777009569562501 1 856950165777009569562501 0 0
bin 1168635 1169804 1 855226416917746888900101 1 855226416917746888900101 0 0
bin 1169804 1170974 1 854840405570482018859489 1 854840405570482018859489 0 0
bin 1170974 1172145 1 853299838470340577564528 1 853299838470340577564528 0 0
bin 1173318 1174492 1 852165480310290494690582 1 852165480310290494690582 0 0
bin 1176843 1178020 2 1698512468203847624788510 2 1698512468203847624788510 0 0
bin 1179199 1180379 1 847709784859733700448184 0 0 1 847709784859733700448184
bin 1185109 1186295 1 842993334451704490372594 1 842993334451704490372594 0 0
bin 1186295 1187482 1 842856914081694749254282 1 842856914081694749254282 0 0
bin 1187482 1188670 1 841920217956306024528503 1 841920217956306024528503 0 0
bin 1189859 1191049 1 839765235230838866686429 1 839765235230838866686429 0 0
bin 1194628 1195823 2 1673459669600739632985208 2 1673459669600739632985208 0 0
bin 1197019 1198217 1 834584514618165065794470 1 834584514618165065794470 0 0
bin 1200616 1201817 3 2496935092865788790400104 3 2496935092865788790400104 0 0
bin 1201817 1203019 3 2494808926245092742967160 3 2494808926245092742967160 0 0
bin 1204223 1205428 1 830095270034141818456504 1 830095270034141818456504 0 0
bin 1205428 1206634 1 828823840952020216671128 1 828823840952020216671128 0 0
bin 1206634 1207841 1 828197816704915602501488 1 828197816704915602501488 0 0
bin 1207841 1209049 1 827753584379958761316426 1 827753584379958761316426 0 0
bin 1209049 1210259 1 827047086271762710266383 1 827047086271762710266383 0 0
bin 1210259 1211470 1 826030535044758464541400 1 826030535044758464541400 0 0
bin 1211470 1212682 2 1649641075097765316542752 2 1649641075097765316542752 0 0
bin 1212682 1213895 1 824347261229876652919302 0 0 1 824347261229876652919302
bin 1215109 1216325 1 822524673683898832755235 1 822524673683898832755235 0 0
bin 1216325 1217542 1 821470613121021515136828 1 821470613121021515136828 0 0
bin 1219979 1221199 1 819644585714742373412041 1 819644585714742373412041 0 0
bin 1222421 1223644 1 817553862492345651962415 1 817553862492345651962415 0 0
bin 1224868 1226093 1 815761158185061944823546 1 815761158185061944823546 0 0
bin 1227320 1228548 1 814485461027277932575264 1 814485461027277932575264 0 0
bin 1231007 1232239 1 812262565498822625411309 1 812262565498822625411309 0 0
bin 1232239 1233472 2 1622295720245324572233000 2 1622295720245324572233000 0 0
bin 1235941 1237177 1 808746757936434122319712 1 808746757936434122319712 0 0
bin 1238415 1239654 2 1614563441674599990832290 2 1614563441674599990832290 0 0
bin 1239654 1240894 1 806445759667873378338383 1 806445759667873378338383 0 0
bin 1244622 1245867 1 802747966840086985769686 1 802747966840086985769686 0 0
bin 1245867 1247113 1 802407865522861001292679 1 802407865522861001292679 0 0
bin 1247113 1248361 1 801666825663920423344217 1 801666825663920423344217 0 0
bin 1250860 1252111 3 2397589158750137530873099 3 2397589158750137530873099 0 0
bin 1252111 1253364 1 798257244783189341030661 1 798257244783189341030661 0 0
bin 1254618 1255873 1 796761324567896414653715 1 796761324567896414653715 0 0
bin 1255873 1257129 1 796076299136814468845952 1 796076299136814468845952 0 0
bin 1259646 1260906 1 793544357939292269528928 1 793544357939292269528928 0 0
bin 1262167 1263430 1 791840244646961986125375 1 791840244646961986125375 0 0
bin 1263430 1264694 1 790788265651083656699834 1 790788265651083656699834 0 0
bin 1265959 1267225 2 1578999355106899711772056 2 1578999355106899711772056 0 0
bin 1269762 1271032 1 787276974274150311643590 1 787276974274150311643590 0 0
bin 1271032 1272304 2 1572637455420432243695158 2 1572637455420432243695158 0 0
bin 1272304 1273577 1 785199923678567418443246 1 785199923678567418443246 0 0
bin 1274851 1276126 1 784239299642935846872571 1 784239299642935846872571 0 0
bin 1277403 1278681 2 1564723787902789701945442 2 1564723787902789701945442 0 0
bin 1279960 1281240 1 781151745756979004984529 1 781151745756979004984529 0 0
bin 1281240 1282522 1 780025725248418692848490 1 780025725248418692848490 0 0
bin 1282522 1283805 1 779617067688692667935363 1 779617067688692667935363 0 0
bin 1283805 1285089 1 778888386073164101657396 1 778888386073164101657396 0 0
bin 1287662 1288950 2 1552379452766333410019843 2 1552379452766333410019843 0 0
bin 1288950 1290239 1 775553919998510936473602 1 775553919998510936473602 0 0
bin 1291530 1292822 1 773825506991126542911332 1 773825506991126542911332 0 0
bin 1295410 1296706 1 771361507055258024280917 1 771361507055258024280917 0 0
bin 1298003 1299302 1 769722799728133907136023 1 769722799728133907136023 0 0
bin 1299302 1300602 1 769324863579468565770736 1 769324863579468565770736 0 0
bin 1301903 1303205 1 767383735608677268328768 1 767383735608677268328768 0 0
bin 1303205 1304509 1 766748274241321751345068 1 766748274241321751345068 0 0
bin 1312359 1313672 1 761660450247958559578222 1 761660450247958559578222 0 0
bin 1313672 1314986 1 760589883089729070277744 1 760589883089729070277744 0 0
bin 1317618 1318936 1 758582028129738767106972 1 758582028129738767106972 0 0
bin 1321576 1322898 4 3025254288086620268179723 4 3025254288086620268179723 0 0
bin 1322898 1324221 3 2267174475782292356903207 3 2267174475782292356903207 0 0
bin 1325546 1326872 1 753778881980086669495850 1 753778881980086669495850 0 0
bin 1326872 1328199 1 753261055424195197056858 1 753261055424195197056858 0 0
bin 1328199 1329528 1 752309024473364875143032 1 752309024473364875143032 0 0
bin 1330858 1332189 2 1501811595435359568610739 2 1501811595435359568610739 0 0
bin 1332189 1333522 1 750317571912311886005751 1 750317571912311886005751 0 0
bin 1334856 1336191 1 748565187676521028318969 1 748565187676521028318969 0 0
bin 1336191 1337528 1 748094789594599952570790 1 748094789594599952570790 0 0
bin 1337528 1338866 1 747115573549419080285786 1 747115573549419080285786 0 0
bin 1340205 1341546 1 746085476028646697937595 0 0 1 746085476028646697937595
bin 1348269 1349618 1 741069556047461058647503 1 741069556047461058647503 0 0
bin 1349618 1350968 1 740740192044302189405785 1 740740192044302189405785 0 0
bin 1350968 1352319 1 740056051845366768079014 1 740056051845366768079014 0 0
bin 1352319 1353672 1 739360054298602387689359 1 739360054298602387689359 0 0
bin 1353672 1355026 1 738508257630082690769606 1 738508257630082690769606 0 0
bin 1357739 1359097 2 1472423553883154987991334 2 1472423553883154987991334 0 0
bin 1360457 1361818 1 734796509128744431160956 1 734796509128744431160956 0 0
bin 1367275 1368643 1 731250196523490315688022 1 731250196523490315688022 0 0
bin 1368643 1370012 1 730263354873668090923629 1 730263354873668090923629 0 0
bin 1370012 1371383 1 729751760343683889051461 1 729751760343683889051461 0 0
bin 1371383 1372755 1 728947450907211550026570 1 728947450907211550026570 0 0
bin 1372755 1374128 2 1456340886044031521707707 2 1456340886044031521707707 0 0
bin 1375503 1376879 1 726950754175059918915912 1 726950754175059918915912 0 0
bin 1376879 1378256 2 1451521065867639884989762 2 1451521065867639884989762 0 0
bin 1378256 1379635 1 725457237560403383242373 1 725457237560403383242373 0 0
bin 1379635 1381015 1 724485959099869664975957 1 724485959099869664975957 0 0
bin 1386550 1387937 1 720626714641189149379432 1 720626714641189149379432 0 0
bin 1389325 1390715 1 719171456947879487000616 1 719171456947879487000616 0 0
bin 1392106 1393499 1 717932297548476583561217 1 717932297548476583561217 0 0
bin 1393499 1394893 2 1434925082436353420601227 2 1434925082436353420601227 0 0
bin 1397685 1399083 3 2145589849131632587441904 3 2145589849131632587441904 0 0
bin 1400483 1401884 2 1427098460032126332897014 2 1427098460032126332897014 0 0
bin 1401884 1403286 2 1426060625252970239915477 2 1426060625252970239915477 0 0
bin 1403286 1404690 1 711921625972039990061574 1 711921625972039990061574 0 0
bin 1406095 1407502 1 711156119391733947961862 1 711156119391733947961862 0 0
bin 1408910 1410319 1 709195212364960366625556 1 709195212364960366625556 0 0
bin 1413142 1414556 1 707269099625218104108596 1 707269099625218104108596 0 0
bin 1414556 1415971 1 706429711303369881651830 1 706429711303369881651830 0 0
bin 1418805 1420224 1 704244694044413895874605 1 704244694044413895874605 0 0
bin 1423067 1424491 1 702582200360986734545474 1 702582200360986734545474 0 0
bin 1424491 1425916 2 1403283383711530012402562 2 1403283383711530012402562 0 0
bin 1425916 1427342 1 701021879593884004713671 1 701021879593884004713671 0 0
bin 1430199 1431630 3 2096903525544586578530471 3 2096903525544586578530471 0 0
bin 1431630 1433062 2 1395785442450653186772870 2 1395785442450653186772870 0 0
bin 1434496 1435931 1 696859740949359899484950 1 696859740949359899484950 0 0
bin 1438805 1440244 1 694501837304610589347314 1 694501837304610589347314 0 0
bin 1441685 1443127 1 693611628815124062843988 1 693611628815124062843988 0 0
bin 1443127 1444571 1 692401379540508596509327 1 692401379540508596509327 0 0
bin 1444571 1446016 2 1383561315028738476756168 2 1383561315028738476756168 0 0
bin 1448911 1450360 2 1379518815497616970385882 2 1379518815497616970385882 0 0
bin 1450360 1451811 2 1378127159035975978775539 2 1378127159035975978775539 0 0
bin 1453263 1454717 2 1375738297837192266093532 2 1375738297837192266093532 0 0
bin 1457629 1459087 1 685588450851192341154297 1 685588450851192341154297 0 0
bin 1459087 1460547 1 684799706357885913738520 1 684799706357885913738520 0 0
bin 1460547 1462008 1 684102618129129841992818 1 684102618129129841992818 0 0
bin 1463471 1464935 2 1366175333561648566662495 2 1366175333561648566662495 0 0
bin 1464935 1466400 1 682612028579600412570710 1 682612028579600412570710 0 0
bin 1469335 1470805 1 680493847995367197882847 1 680493847995367197882847 0 0
bin 1472276 1473749 1 679029992075719992476347 1 679029992075719992476347 0 0
bin 1473749 1475223 1 678201058129290893319651 1 678201058129290893319651 0 0
bin 1478176 1479655 2 1352439708690892945551895 2 1352439708690892945551895 0 0
bin 1479655 1481135 1 675200754064202138900948 1 675200754064202138900948 0 0
bin 1481135 1482617 1 674708745102457896487533 1 674708745102457896487533 0 0
bin 1485585 1487071 1 672910830567109060677042 1 672910830567109060677042 0 0
bin 1487071 1488559 1 672205189289620278010622 1 672205189289620278010622 0 0
bin 1490048 1491539 1 670992780788671494683388 1 670992780788671494683388 0 0
bin 1491539 1493031 2 1340065078965128830532764 2 1340065078965128830532764 0 0
bin 1494525 1496020 1 668752729347076647756568 1 668752729347076647756568 0 0
bin 1497517 1499015 2 1334987933171437797153210 2 1334987933171437797153210 0 0
bin 1499015 1500515 2 1333364561999908753948127 2 1333364561999908753948127 0 0
bin 1500515 1502016 1 666058777022837157287782 1 666058777022837157287782 0 0
bin 1503519 1505023 1 664539696611046909192644 1 664539696611046909192644 0 0
bin 1506529 1508036 1 663724596770714346871766 1 663724596770714346871766 0 0
bin 1511055 1512567 3 1984377764514303566331978 3 1984377764514303566331978 0 0
bin 1515595 1517111 1 659752025603656609626705 1 659752025603656609626705 0 0
bin 1517111 1518629 2 1317709715477343276562270 2 1317709715477343276562270 0 0
bin 1520148 1521669 2 1315317874799676067418541 2 1315317874799676067418541 0 0
bin 1521669 1523191 1 656922750483002452292627 1 656922750483002452292627 0 0
bin 1524715 1526240 1 655321307313582386011773 1 655321307313582386011773 0 0
bin 1526240 1527767 1 654754928504035582001834 1 654754928504035582001834 0 0
bin 1527767 1529295 1 653984169659189229665506 1 653984169659189229665506 0 0
bin 1532356 1533889 1 651958058234197677595004 1 651958058234197677595004 0 0
bin 1535423 1536959 2 1301940213133807045143324 2 1301940213133807045143324 0 0
bin 1536959 1538496 1 650380700342945743290835 1 650380700342945743290835 0 0
bin 1538496 1540035 1 649346854466434936419202 1 649346854466434936419202 0 0
bin 1543118 1544662 2 1295383069423844819476854 2 1295383069423844819476854 0 0
bin 1544662 1546207 2 1294206129315966453279530 2 1294206129315966453279530 0 0
bin 1547754 1549302 1 645944341559865152659255 1 645944341559865152659255 0 0
bin 1550852 1552403 1 644744909900122566007372 1 644744909900122566007372 0 0
bin 1553956 1555510 1 643033471821308714582520 1 643033471821308714582520 0 0
bin 1557066 1558624 1 641617492032714792683764 1 641617492032714792683764 0 0
bin 1561744 1563306 1 640168389893277527720891 1 640168389893277527720891 0 0
bin 1563306 1564870 2 1278863262295836545674858 2 1278863262295836545674858 0 0
bin 1564870 1566435 3 1916373446367725913707855 3 1916373446367725913707855 0 0
bin 1566435 1568002 1 638207301219167407518975 1 638207301219167407518975 0 0
bin 1568002 1569571 1 637572531845154034335831 1 637572531845154034335831 0 0
bin 1569571 1571141 1 637085106288093707574113 1 637085106288093707574113 0 0
bin 1571141 1572713 1 636229045001116581973976 1 636229045001116581973976 0 0
bin 1572713 1574286 1 635724271126230046999095 1 635724271126230046999095 0 0
bin 1574286 1575861 1 634804153396614843371597 1 634804153396614843371597 0 0
bin 1577437 1579015 1 633838481475119621167416 1 633838481475119621167416 0 0
bin 1579015 1580595 1 633087294507777793956675 1 633087294507777793956675 0 0
bin 1580595 1582176 1 632155606366818405084048 1 632155606366818405084048 0 0
bin 1582176 1583759 1 631504097514336721773819 1 631504097514336721773819 0 0
bin 1583759 1585343 1 631408400636207104481042 1 631408400636207104481042 0 0
bin 1585343 1586929 1 630433946598462119430667 1 630433946598462119430667 0 0
bin 1588516 1590105 1 629072853556243202081476 1 629072853556243202081476 0 0
bin 1590105 1591696 1 628835503549461999784938 1 628835503549461999784938 0 0
bin 1591696 1593288 1 627840586252425819065132 1 627840586252425819065132 0 0
bin 1593288 1594882 1 627018608031230542828819 1 627018608031230542828819 0 0
bin 1594882 1596477 1 626500076119759248550748 1 626500076119759248550748 0 0
bin 1598074 1599673 2 1250762238431291558928284 2 1250762238431291558928284 0 0
bin 1599673 1601273 2 1249074904179925603462217 2 1249074904179925603462217 0 0
bin 1601273 1602875 1 624125833754098166255887 1 624125833754098166255887 0 0
bin 1604478 1606083 1 622633603161982490297811 1 622633603161982490297811 0 0
bin 1606083 1607690 1 622587085925111489782412 1 622587085925111489782412 0 0
bin 1609298 1610908 2 1242028548906157184879173 2 1242028548906157184879173 0 0
bin 1610908 1612519 1 620621130039365998278396 1 620621130039365998278396 0 0
bin 1612519 1614132 2 1239414678209244529330382 2 1239414678209244529330382 0 0
bin 1614132 1615747 1 619329649973461724498637 1 619329649973461724498637 0 0
bin 1615747 1617363 1 618869708741348975058931 1 618869708741348975058931 0 0
bin 1617363 1618981 2 1235693003555565508885076 2 1235693003555565508885076 0 0
bin 1620600 1622221 1 616717103847142965508862 1 616717103847142965508862 0 0
bin 1625468 1627094 1 614715426713934184878123 0 0 1 614715426713934184878123
bin 1627094 1628722 2 1228950403511553190626884 2 1228950403511553190626884 0 0
bin 1631982 1633614 1 612321500628548020395204 1 612321500628548020395204 0 0
bin 1636884 1638521 1 610455515801335798759676 1 610455515801335798759676 0 0
bin 1640160 1641801 2 1218572353875823330020408 2 1218572353875823330020408 0 0
bin 1646733 1648380 1 607031488544405263934256 1 607031488544405263934256 0 0
bin 1654986 1656641 1 603934390983501116372721 1 603934390983501116372721 0 0
bin 1663279 1664943 1 600756111642112763123667 1 600756111642112763123667 0 0
bin 1664943 1666608 1 600280090690316101492956 1 600280090690316101492956 0 0
bin 1666608 1668275 3 1799043521312837701852860 3 1799043521312837701852860 0 0
bin 1669944 1671614 3 1795270928592409901241696 3 1795270928592409901241696 0 0
bin 1671614 1673286 3 1793425029871535487955076 3 1793425029871535487955076 0 0
bin 1679991 1681671 1 595195227010435557915173 1 595195227010435557915173 0 0
bin 1681671 1683353 2 1188505988123508740647321 2 1188505988123508740647321 0 0
bin 1683353 1685037 1 593651843378021465263352 1 593651843378021465263352 0 0
bin 1685037 1686723 1 593060363462974351918461 1 593060363462974351918461 0 0
bin 1686723 1688410 1 592765065272325162462085 1 592765065272325162462085 0 0
bin 1688410 1690099 1 591855710312671453201081 1 591855710312671453201081 0 0
bin 1690099 1691790 1 591561610254365576793274 1 591561610254365576793274 0 0
bin 1691790 1693482 1 590622451094984493207546 1 590622451094984493207546 0 0
bin 1693482 1695176 1 590162347760245365897704 1 590162347760245365897704 0 0
bin 1695176 1696872 1 589536088156868478625484 1 589536088156868478625484 0 0
bin 1698569 1700268 1 588345695456971043389906 1 588345695456971043389906 0 0
bin 1701969 1703671 2 1174808643194059486566800 2 1174808643194059486566800 0 0
bin 1712209 1713922 2 1167607077095712961565475 2 1167607077095712961565475 0 0
bin 1713922 1715636 2 1166463029891824522889102 2 1166463029891824522889102 0 0
bin 1717352 1719070 1 581757594409076814691008 1 581757594409076814691008 0 0
bin 1725959 1727685 2 1158436485399441556813945 2 1158436485399441556813945 0 0
bin 1727685 1729413 1 578743559307614355386742 1 578743559307614355386742 0 0
bin 1729413 1731143 1 578004946566332714675372 1 578004946566332714675372 0 0
bin 1732875 1734608 2 1153545609815239344579981 2 1153545609815239344579981 0 0
bin 1734608 1736343 1 576445624748885874718766 1 576445624748885874718766 0 0
bin 1739819 1741559 1 574498362392418000412489 1 574498362392418000412489 0 0
bin 1741559 1743301 1 574181690609086195581212 1 574181690609086195581212 0 0
bin 1746791 1748538 3 1716584042556463109230226 3 1716584042556463109230226 0 0
bin 1748538 1750287 1 571739270883777412754016 1 571739270883777412754016 0 0
bin 1750287 1752038 3 1712883270996121422592818 3 1712883270996121422592818 0 0
bin 1752038 1753791 2 1140973606633382036665069 2 1140973606633382036665069 0 0
bin 1757301 1759059 1 568890021612131921044891 1 568890021612131921044891 0 0
bin 1759059 1760819 1 567974959120002317337833 1 567974959120002317337833 0 0
bin 1766108 1767875 1 566184409659332502552076 1 566184409659332502552076 0 0
bin 1767875 1769643 3 1695933878050610379141303 3 1695933878050610379141303 0 0
bin 1769643 1771413 2 1129850969545248479904258 2 1129850969545248479904258 0 0
bin 1773185 1774959 1 563580630635454068460393 1 563580630635454068460393 0 0
bin 1778511 1780290 1 561908556125393265750718 1 561908556125393265750718 0 0
bin 1780290 1782071 2 1122976760932593070209462 2 1122976760932593070209462 0 0
bin 1782071 1783854 1 561114013317479992077070 1 561114013317479992077070 0 0
bin 1783854 1785638 1 560223775784999560224336 1 560223775784999560224336 0 0
bin 1785638 1787424 1 559584251284665544886770 1 559584251284665544886770 0 0
bin 1787424 1789212 1 559171218786363603321700 1 559171218786363603321700 0 0
bin 1794587 1796382 1 556988563353828655836209 1 556988563353828655836209 0 0
bin 1798179 1799978 2 1111873980648444298687929 2 1111873980648444298687929 0 0
bin 1801778 1803580 2 1109320814398813259052915 2 1109320814398813259052915 0 0
bin 1803580 1805384 1 554136657857740928921445 1 554136657857740928921445 0 0
bin 1805384 1807190 3 1660672810780839018132361 3 1660672810780839018132361 0 0
bin 1807190 1808998 1 553084802833564061876915 1 553084802833564061876915 0 0
bin 1808998 1810807 1 552315000709724775911996 1 552315000709724775911996 0 0
bin 1810807 1812618 2 1103869237505106099992914 2 1103869237505106099992914 0 0
bin 1812618 1814431 2 1103021750020474503954650 2 1103021750020474503954650 0 0
bin 1814431 1816246 1 551095053425909954374840 1 551095053425909954374840 0 0
bin 1819882 1821702 3 1647575858942623997194838 3 1647575858942623997194838 0 0
bin 1823524 1825348 2 1096310342473821509206165 2 1096310342473821509206165 0 0
bin 1829002 1830832 1 546304495922110090189409 1 546304495922110090189409 0 0
bin 1832663 1834496 1 545553439414381115995026 1 545553439414381115995026 0 0
bin 1838168 1840007 1 543596138510470477021919 1 543596138510470477021919 0 0
bin 1840007 1841848 1 543064764274593095148748 1 543064764274593095148748 0 0
bin 1841848 1843690 1 542746438090813419514231 1 542746438090813419514231 0 0
bin 1845534 1847380 3 1624662839104910701725681 3 1624662839104910701725681 0 0
bin 1847380 1849228 1 541040930287417173396584 1 541040930287417173396584 0 0
bin 1849228 1851078 2 1080923964597891620531813 2 1080923964597891620531813 0 0
bin 1852930 1854783 1 539569606907354279785186 1 539569606907354279785186 0 0
bin 1854783 1856638 2 1077883085876407006292443 2 1077883085876407006292443 0 0
bin 1856638 1858495 1 538189669879838392405928 1 538189669879838392405928 0 0
bin 1858495 1860354 2 1075615283244672926317784 2 1075615283244672926317784 0 0
bin 1862215 1864078 1 536630102480250670653470 1 536630102480250670653470 0 0
bin 1864078 1865943 2 1072396994194885577715884 2 1072396994194885577715884 0 0
bin 1865943 1867809 2 1071142622082629183537892 2 1071142622082629183537892 0 0
bin 1867809 1869677 2 1070372285888234162802686 2 1070372285888234162802686 0 0
bin 1871547 1873419 1 534174052068081551284181 1 534174052068081551284181 0 0
bin 1873419 1875293 1 533264791032192662169822 1 533264791032192662169822 0 0
bin 1875293 1877169 1 533026026061774518264403 1 533026026061774518264403 0 0
bin 1880927 1882808 2 1062741608051258143573953 2 1062741608051258143573953 0 0
bin 1882808 1884691 1 530650083497790638377356 1 530650083497790638377356 0 0
bin 1884691 1886576 2 1060543869581035798552428 2 1060543869581035798552428 0 0
bin 1886576 1888463 1 529537327350973633806933 1 529537327350973633806933 0 0
bin 1890352 1892243 1 528952478380389827397516 1 528952478380389827397516 0 0
bin 1894136 1896031 2 1055727082939612627636873 2 1055727082939612627636873 0 0
bin 1896031 1897928 1 527145627669663138129550 1 527145627669663138129550 0 0
bin 1897928 1899826 2 1053105590102429651255384 2 1053105590102429651255384 0 0
bin 1899826 1901726 2 1052407250411201581330168 2 1052407250411201581330168 0 0
bin 1901726 1903628 1 525682480422270222873601 1 525682480422270222873601 0 0
bin 1903628 1905532 3 1575153045779125946376314 3 1575153045779125946376314 0 0
bin 1905532 1907438 1 524392373447077535083160 1 524392373447077535083160 0 0
bin 1909346 1911256 1 523253106422879556030204 1 523253106422879556030204 0 0
bin 1911256 1913168 2 1045967758825749531741281 2 1045967758825749531741281 0 0
bin 1915082 1916998 1 522059902197297922358207 1 522059902197297922358207 0 0
bin 1916998 1918915 1 521145749352867265741077 1 521145749352867265741077 0 0
bin 1918915 1920834 2 1041861619623275845591492 2 1041861619623275845591492 0 0
bin 1920834 1922755 2 1040547541954012912412497 2 1040547541954012912412497 0 0
bin 1922755 1924678 2 1039658334672471354757384 2 1039658334672471354757384 0 0
bin 1926603 1928530 2 1037503202986188099634046 2 1037503202986188099634046 0 0
bin 1928530 1930459 2 1036632056838604261035860 2 1036632056838604261035860 0 0
bin 1930459 1932390 2 1035344101281737700246755 2 1035344101281737700246755 0 0
bin 1932390 1934323 1 517373131054235707955284 1 517373131054235707955284 0 0
bin 1934323 1936258 1 516878940232771261944426 1 516878940232771261944426 0 0
bin 1936258 1938195 2 1032573081151188718035841 2 1032573081151188718035841 0 0
bin 1940134 1942075 1 515217197537880056405978 1 515217197537880056405978 0 0
bin 1944018 1945963 1 514212578565254347538798 1 514212578565254347538798 0 0
bin 1945963 1947909 1 513882800805151572301511 1 513882800805151572301511 0 0
bin 1947909 1949857 1 512870747852738396427547 1 512870747852738396427547 0 0
bin 1955713 1957669 1 511109214328026827100441 1 511109214328026827100441 0 0
bin 1959627 1961587 1 510276717961383278538118 1 510276717961383278538118 0 0
bin 1965513 1967479 1 508501897474830427329739 1 508501897474830427329739 0 0
bin 1969447 1971417 2 1015028043127962016888184 2 1015028043127962016888184 0 0
bin 1971417 1973389 1 506986013776837938371794 1 506986013776837938371794 0 0
bin 1973389 1975363 2 1013158424003396814623479 2 1013158424003396814623479 0 0
bin 1977339 1979317 2 1011234353142672323121637 2 1011234353142672323121637 0 0
bin 1979317 1981297 1 505007400883459947105524 1 505007400883459947105524 0 0
bin 1983279 1985263 2 1007932031758358353272225 2 1007932031758358353272225 0 0
bin 1987249 1989237 1 503025952617973419102611 1 503025952617973419102611 0 0
bin 1989237 1991227 1 502237720162182604594772 1 502237720162182604594772 0 0
bin 1991227 1993219 2 1003840235259341747514552 2 1003840235259341747514552 0 0
bin 1993219 1995213 1 501373512738146151381710 1 501373512738146151381710 0 0
bin 1995213 1997209 1 501041916665706336326390 1 501041916665706336326390 0 0
bin 1997209 1999207 1 500488226264721235565293 1 500488226264721235565293 0 0
bin 2001207 2003209 1 499498254003853129531385 1 499498254003853129531385 0 0
bin 2003209 2005213 1 498852390076628715639670 1 498852390076628715639670 0 0
bin 2005213 2007219 2 997334625505072012248232 2 997334625505072012248232 0 0
bin 2007219 2009227 2 996142438549607808874372 2 996142438549607808874372 0 0
bin 2011237 2013249 1 496770741792974767523712 1 496770741792974767523712 0 0
bin 2013249 2015263 1 496374234404790209911699 1 496374234404790209911699 0 0
bin 2017279 2019297 1 495530070994593271395377 1 495530070994593271395377 0 0
bin 2019297 2021317 2 989841749364596713295423 2 989841749364596713295423 0 0
bin 2023339 2025363 3 1481966836400227925278693 3 1481966836400227925278693 0 0
bin 2025363 2027389 2 987250200271231774698180 2 987250200271231774698180 0 0
bin 2027389 2029417 1 492950560509434827252870 1 492950560509434827252870 0 0
bin 2029417 2031447 1 492338959618850871021470 1 492338959618850871021470 0 0
bin 2031447 2033479 1 491891415953711050193091 1 491891415953711050193091 0 0
bin 2037549 2039587 1 490443944954533394082989 1 490443944954533394082989 0 0
bin 2039587 2041627 1 490080525131084288459436 1 490080525131084288459436 0 0
bin 2041627 2043669 3 1468474124852206753856771 3 1468474124852206753856771 0 0
bin 2043669 2045713 3 1467514442756736792834377 3 1467514442756736792834377 0 0
bin 2045713 2047759 2 977247391931173044391809 2 977247391931173044391809 0 0
bin 2049807 2051857 1 487814158415696688863836 1 487814158415696688863836 0 0
bin 2053909 2055963 1 486435976026489357510498 1 486435976026489357510498 0 0
bin 2058019 2060078 1 485868750330998086162992 1 485868750330998086162992 0 0
bin 2060078 2062139 3 1455535585142509731388811 3 1455535585142509731388811 0 0
bin 2064202 2066267 1 484439559140623599666899 1 484439559140623599666899 0 0
bin 2068334 2070403 1 483108357822901171972565 1 483108357822901171972565 0 0
bin 2072474 2074547 2 964477839938726948876187 2 964477839938726948876187 0 0
bin 2074547 2076622 1 481973933885707593161946 1 481973933885707593161946 0 0
bin 2076622 2078699 2 962934278456984049274561 2 962934278456984049274561 0 0
bin 2078699 2080778 2 961839506012309958536699 2 961839506012309958536699 0 0
bin 2080778 2082859 1 480573073779020005776488 1 480573073779020005776488 0 0
bin 2084942 2087027 1 479229935002043915672783 1 479229935002043915672783 0 0
bin 2087027 2089115 1 478871930969653406862522 1 478871930969653406862522 0 0
bin 2089115 2091205 1 478448525397722297949991 1 478448525397722297949991 0 0
bin 2091205 2093297 2 955947581405880102882504 2 955947581405880102882504 0 0
bin 2093297 2095391 1 477445247772598557828884 1 477445247772598557828884 0 0
bin 2095391 2097487 1 476762363997576140141436 1 476762363997576140141436 0 0
bin 2097487 2099585 2 953213885016692239802006 2 953213885016692239802006 0 0
bin 2099585 2101685 1 476163040129592533001669 1 476163040129592533001669 0 0
bin 2107997 2110105 3 1422830684150764430941548 3 1422830684150764430941548 0 0
bin 2110105 2112216 1 473699942350717015917739 1 473699942350717015917739 0 0
bin 2112216 2114329 1 473124404750358273455497 1 473124404750358273455497 0 0
bin 2114329 2116444 2 945304237059462266618043 2 945304237059462266618043 0 0
bin 2116444 2118561 2 944490045630030896562486 2 944490045630030896562486 0 0
bin 2118561 2120680 1 472009595011047384571233 1 472009595011047384571233 0 0
bin 2120680 2122801 1 471411486129424137870888 1 471411486129424137870888 0 0
bin 2127049 2129177 1 469959926517065889791577 1 469959926517065889791577 0 0
bin 2129177 2131307 4 1877885881980564646128356 4 1877885881980564646128356 0 0
bin 2131307 2133439 2 937646070644175547636903 2 937646070644175547636903 0 0
bin 2133439 2135573 1 468469869657628165158115 1 468469869657628165158115 0 0
bin 2135573 2137709 1 468101460055264058374124 1 468101460055264058374124 0 0
bin 2139847 2141987 2 934297840401209574874302 2 934297840401209574874302 0 0
bin 2141987 2144129 4 1866424975618614000834803 4 1866424975618614000834803 0 0
bin 2144129 2146274 2 932207538793057120648659 2 932207538793057120648659 0 0
bin 2146274 2148421 1 465731260953417093548178 1 465731260953417093548178 0 0
bin 2150570 2152721 1 464847964500490647026530 1 464847964500490647026530 0 0
bin 2152721 2154874 3 1393305553014950662825255 3 1393305553014950662825255 0 0
bin 2154874 2157029 1 463906023773328094287971 1 463906023773328094287971 0 0
bin 2161347 2163509 1 462438651732364555187197 1 462438651732364555187197 0 0
bin 2172178 2174351 1 460176127811158442782390 1 460176127811158442782390 0 0
bin 2174351 2176526 1 459582267293965822705110 1 459582267293965822705110 0 0
bin 2176526 2178703 2 918632612848606877961981 2 918632612848606877961981 0 0
bin 2180882 2183063 2 916662205429803108308061 2 916662205429803108308061 0 0
bin 2183063 2185247 2 915826032576797302740715 2 915826032576797302740715 0 0
bin 2185247 2187433 2 914700116784533224092007 2 914700116784533224092007 0 0
bin 2187433 2189621 1 456886165441221823259069 1 456886165441221823259069 0 0
bin 2191811 2194003 1 456185857417285520797741 1 456185857417285520797741 0 0
bin 2194003 2196198 1 455746761577448921042329 1 455746761577448921042329 0 0
bin 2198395 2200594 1 454553512539540473672033 1 454553512539540473672033 0 0
bin 2200594 2202795 1 454181902577073533412572 1 454181902577073533412572 0 0
bin 2204998 2207203 1 453169261891501308979412 1 453169261891501308979412 0 0
bin 2209411 2211621 2 904818117201484571515668 2 904818117201484571515668 0 0
bin 2211621 2213833 2 904165265029875118210314 2 904165265029875118210314 0 0
bin 2216047 2218264 1 450830407068299454179626 1 450830407068299454179626 0 0
bin 2218264 2220483 3 1351623607522200338811387 3 1351623607522200338811387 0 0
bin 2220483 2222704 2 900248465577662214952622 2 900248465577662214952622 0 0
bin 2222704 2224927 1 449672436113912820206120 1 449672436113912820206120 0 0
bin 2227152 2229380 4 1795352349633097715885898 4 1795352349633097715885898 0 0
bin 2229380 2231610 1 448163403962391919793091 1 448163403962391919793091 0 0
bin 2236076 2238313 2 893980822792839220237766 2 893980822792839220237766 0 0
bin 2238313 2240552 2 893199700405852372892468 2 893199700405852372892468 0 0
bin 2240552 2242793 2 892353206004635190607571 2 892353206004635190607571 0 0
bin 2242793 2245036 1 445465848138019574660298 1 445465848138019574660298 0 0
bin 2245036 2247282 3 1335735950267391775810668 3 1335735950267391775810668 0 0
bin 2254032 2256287 2 887000957258611451322963 2 887000957258611451322963 0 0
bin 2258544 2260803 2 884656300193578574725539 2 884656300193578574725539 0 0
bin 2263064 2265328 2 883343455200411455839225 2 883343455200411455839225 0 0
bin 2265328 2267594 2 882067179824788846049961 2 882067179824788846049961 0 0
bin 2267594 2269862 2 881614602007736479565079 2 881614602007736479565079 0 0
bin 2269862 2272132 2 880436311474246707090795 2 880436311474246707090795 0 0
bin 2272132 2274405 3 1319683130077699155632332 3 1319683130077699155632332 0 0
bin 2278957 2281236 1 438734846646815377305387 1 438734846646815377305387 0 0
bin 2281236 2283518 1 438158140912534433752898 1 438158140912534433752898 0 0
bin 2283518 2285802 2 875630319235297851962392 2 875630319235297851962392 0 0
bin 2288088 2290377 1 436610869252945704382132 0 0 1 436610869252945704382132
bin 2290377 2292668 1 436482804105208069170302 1 436482804105208069170302 0 0
bin 2292668 2294961 1 435971293906124045168369 1 435971293906124045168369 0 0
bin 2294961 2297256 1 435538362436732608626534 1 435538362436732608626534 0 0
bin 2297256 2299554 1 435083573028125107411257 1 435083573028125107411257 0 0
bin 2299554 2301854 3 1303794069225670648136363 3 1303794069225670648136363 0 0
bin 2301854 2304156 1 434289972809104802421948 1 434289972809104802421948 0 0
bin 2304156 2306461 1 433589483547230252058574 1 433589483547230252058574 0 0
bin 2311077 2313389 1 432486855643239862832468 1 432486855643239862832468 0 0
bin 2313389 2315703 1 431904062014512840291811 1 431904062014512840291811 0 0
bin 2315703 2318019 1 431488103225761910905473 1 431488103225761910905473 0 0
bin 2318019 2320338 2 862409113524481378000607 2 862409113524481378000607 0 0
bin 2320338 2322659 2 861517545103842790023430 2 861517545103842790023430 0 0
bin 2322659 2324982 1 430485057648406494986355 1 430485057648406494986355 0 0
bin 2324982 2327307 1 429752449696401381911977 1 429752449696401381911977 0 0
bin 2327307 2329635 1 429411418650797910827565 1 429411418650797910827565 0 0
bin 2329635 2331965 1 429057673503414655494576 1 429057673503414655494576 0 0
bin 2331965 2334297 1 428484079031317472852319 1 428484079031317472852319 0 0
bin 2334297 2336632 2 856175801967685355645628 2 856175801967685355645628 0 0
bin 2338969 2341308 1 427516866609179898669952 1 427516866609179898669952 0 0
bin 2343650 2345994 1 426322698145197837179687 1 426322698145197837179687 0 0
bin 2350689 2353040 2 850417913139819793941307 2 850417913139819793941307 0 0
bin 2353040 2355394 3 1274495355720868533410632 3 1274495355720868533410632 0 0
bin 2357750 2360108 3 1271737770376991232467448 3 1271737770376991232467448 0 0
bin 2360108 2362469 1 423506113946013981630845 1 423506113946013981630845 0 0
bin 2364832 2367197 2 844963913149334312505388 2 844963913149334312505388 0 0
bin 2367197 2369565 1 422274293334526962002492 1 422274293334526962002492 0 0
bin 2369565 2371935 3 1265792363017332179287903 3 1265792363017332179287903 0 0
bin 2374307 2376682 1 420781736726124528671857 1 420781736726124528671857 0 0
bin 2376682 2379059 1 420344505950186653977867 1 420344505950186653977867 0 0
bin 2379059 2381439 2 840129648738441974249760 2 840129648738441974249760 0 0
bin 2381439 2383821 1 419679792711756783809089 1 419679792711756783809089 0 0
bin 2383821 2386205 1 419181581496654302207284 1 419181581496654302207284 0 0
bin 2386205 2388592 3 1256411409976580007624956 3 1256411409976580007624956 0 0
bin 2388592 2390981 1 418592015524740671781582 1 418592015524740671781582 0 0
bin 2390981 2393372 2 835916013815667695866049 2 835916013815667695866049 0 0
bin 2395766 2398162 1 417388574989492242624639 1 417388574989492242624639 0 0
bin 2400561 2402962 3 1248958831049921618032157 3 1248958831049921618032157 0 0
bin 2402962 2405365 2 831848260665561006977966 2 831848260665561006977966 0 0
bin 2405365 2407771 2 831254851920298169152759 2 831254851920298169152759 0 0
bin 2412590 2415003 2 828478113063144042299323 2 828478113063144042299323 0 0
bin 2415003 2417419 1 413741342979574831121127 1 413741342979574831121127 0 0
bin 2417419 2419837 1 413298114823308856441313 1 413298114823308856441313 0 0
bin 2422257 2424680 1 412622791384931263232297 1 412622791384931263232297 0 0
bin 2424680 2427105 1 412214577473874870616149 1 412214577473874870616149 0 0
bin 2429533 2431963 1 411473697161119521176288 1 411473697161119521176288 0 0
bin 2431963 2434395 1 410905598958600849999322 1 410905598958600849999322 0 0
bin 2434395 2436830 3 1231983831597726721543306 3 1231983831597726721543306 0 0
bin 2436830 2439267 2 820363172591831335958758 2 820363172591831335958758 0 0
bin 2439267 2441707 4 1639185143586843841953876 4 1639185143586843841953876 0 0
bin 2449041 2451491 3 1224213581597313627022447 3 1224213581597313627022447 0 0
bin 2451491 2453943 2 815454173279706666729873 2 815454173279706666729873 0 0
bin 2453943 2456397 1 407358358443581478393101 1 407358358443581478393101 0 0
bin 2456397 2458854 3 1220436516582075703647244 3 1220436516582075703647244 0 0
bin 2458854 2461313 2 813031665278345840338965 2 813031665278345840338965 0 0
bin 2461313 2463775 1 406119572161153119668411 1 406119572161153119668411 0 0
bin 2466239 2468706 3 1215562628903627151600571 3 1215562628903627151600571 0 0
bin 2468706 2471175 1 404974873333983992963156 1 404974873333983992963156 0 0
bin 2471175 2473647 1 404424566527638981513348 1 404424566527638981513348 0 0
bin 2476121 2478598 4 1614724533512730175882255 4 1614724533512730175882255 0 0
bin 2478598 2481077 2 806625637678936276022649 2 806625637678936276022649 0 0
bin 2481077 2483559 1 402957871963359846618115 1 402957871963359846618115 0 0
bin 2483559 2486043 1 402595776528746747529370 1 402595776528746747529370 0 0
bin 2488530 2491019 1 401625619858941049793142 1 401625619858941049793142 0 0
bin 2496005 2498502 1 400382926230646990781983 1 400382926230646990781983 0 0
bin 2498502 2501001 3 1200222489615731966907390 3 1200222489615731966907390 0 0
bin 2501001 2503503 1 399622596419941007712316 1 399622596419941007712316 0 0
bin 2503503 2506007 1 399308557302175552812749 1 399308557302175552812749 0 0
bin 2506007 2508514 1 398926250105216798465250 1 398926250105216798465250 0 0
bin 2511023 2513535 3 1194172073932578012149473 3 1194172073932578012149473 0 0
bin 2513535 2516049 1 397802697022725274672817 1 397802697022725274672817 0 0
bin 2516049 2518566 1 397442220843539318362744 1 397442220843539318362744 0 0
bin 2521085 2523607 3 1189033796210302366962260 3 1189033796210302366962260 0 0
bin 2523607 2526131 3 1188291571963719391945088 3 1188291571963719391945088 0 0
bin 2526131 2528658 2 791363072962811754176878 2 791363072962811754176878 0 0
bin 2528658 2531187 1 395188032441775959210272 1 395188032441775959210272 0 0
bin 2531187 2533719 1 394832277222797141888111 1 394832277222797141888111 0 0
bin 2533719 2536253 2 788853604823090703219059 2 788853604823090703219059 0 0
bin 2538790 2541329 1 393501093342787852936049 1 393501093342787852936049 0 0
bin 2541329 2543871 4 1573276498393650734690783 4 1573276498393650734690783 0 0
bin 2543871 2546415 1 393007454172383287593815 1 393007454172383287593815 0 0
bin 2546415 2548962 1 392685216854520729656255 1 392685216854520729656255 0 0
bin 2548962 2551511 2 784361471309435390507723 2 784361471309435390507723 0 0
bin 2551511 2554063 1 391780599729906454546202 1 391780599729906454546202 0 0
bin 2554063 2556618 4 1565370918326341121219504 4 1565370918326341121219504 0 0
bin 2559175 2561735 1 390660250983584846913920 1 390660250983584846913920 0 0
bin 2566862 2569429 2 779027042423344008256724 2 779027042423344008256724 0 0
bin 2569429 2571999 2 778045210625480129533878 2 778045210625480129533878 0 0
bin 2571999 2574571 1 388456773889800251642298 1 388456773889800251642298 0 0
bin 2577146 2579724 3 1163298872885548791542369 3 1163298872885548791542369 0 0
bin 2584887 2587472 1 386769243026840625158333 1 386769243026840625158333 0 0
bin 2590060 2592651 1 385873778371851897013375 1 385873778371851897013375 0 0
bin 2592651 2595244 2 771062169381002210407106 2 771062169381002210407106 0 0
bin 2595244 2597840 3 1155356621774354036757462 3 1155356621774354036757462 0 0
bin 2600438 2603039 2 768615622011224761257821 2 768615622011224761257821 0 0
bin 2603039 2605643 1 383847541897918817012583 1 383847541897918817012583 0 0
bin 2605643 2608249 2 767475907094816192639128 2 767475907094816192639128 0 0
bin 2608249 2610858 2 766417289671889419049517 2 766417289671889419049517 0 0
bin 2610858 2613469 1 382649010220937712011467 1 382649010220937712011467 0 0
bin 2613469 2616083 3 1147388652550024955852189 3 1147388652550024955852189 0 0
bin 2626565 2629192 2 760986095914037161398528 2 760986095914037161398528 0 0
bin 2631822 2634454 2 759519257088439152768826 2 759519257088439152768826 0 0
bin 2634454 2637089 1 379229019818129346675621 1 379229019818129346675621 0 0
bin 2637089 2639727 1 378849728876191529753531 1 378849728876191529753531 0 0
bin 2642367 2645010 3 1134606398661916507765487 3 1134606398661916507765487 0 0
bin 2645010 2647656 1 377877394656284611207616 1 377877394656284611207616 0 0
bin 2647656 2650304 3 1132762502332876850751971 3 1132762502332876850751971 0 0
bin 2650304 2652955 1 376954367035189821025836 1 376954367035189821025836 0 0
bin 2652955 2655608 2 753486222358562396855069 2 753486222358562396855069 0 0
bin 2655608 2658264 1 376215788347016928581828 1 376215788347016928581828 0 0
bin 2658264 2660923 2 752081884905457645484034 2 752081884905457645484034 0 0
bin 2660923 2663584 3 1127134379371878480022821 2 751471475219638834137701 1 375662904152239645885120
bin 2663584 2666248 2 750699764657551727093381 2 750699764657551727093381 0 0
bin 2666248 2668915 1 374912504794193655055751 1 374912504794193655055751 0 0
bin 2668915 2671584 2 749073549783464458761483 2 749073549783464458761483 0 0
bin 2682288 2684971 1 372672520358168105865828 1 372672520358168105865828 0 0
bin 2684971 2687656 2 744263311799465015577877 2 744263311799465015577877 0 0
bin 2687656 2690344 1 371867619589837452944801 1 371867619589837452944801 0 0
bin 2690344 2693035 2 743045647834912363037556 2 743045647834912363037556 0 0
bin 2693035 2695729 1 371171964342251729568560 1 371171964342251729568560 0 0
bin 2695729 2698425 2 741640327228409265650669 2 741640327228409265650669 0 0
bin 2698425 2701124 3 1111482876477713954203000 3 1111482876477713954203000 0 0
bin 2703826 2706530 1 369598183942363380803292 1 369598183942363380803292 0 0
bin 2706530 2709237 1 369182287076884795559770 1 369182287076884795559770 0 0
bin 2709237 2711947 1 369002464567460846070990 1 369002464567460846070990 0 0
bin 2720092 2722813 2 734547417918782862671505 2 734547417918782862671505 0 0
bin 2722813 2725536 1 367090889134513481596448 1 367090889134513481596448 0 0
bin 2728262 2730991 1 366284131728959998476258 1 366284131728959998476258 0 0
bin 2733722 2736456 1 365586735635822966816788 1 365586735635822966816788 0 0
bin 2736456 2739193 3 1095757204260452183094521 3 1095757204260452183094521 0 0
bin 2739193 2741933 1 364792956285765669407842 1 364792956285765669407842 0 0
bin 2741933 2744675 1 364547201389362293935137 1 364547201389362293935137 0 0
bin 2747420 2750168 1 363799213393340800918520 1 363799213393340800918520 0 0
bin 2750168 2752919 1 363345555066653925349202 1 363345555066653925349202 0 0
bin 2752919 2755672 2 726162361340688023569287 2 726162361340688023569287 0 0
bin 2755672 2758428 1 362706647578624826762237 1 362706647578624826762237 0 0
bin 2758428 2761187 2 724709889695651728646291 2 724709889695651728646291 0 0
bin 2761187 2763949 2 723803488156305469477445 2 723803488156305469477445 0 0
bin 2763949 2766713 3 1085229204214987205370480 3 1085229204214987205370480 0 0
bin 2766713 2769480 2 722510797125671809366649 2 722510797125671809366649 0 0
bin 2769480 2772250 1 360900215060438154515096 1 360900215060438154515096 0 0
bin 2772250 2775023 1 360531726611675964179009 1 360531726611675964179009 0 0
bin 2775023 2777799 1 360058170998106454078720 1 360058170998106454078720 0 0
bin 2780577 2783358 2 719056954201445238469381 2 719056954201445238469381 0 0
bin 2783358 2786142 1 359071455578731623171742 1 359071455578731623171742 0 0
bin 2786142 2788929 3 1076490798704384723838871 3 1076490798704384723838871 0 0
bin 2788929 2791718 3 1075163675412424906219102 3 1075163675412424906219102 0 0
bin 2794510 2797305 2 715393298305130809572901 2 715393298305130809572901 0 0
bin 2800103 2802904 2 714182415117230451023758 2 714182415117230451023758 0 0
bin 2802904 2805707 1 356704492800098165076418 1 356704492800098165076418 0 0
bin 2808513 2811322 2 711690921706179588524257 2 711690921706179588524257 0 0
bin 2811322 2814134 1 355663171327573249719292 1 355663171327573249719292 0 0
bin 2816949 2819766 2 709666568128737053698464 2 709666568128737053698464 0 0
bin 2819766 2822586 1 354483094523980604103000 1 354483094523980604103000 0 0
bin 2822586 2825409 1 354272114285349891539592 1 354272114285349891539592 0 0
bin 2825409 2828235 2 707452556875740121929173 2 707452556875740121929173 0 0
bin 2828235 2831064 4 1413884781332556841280607 4 1413884781332556841280607 0 0
bin 2831064 2833896 1 352906840710909656201684 1 352906840710909656201684 0 0
bin 2833896 2836730 3 1058120143779089704734171 3 1058120143779089704734171 0 0
bin 2836730 2839567 1 352250475450079238744452 1 352250475450079238744452 0 0
bin 2839567 2842407 1 352092715870684795685878 1 352092715870684795685878 0 0
bin 2842407 2845250 1 351759801523049588634500 1 351759801523049588634500 0 0
bin 2845250 2848096 2 702384069228028017540058 2 702384069228028017540058 0 0
bin 2848096 2850945 2 702102973982510331543396 2 702102973982510331543396 0 0
bin 2850945 2853796 1 350434416023823933338963 1 350434416023823933338963 0 0
bin 2853796 2856650 1 350242946019506430635610 1 350242946019506430635610 0 0
bin 2856650 2859507 1 350016398268258867927962 1 350016398268258867927962 0 0
bin 2862367 2865230 2 698147291735102478349682 2 698147291735102478349682 0 0
bin 2865230 2868096 1 348683666855072074657357 1 348683666855072074657357 0 0
bin 2868096 2870965 1 348499934307762382986790 1 348499934307762382986790 0 0
bin 2870965 2873836 4 1392334556518855421512911 4 1392334556518855421512911 0 0
bin 2873836 2876710 3 1043480916208165212430668 3 1043480916208165212430668 0 0
bin 2882467 2885350 1 346609757965872110011164 1 346609757965872110011164 0 0
bin 2885350 2888236 3 1039264559196250040523141 3 1039264559196250040523141 0 0
bin 2888236 2891125 1 346048421171380826633547 1 346048421171380826633547 0 0
bin 2891125 2894017 3 1037002705876003493946140 3 1037002705876003493946140 0 0
bin 2894017 2896912 1 345503223717828899202544 1 345503223717828899202544 0 0
bin 2896912 2899809 2 690076645034531975719969 2 690076645034531975719969 0 0
bin 2899809 2902709 2 689254691776621747529727 2 689254691776621747529727 0 0
bin 2902709 2905612 1 344352498501205750273501 1 344352498501205750273501 0 0
bin 2905612 2908518 2 688002805429383445514242 2 688002805429383445514242 0 0
bin 2908518 2911427 1 343551824277364504019384 1 343551824277364504019384 0 0
bin 2911427 2914339 3 1029775439880552484029688 3 1029775439880552484029688 0 0
bin 2914339 2917254 2 685978124712033871582683 2 685978124712033871582683 0 0
bin 2917254 2920172 1 342540713532858731756709 1 342540713532858731756709 0 0
bin 2920172 2923093 2 684437179214623478629776 2 684437179214623478629776 0 0
bin 2928944 2931873 1 341146847001438616253805 1 341146847001438616253805 0 0
bin 2931873 2934805 2 682070325591807158338392 2 682070325591807158338392 0 0
bin 2937740 2940678 1 340172038606805005563513 1 340172038606805005563513 0 0
bin 2940678 2943619 2 679733657666004844933902 2 679733657666004844933902 0 0
bin 2943619 2946563 2 679024744904719978355517 1 339609198111365327463075 1 339415546793354650892442
bin 2946563 2949510 2 678259250887221072324089 2 678259250887221072324089 0 0
bin 2952460 2955413 2 677096468248917523892266 2 677096468248917523892266 0 0
bin 2955413 2958369 3 1014610154551884331674039 3 1014610154551884331674039 0 0
bin 2958369 2961328 2 675688239400256947909955 2 675688239400256947909955 0 0
bin 2961328 2964290 1 337491111327855402608333 1 337491111327855402608333 0 0
bin 2964290 2967255 1 337204326601273755623303 1 337204326601273755623303 0 0
bin 2967255 2970223 2 673844261739277594275802 2 673844261739277594275802 0 0
bin 2970223 2973194 1 336577831435763616003737 1 336577831435763616003737 0 0
bin 2973194 2976168 4 1344684820524112594781926 4 1344684820524112594781926 0 0
bin 2976168 2979145 1 335785800894466216422679 1 335785800894466216422679 0 0
bin 2979145 2982125 2 670882274000305233131593 2 670882274000305233131593 0 0
bin 2982125 2985108 1 335250856482125597710370 1 335250856482125597710370 0 0
bin 2985108 2988094 3 1004300814821343818475179 3 1004300814821343818475179 0 0
bin 2988094 2991083 1 334559046158777039480309 1 334559046158777039480309 0 0
bin 2991083 2994075 3 1002574282269118846455892 3 1002574282269118846455892 0 0
bin 2994075 2997070 1 333728356464601933822334 1 333728356464601933822334 0 0
bin 3000068 3003069 1 333173299092002807984564 1 333173299092002807984564 0 0
bin 3003069 3006073 4 1331293446537124854369639 4 1331293446537124854369639 0 0
bin 3006073 3009080 1 332442277216301240574845 1 332442277216301240574845 0 0
bin 3009080 3012090 1 332309708660755320029203 1 332309708660755320029203 0 0
bin 3012090 3015103 2 663648285189791654981312 2 663648285189791654981312 0 0
bin 3015103 3018119 2 662982971620779250903699 2 662982971620779250903699 0 0
bin 3018119 3021138 2 662124286244148117436429 2 662124286244148117436429 0 0
bin 3021138 3024160 2 661693204374942907848922 2 661693204374942907848922 0 0
bin 3024160 3027185 1 330412377776331305812845 1 330412377776331305812845 0 0
bin 3030213 3033244 1 329850007306177661831835 1 329850007306177661831835 0 0
bin 3033244 3036278 1 329406695718141184368598 1 329406695718141184368598 0 0
bin 3036278 3039315 1 329133480412114613493616 1 329133480412114613493616 0 0
bin 3039315 3042355 3 986566630764455266939100 3 986566630764455266939100 0 0
bin 3042355 3045398 1 328549542478334621795122 1 328549542478334621795122 0 0
bin 3048444 3051493 1 327954765855055143954104 1 327954765855055143954104 0 0
bin 3051493 3054545 3 982732455669549410662980 3 982732455669549410662980 0 0
bin 3054545 3057600 3 981729160148922182531920 3 981729160148922182531920 0 0
bin 3057600 3060658 2 653838156655657659780366 2 653838156655657659780366 0 0
bin 3060658 3063719 2 653148928886688693996727 2 653148928886688693996727 0 0
bin 3066783 3069850 2 651677867657757563575696 2 651677867657757563575696 0 0
bin 3069850 3072920 3 976768330565543523894907 3 976768330565543523894907 0 0
bin 3072920 3075993 2 650528242721382271837994 2 650528242721382271837994 0 0
bin 3075993 3079069 3 974861269012630273505522 3 974861269012630273505522 0 0
bin 3079069 3082149 2 649400225436731357609405 2 649400225436731357609405 0 0
bin 3082149 3085232 3 972896129778275187349647 3 972896129778275187349647 0 0
bin 3085232 3088318 1 323850871855124664773866 1 323850871855124664773866 0 0
bin 3088318 3091407 3 970911278029411687800765 3 970911278029411687800765 0 0
bin 3091407 3094499 1 323222815910707757767771 1 323222815910707757767771 0 0
bin 3097594 3100692 1 322767121262639157009743 1 322767121262639157009743 0 0
bin 3100692 3103793 1 322272822636185243707542 1 322272822636185243707542 0 0
bin 3106897 3110004 3 965109148260276268932864 3 965109148260276268932864 0 0
bin 3110004 3113115 2 642565122719147242460316 2 642565122719147242460316 0 0
bin 3113115 3116229 1 321142651244540173500528 1 321142651244540173500528 0 0
bin 3116229 3119346 1 320853315810464245871179 1 320853315810464245871179 0 0
bin 3119346 3122466 1 320352541564941386697232 1 320352541564941386697232 0 0
bin 3122466 3125589 2 640176000142102672872451 2 640176000142102672872451 0 0
bin 3128715 3131844 2 638748054274237132676741 2 638748054274237132676741 0 0
bin 3131844 3134976 2 638307755736356610305246 1 319076872319156003383491 1 319230883417200606921755
bin 3134976 3138111 1 318791245609846058895407 1 318791245609846058895407 0 0
bin 3138111 3141250 1 318620602199310568740961 1 318620602199310568740961 0 0
bin 3141250 3144392 1 318223953926263054739929 1 318223953926263054739929 0 0
bin 3144392 3147537 1 317745885270222221939781 1 317745885270222221939781 0 0
bin 3153836 3156990 2 633841162256470241345941 2 633841162256470241345941 0 0
bin 3156990 3160147 1 316615907859704958300101 1 316615907859704958300101 0 0
bin 3160147 3163308 1 316418747304507796399724 1 316418747304507796399724 0 0
bin 3163308 3166472 1 316075505381027441359301 1 316075505381027441359301 0 0
bin 3166472 3169639 1 315524997310149397930976 1 315524997310149397930976 0 0
bin 3169639 3172809 1 315429452468093522309221 1 315429452468093522309221 0 0
bin 3172809 3175982 4 1259967583730138432641776 4 1259967583730138432641776 0 0
bin 3179158 3182338 1 314330088713380937577502 1 314330088713380937577502 0 0
bin 3185521 3188707 2 627439044960710349276042 2 627439044960710349276042 0 0
bin 3188707 3191896 1 313601427011933475102085 1 313601427011933475102085 0 0
bin 3191896 3195088 3 939698618995444009064745 3 939698618995444009064745 0 0
bin 3195088 3198284 1 312754014901477793995810 1 312754014901477793995810 0 0
bin 3198284 3201483 2 625088103849349091464605 2 625088103849349091464605 0 0
bin 3201483 3204685 3 936565520631549927648598 3 936565520631549927648598 0 0
bin 3207890 3211098 4 1246531963767614723993164 4 1246531963767614723993164 0 0
bin 3211098 3214310 2 622261854255667690390512 2 622261854255667690390512 0 0
bin 3214310 3217525 1 310963741938653694917826 1 310963741938653694917826 0 0
bin 3220743 3223964 1 310389256062134962835542 1 310389256062134962835542 0 0
bin 3223964 3227188 2 619908038092106475800534 2 619908038092106475800534 0 0
bin 3227188 3230416 1 309766216338866893766605 1 309766216338866893766605 0 0
bin 3230416 3233647 2 618738942188160424531262 2 618738942188160424531262 0 0
bin 3233647 3236881 1 308957703381449376198948 1 308957703381449376198948 0 0
bin 3240118 3243359 1 308625877230477792979316 1 308625877230477792979316 0 0
bin 3243359 3246603 2 616457270432301072217026 2 616457270432301072217026 0 0
bin 3246603 3249850 2 615744510721274694837370 2 615744510721274694837370 0 0
bin 3249850 3253100 1 307680095159299830868251 1 307680095159299830868251 0 0
bin 3253100 3256354 1 307249018262574396509159 1 307249018262574396509159 0 0
bin 3256354 3259611 2 613683492253062535157199 2 613683492253062535157199 0 0
bin 3259611 3262871 3 919744066118633712721578 3 919744066118633712721578 0 0
bin 3262871 3266134 3 918678302168404770361674 3 918678302168404770361674 0 0
bin 3266134 3269401 1 306064140637696879584266 1 306064140637696879584266 0 0
bin 3269401 3272671 2 611515168438226072875961 2 611515168438226072875961 0 0
bin 3272671 3275944 1 305514319608917229755017 1 305514319608917229755017 0 0
bin 3275944 3279220 1 305015584771303889772247 1 305015584771303889772247 0 0
bin 3279220 3282500 2 609613920580904235982433 2 609613920580904235982433 0 0
bin 3282500 3285783 3 913737979873364298594201 3 913737979873364298594201 0 0
bin 3285783 3289069 2 608305622680208051116534 2 608305622680208051116534 0 0
bin 3289069 3292359 2 607498536889679799659416 2 607498536889679799659416 0 0
bin 3292359 3295652 2 607188734377306234773816 2 607188734377306234773816 0 0
bin 3295652 3298948 2 606347062320809931574301 2 606347062320809931574301 0 0
bin 3298948 3302247 2 605736639696120725019376 2 605736639696120725019376 0 0
bin 3305550 3308856 2 604681795628860768434606 2 604681795628860768434606 0 0
bin 3308856 3312165 3 906379231248312117398954 3 906379231248312117398954 0 0
bin 3312165 3315478 1 301796686212026054711514 1 301796686212026054711514 0 0
bin 3315478 3318794 2 602936127680019269299922 2 602936127680019269299922 0 0
bin 3318794 3322113 1 301207631758007378984562 1 301207631758007378984562 0 0
bin 3322113 3325436 2 601615041708714868232301 2 601615041708714868232301 0 0
bin 3325436 3328762 3 901704333880605490628805 3 901704333880605490628805 0 0
bin 3328762 3332091 4 1201153286066034553457961 4 1201153286066034553457961 0 0
bin 3335424 3338760 1 299626455697681700224330 1 299626455697681700224330 0 0
bin 3338760 3342099 1 299232677644715655644231 1 299232677644715655644231 0 0
bin 3342099 3345442 1 298938558859059138716160 1 298938558859059138716160 0 0
bin 3345442 3348788 1 298653580064992992093743 1 298653580064992992093743 0 0
bin 3348788 3352137 1 298514502282292627199268 1 298514502282292627199268 0 0
bin 3352137 3355490 4 1192603396672567848191841 4 1192603396672567848191841 0 0
bin 3355490 3358846 1 297891316736219324269294 1 297891316736219324269294 0 0
bin 3362205 3365568 2 594463016218296414842673 2 594463016218296414842673 0 0
bin 3365568 3368934 3 891017668268314797604060 3 891017668268314797604060 0 0
bin 3368934 3372303 2 593322353913109964265942 2 593322353913109964265942 0 0
bin 3372303 3375676 2 592746268817902166818667 2 592746268817902166818667 0 0
bin 3375676 3379052 1 296113013308207157110754 1 296113013308207157110754 0 0
bin 3379052 3382432 2 591410655087118875231612 2 591410655087118875231612 0 0
bin 3382432 3385815 1 295466276808763293397126 1 295466276808763293397126 0 0
bin 3389201 3392591 3 884659099888891785151128 3 884659099888891785151128 0 0
bin 3392591 3395984 1 294588902659283483195617 1 294588902659283483195617 0 0
bin 3395984 3399380 1 294453583956519805978644 1 294453583956519805978644 0 0
bin 3399380 3402780 2 587995111753924811095858 2 587995111753924811095858 0 0
bin 3402780 3406183 1 293768494562785818384678 1 293768494562785818384678 0 0
bin 3406183 3409590 3 880256639758371281921227 3 880256639758371281921227 0 0
bin 3416413 3419830 2 585140080874307302274695 2 585140080874307302274695 0 0
bin 3419830 3423250 1 292356542837103904392393 1 292356542837103904392393 0 0
bin 3423250 3426674 2 583971561258389729602985 2 583971561258389729602985 0 0
bin 3426674 3430101 3 874988504975970783424189 3 874988504975970783424189 0 0
bin 3430101 3433532 4 1165458168897651709384397 4 1165458168897651709384397 0 0
bin 3433532 3436966 1 291126832607020407117585 1 291126832607020407117585 0 0
bin 3436966 3440403 3 872291662970263886043171 3 872291662970263886043171 0 0
bin 3440403 3443844 1 290400436065294795646665 1 290400436065294795646665 0 0
bin 3443844 3447288 1 290345798943083222687388 1 290345798943083222687388 0 0
bin 3447288 3450736 1 289921544330888618231020 1 289921544330888618231020 0 0
bin 3450736 3454187 2 579554757401275818008681 2 579554757401275818008681 0 0
bin 3454187 3457642 3 868091615881437523078377 3 868091615881437523078377 0 0
bin 3461100 3464562 2 577602558325941659421345 2 577602558325941659421345 0 0
bin 3464562 3468027 4 1153769517654424560992338 4 1153769517654424560992338 0 0
bin 3468027 3471496 2 576601345151482571213728 2 576601345151482571213728 0 0
bin 3471496 3474968 1 287832651793585994753962 1 287832651793585994753962 0 0
bin 3478443 3481922 1 287322553182686287732275 1 287322553182686287732275 0 0
bin 3481922 3485404 4 1148029546184891795587500 4 1148029546184891795587500 0 0
bin 3485404 3488890 3 860231656832951134403072 3 860231656832951134403072 0 0
bin 3488890 3492379 2 572822166258089559438024 2 572822166258089559438024 0 0
bin 3492379 3495872 1 286197632630422407671928 1 286197632630422407671928 0 0
bin 3495872 3499368 3 857836762437734120970658 3 857836762437734120970658 0 0
bin 3499368 3502868 2 571257454078521181283963 2 571257454078521181283963 0 0
bin 3502868 3506371 1 285251282133200368202354 1 285251282133200368202354 0 0
bin 3506371 3509878 1 285100992750166855356007 1 285100992750166855356007 0 0
bin 3509878 3513388 1 284789208995124123952794 1 284789208995124123952794 0 0
bin 3513388 3516902 1 284516957068382797080514 1 284516957068382797080514 0 0
bin 3520419 3523940 3 851862111905243736196471 3 851862111905243736196471 0 0
bin 3523940 3527464 1 283755481091811639706585 1 283755481091811639706585 0 0
bin 3527464 3530992 1 283446631676124808354646 1 283446631676124808354646 0 0
bin 3530992 3534523 1 283013447950006240446527 1 283013447950006240446527 0 0
bin 3534523 3538058 2 565548729100986957015371 2 565548729100986957015371 0 0
bin 3538058 3541597 2 565034800178214321675055 2 565034800178214321675055 0 0
bin 3541597 3545139 1 282214105117416589504626 1 282214105117416589504626 0 0
bin 3545139 3548685 1 282074636384638102472638 1 282074636384638102472638 0 0
bin 3548685 3552234 1 281794206254760560871916 1 281794206254760560871916 0 0
bin 3552234 3555787 1 281394557660418112917445 1 281394557660418112917445 0 0
bin 3555787 3559343 2 562103913962755656261115 2 562103913962755656261115 0 0
bin 3559343 3562903 2 561566098239222250164298 2 561566098239222250164298 0 0
bin 3562903 3566466 2 561125526935302999939335 2 561125526935302999939335 0 0
bin 3566466 3570033 2 560527346697810607322764 2 560527346697810607322764 0 0
bin 3570033 3573604 2 560082762144712195716611 2 560082762144712195716611 0 0
bin 3584337 3587922 2 557624245122924024086730 2 557624245122924024086730 0 0
bin 3587922 3591510 3 835781037950028274202324 3 835781037950028274202324 0 0
bin 3591510 3595102 1 278334369201077376676303 1 278334369201077376676303 0 0
bin 3595102 3598698 3 834150621518274875125426 3 834150621518274875125426 0 0
bin 3598698 3602297 2 555351794505772849453592 2 555351794505772849453592 0 0
bin 3602297 3605900 3 832173645629817456703560 3 832173645629817456703560 0 0
bin 3609506 3613116 2 553669258718042389513038 2 553669258718042389513038 0 0
bin 3613116 3616730 2 553206169266357626434681 2 553206169266357626434681 0 0
bin 3616730 3620347 1 276447069094351108234832 1 276447069094351108234832 0 0
bin 3620347 3623968 2 551987739900510029802733 2 551987739900510029802733 0 0
bin 3623968 3627592 2 551638796687995583206370 2 551638796687995583206370 0 0
bin 3627592 3631220 3 826744938227911586452754 3 826744938227911586452754 0 0
bin 3631220 3634852 1 275118225179315181216248 1 275118225179315181216248 0 0
bin 3634852 3638487 1 275000199375144546979796 1 275000199375144546979796 0 0
bin 3638487 3642126 3 823999950096764278841284 3 823999950096764278841284 0 0
bin 3642126 3645769 1 274483894794714867502506 1 274483894794714867502506 0 0
bin 3645769 3649415 2 548178746357092594097942 2 548178746357092594097942 0 0
bin 3649415 3653065 2 547692401741193552565634 2 547692401741193552565634 0 0
bin 3653065 3656719 3 820764582870962218231413 3 820764582870962218231413 0 0
bin 3660376 3664037 1 273170230673137887317826 1 273170230673137887317826 0 0
bin 3664037 3667702 1 272705381922523855585047 1 272705381922523855585047 0 0
bin 3667702 3671370 4 1089931653421610591982760 4 1089931653421610591982760 0 0
bin 3671370 3675042 2 544486010969817801873079 2 544486010969817801873079 0 0
bin 3675042 3678718 4 1087724786979513060620264 4 1087724786979513060620264 0 0
bin 3678718 3682397 2 543424377670656597295435 2 543424377670656597295435 0 0
bin 3686080 3689767 2 542368630307577297340832 2 542368630307577297340832 0 0
bin 3689767 3693457 2 541702275075288295450964 2 541702275075288295450964 0 0
bin 3693457 3697151 1 270562697358577554497414 1 270562697358577554497414 0 0
bin 3697151 3700849 2 540718135299769642771562 2 540718135299769642771562 0 0
bin 3704550 3708255 2 539554032570807849855505 2 539554032570807849855505 0 0
bin 3708255 3711964 2 539138651443915627433927 2 539138651443915627433927 0 0
bin 3711964 3715676 2 538650751162029383650916 2 538650751162029383650916 0 0
bin 3719392 3723112 1 268770313996294732451247 1 268770313996294732451247 0 0
bin 3723112 3726836 4 1073863909501482003858917 4 1073863909501482003858917 0 0
bin 3726836 3730563 3 804544774976215760953327 3 804544774976215760953327 0 0
bin 3734294 3738029 4 1070767950311722731689569 4 1070767950311722731689569 0 0
bin 3738029 3741768 2 534944020847774454057367 2 534944020847774454057367 0 0
bin 3741768 3745510 4 1068634404167502050079061 4 1068634404167502050079061 0 0
bin 3745510 3749256 2 533777298628565861362214 2 533777298628565861362214 0 0
bin 3749256 3753006 3 799586993131652361821753 3 799586993131652361821753 0 0
bin 3753006 3756760 1 266317187498751638183599 1 266317187498751638183599 0 0
bin 3756760 3760517 2 532197306945122975975045 2 532197306945122975975045 0 0
bin 3760517 3764278 1 265722748604224832269158 1 265722748604224832269158 0 0
bin 3764278 3768043 1 265646513216843795334237 1 265646513216843795334237 0 0
bin 3768043 3771812 2 530714437108405440771662 2 530714437108405440771662 0 0
bin 3775584 3779360 5 1323562874018383399530577 5 1323562874018383399530577 0 0
bin 3779360 3783140 2 528786481986519934013633 2 528786481986519934013633 0 0
bin 3783140 3786924 2 528467933797702094595439 2 528467933797702094595439 0 0
bin 3786924 3790711 4 1055596979734230196240382 4 1055596979734230196240382 0 0
bin 3790711 3794502 2 527314217572745417089091 2 527314217572745417089091 0 0
bin 3794502 3798297 4 1053456958985609573334966 4 1053456958985609573334966 0 0
bin 3798297 3802096 2 526265240569549925975470 2 526265240569549925975470 0 0
bin 3802096 3805899 2 525924806654988509455135 2 525924806654988509455135 0 0
bin 3809705 3813515 3 787092320821144326350309 3 787092320821144326350309 0 0
bin 3813515 3817329 1 262153364436956179230060 1 262153364436956179230060 0 0
bin 3817329 3821147 3 785522767445331215523429 3 785522767445331215523429 0 0
bin 3821147 3824969 2 523287746857029911536015 2 523287746857029911536015 0 0
bin 3824969 3828794 5 1306618666712660763014632 5 1306618666712660763014632 0 0
bin 3828794 3832623 2 522228542190970999507747 2 522228542190970999507747 0 0
bin 3832623 3836456 4 1043280291880732326125972 4 1043280291880732326125972 0 0
bin 3836456 3840293 2 521144261838079970716487 2 521144261838079970716487 0 0
bin 3840293 3844134 2 520418510762158940467804 2 520418510762158940467804 0 0
bin 3844134 3847979 2 520058016487467818366426 2 520058016487467818366426 0 0
bin 3847979 3851827 3 779172078404655878426624 3 779172078404655878426624 0 0
bin 3851827 3855679 4 1037946062477203055541649 4 1037946062477203055541649 0 0
bin 3855679 3859535 1 259230619076418334966918 1 259230619076418334966918 0 0
bin 3859535 3863395 3 776712511821145563895335 3 776712511821145563895335 0 0
bin 3863395 3867259 1 258678602442288157098619 1 258678602442288157098619 0 0
bin 3867259 3871127 2 517113217883990054947701 2 517113217883990054947701 0 0
bin 3871127 3874999 3 774645972217604394932243 3 774645972217604394932243 0 0
bin 3874999 3878874 3 773955401095890506468175 3 773955401095890506468175 0 0
bin 3878874 3882753 2 515346477209483160264841 2 515346477209483160264841 0 0
bin 3882753 3886636 2 515003997738201834158603 2 515003997738201834158603 0 0
bin 3886636 3890523 2 514190518514939513535038 2 514190518514939513535038 0 0
bin 3890523 3894414 2 513802141445019383017061 2 513802141445019383017061 0 0
bin 3894414 3898309 2 513172501818153286713983 2 513172501818153286713983 0 0
bin 3898309 3902208 3 769192710130889798959528 3 769192710130889798959528 0 0
bin 3902208 3906111 1 256162698151453121329668 1 256162698151453121329668 0 0
bin 3906111 3910018 4 1023163140472559419096428 4 1023163140472559419096428 0 0
bin 3910018 3913929 1 255741328898437701795892 1 255741328898437701795892 0 0
bin 3913929 3917843 4 1021462365870783331761157 4 1021462365870783331761157 0 0
bin 3917843 3921761 1 255075947588014593405113 1 255075947588014593405113 0 0
bin 3921761 3925683 2 509701032075657750976873 2 509701032075657750976873 0 0
bin 3925683 3929609 2 509162261725134024219091 2 509162261725134024219091 0 0
bin 3929609 3933539 1 254421787053543828350779 1 254421787053543828350779 0 0
bin 3933539 3937473 1 254049485283040342296114 1 254049485283040342296114 0 0
bin 3937473 3941411 2 507701242443784765074866 2 507701242443784765074866 0 0
bin 3941411 3945353 2 507180565281249749439989 2 507180565281249749439989 0 0
bin 3945353 3949299 1 253431397767928307298748 1 253431397767928307298748 0 0
bin 3949299 3953249 2 506128667061102020775554 2 506128667061102020775554 0 0
bin 3953249 3957203 2 505660237896280869526916 2 505660237896280869526916 0 0
bin 3957203 3961161 1 252468574605347435891286 1 252468574605347435891286 0 0
bin 3961161 3965123 2 504458785867712345208900 2 504458785867712345208900 0 0
bin 3965123 3969089 2 504004206739734038899928 2 504004206739734038899928 0 0
bin 3969089 3973059 3 755539480593340906716202 3 755539480593340906716202 0 0
bin 3973059 3977033 1 251579858617151054333450 1 251579858617151054333450 0 0
bin 3977033 3981011 1 251250662987686958758962 1 251250662987686958758962 0 0
bin 3981011 3984993 1 251079579421618102435948 1 251079579421618102435948 0 0
bin 3984993 3988978 3 752483019584198325945968 3 752483019584198325945968 0 0
bin 3992967 3996960 2 500685325714746924844353 2 500685325714746924844353 0 0
bin 4000957 4004958 1 249931956024972201318191 1 249931956024972201318191 0 0
bin 4008963 4012972 2 498595867263195102626061 2 498595867263195102626061 0 0
bin 4012972 4016985 3 747191897374087166735555 3 747191897374087166735555 0 0
bin 4016985 4021002 3 746480912723471654231676 3 746480912723471654231676 0 0
bin 4021002 4025024 4 994410238452677957177958 4 994410238452677957177958 0 0
bin 4025024 4029050 1 248326219201030255818221 1 248326219201030255818221 0 0
bin 4029050 4033080 2 496205887874907585576080 2 496205887874907585576080 0 0
bin 4033080 4037114 1 247880067691088885082552 1 247880067691088885082552 0 0
bin 4037114 4041152 2 495338740384888464711067 2 495338740384888464711067 0 0
bin 4041152 4045194 3 741951226301662711221695 3 741951226301662711221695 0 0
bin 4053290 4057344 1 246516171830646348146407 1 246516171830646348146407 0 0
bin 4057344 4061402 2 492769962905046736837008 2 492769962905046736837008 0 0
bin 4069530 4073600 1 245487871548962187748633 1 245487871548962187748633 0 0
bin 4073600 4077674 4 981340223253889624767086 4 981340223253889624767086 0 0
bin 4081752 4085834 4 979222632065830945082114 4 979222632065830945082114 0 0
bin 4085834 4089920 3 734036018510853837818496 3 734036018510853837818496 0 0
bin 4089920 4094010 2 488731248814679684615132 2 488731248814679684615132 0 0
bin 4094010 4098105 3 732612014985536120516353 3 732612014985536120516353 0 0
bin 4098105 4102204 1 243828636259122543639839 1 243828636259122543639839 0 0
bin 4102204 4106307 2 487243884987216315817977 2 487243884987216315817977 0 0
bin 4110414 4114525 4 972591201726527043622386 4 972591201726527043622386 0 0
bin 4118640 4122759 1 242607683239763593369143 1 242607683239763593369143 0 0
bin 4122759 4126882 1 242501784206877302099750 1 242501784206877302099750 0 0
bin 4126882 4131009 3 726508901201612155585537 3 726508901201612155585537 0 0
bin 4131009 4135141 3 725999742318629713253349 2 484014827174269982350255 1 241984915144359730903094
bin 4135141 4139277 4 966857408322768553152848 4 966857408322768553152848 0 0
bin 4139277 4143417 3 724312842933467558087651 3 724312842933467558087651 0 0
bin 4143417 4147561 1 241133462307584539583384 1 241133462307584539583384 0 0
bin 4147561 4151709 5 1204769303770882082279505 5 1204769303770882082279505 0 0
bin 4151709 4155861 3 722189760945270385995943 3 722189760945270385995943 0 0
bin 4155861 4160017 3 721535298865013123175279 3 721535298865013123175279 0 0
bin 4160017 4164178 3 720749005061988706725035 3 720749005061988706725035 0 0
bin 4164178 4168343 1 240139799785843326550984 1 240139799785843326550984 0 0
bin 4168343 4172512 2 479578934023972375164516 2 479578934023972375164516 0 0
bin 4176685 4180862 5 1196436348283076552909889 5 1196436348283076552909889 0 0
bin 4180862 4185043 3 717169293443361931342273 3 717169293443361931342273 0 0
bin 4185043 4189229 2 477693064879934873918299 2 477693064879934873918299 0 0
bin 4193419 4197613 3 715086446191793833084977 3 715086446191793833084977 0 0
bin 4197613 4201811 1 238221779235589190353256 1 238221779235589190353256 0 0
bin 4201811 4206013 4 951376409864139265266106 4 951376409864139265266106 0 0
bin 4206013 4210220 2 475336151003517017600947 2 475336151003517017600947 0 0
bin 4210220 4214431 2 474736328454975472125835 2 474736328454975472125835 0 0
bin 4214431 4218646 1 237083175179098557609670 1 237083175179098557609670 0 0
bin 4218646 4222865 2 473879207285785943720729 2 473879207285785943720729 0 0
bin 4222865 4227088 4 946711353456397961785305 4 946711353456397961785305 0 0
bin 4231316 4235548 1 236105152735242778664877 1 236105152735242778664877 0 0
bin 4239784 4244024 3 707212098548276998914223 3 707212098548276998914223 0 0
bin 4244024 4248269 1 235577864255794214254769 1 235577864255794214254769 0 0
bin 4248269 4252518 2 470554495138008597520610 2 470554495138008597520610 0 0
bin 4252518 4256771 2 470239815345765189746783 2 470239815345765189746783 0 0
bin 4256771 4261028 5 1173901888661235484358482 5 1173901888661235484358482 0 0
bin 4261028 4265290 3 703852464560718856856581 3 703852464560718856856581 0 0
bin 4265290 4269556 2 468763817776335824743199 2 468763817776335824743199 0 0
bin 4269556 4273826 3 702514114620538841054438 3 702514114620538841054438 0 0
bin 4273826 4278100 1 233915447518847152395212 1 233915447518847152395212 0 0
bin 4278100 4282379 5 1168253842590893144840354 5 1168253842590893144840354 0 0
bin 4282379 4286662 1 233371738542439467455027 1 233371738542439467455027 0 0
bin 4286662 4290949 2 466393444286888188026615 1 233224130021519590477085 1 233169314265368597549530
bin 4290949 4295240 1 232826648220587416976927 1 232826648220587416976927 0 0
bin 4295240 4299536 1 232813638967974388637204 1 232813638967974388637204 0 0
bin 4299536 4303836 1 232508339492866760398528 1 232508339492866760398528 0 0
bin 4303836 4308140 1 232333316527890104482615 1 232333316527890104482615 0 0
bin 4308140 4312449 1 232052534837466923811815 1 232052534837466923811815 0 0
bin 4312449 4316762 1 231700255866592553478156 1 231700255866592553478156 0 0
bin 4316762 4321079 1 231594651923659918075707 1 231594651923659918075707 0 0
bin 4321079 4325401 3 693654295478743823541104 3 693654295478743823541104 0 0
bin 4325401 4329727 2 462116999982011991063102 2 462116999982011991063102 0 0
bin 4329727 4334057 3 692428552579456474693938 3 692428552579456474693938 0 0
bin 4338392 4342731 2 460682499471068944555878 2 460682499471068944555878 0 0
bin 4342731 4347074 5 1150778761415678847098451 5 1150778761415678847098451 0 0
bin 4347074 4351422 3 689808580552118277912940 3 689808580552118277912940 0 0
bin 4351422 4355774 2 459494949933366499960656 2 459494949933366499960656 0 0
bin 4355774 4360130 2 458979931221116233488743 2 458979931221116233488743 0 0
bin 4360130 4364491 4 916864081803169500341341 4 916864081803169500341341 0 0
bin 4368856 4373225 3 686351696536588144196442 3 686351696536588144196442 0 0
bin 4373225 4377599 2 456972721134069034764081 2 456972721134069034764081 0 0
bin 4377599 4381977 5 1141666186700804311929056 5 1141666186700804311929056 0 0
bin 4386359 4390746 2 455709509156185828709104 2 455709509156185828709104 0 0
bin 4390746 4395137 2 455227779075936696695331 2 455227779075936696695331 0 0
bin 4395137 4399533 2 454807913685610975671424 2 454807913685610975671424 0 0
bin 4399533 4403933 1 227088527510299032443910 1 227088527510299032443910 0 0
bin 4408337 4412746 4 906940485105816327357765 4 906940485105816327357765 0 0
bin 4412746 4417159 4 905970550749393148303208 4 905970550749393148303208 0 0
bin 4417159 4421577 2 452459526592135025794533 2 452459526592135025794533 0 0
bin 4421577 4425999 2 452220120752672315780968 2 452220120752672315780968 0 0
bin 4425999 4430425 4 903493986272034682459313 4 903493986272034682459313 0 0
bin 4430425 4434856 2 451218687646535936297467 2 451218687646535936297467 0 0
bin 4434856 4439291 2 450786651269746645078422 2 450786651269746645078422 0 0
bin 4439291 4443731 1 225152152195650015389149 1 225152152195650015389149 0 0
bin 4443731 4448175 4 899774809062889023726344 4 899774809062889023726344 0 0
bin 4448175 4452624 3 674203228004630994023075 3 674203228004630994023075 0 0
bin 4452624 4457077 1 224448703483286763968172 1 224448703483286763968172 0 0
bin 4457077 4461535 2 448530171384731380233594 2 448530171384731380233594 0 0
bin 4461535 4465997 3 672016398946078213517019 3 672016398946078213517019 0 0
bin 4465997 4470463 3 671627610871587189161483 3 671627610871587189161483 0 0
bin 4470463 4474934 1 223495201222786944930111 1 223495201222786944930111 0 0
bin 4474934 4479409 5 1116747682187986693982816 5 1116747682187986693982816 0 0
bin 4479409 4483889 2 446188661105433727197567 2 446188661105433727197567 0 0
bin 4483889 4488373 2 446023864519647672114926 2 446023864519647672114926 0 0
bin 4488373 4492862 2 445531442235912213102506 2 445531442235912213102506 0 0
bin 4492862 4497355 3 667358240873190036168467 2 444847694429564974449605 1 222510546443625061718862
bin 4497355 4501853 5 1111269775264365606153863 5 1111269775264365606153863 0 0
bin 4501853 4506355 3 665981043598108746428828 3 665981043598108746428828 0 0
bin 4506355 4510862 2 443436858882290781589221 2 443436858882290781589221 0 0
bin 4510862 4515373 4 886367932656075750751882 4 886367932656075750751882 0 0
bin 4519889 4524409 2 442338817212007452443127 2 442338817212007452443127 0 0
bin 4524409 4528934 2 441876804368067165325284 2 441876804368067165325284 0 0
bin 4528934 4533463 1 220697886442550905622742 1 220697886442550905622742 0 0
bin 4533463 4537997 1 220481836596060298254599 1 220481836596060298254599 0 0
bin 4537997 4542535 1 220281347742964268823426 1 220281347742964268823426 0 0
bin 4547078 4551626 3 659382268469400656446577 3 659382268469400656446577 0 0
bin 4551626 4556178 4 878222415498667092106950 4 878222415498667092106950 0 0
bin 4556178 4560735 1 219394038054773476752678 1 219394038054773476752678 0 0
bin 4560735 4565296 1 219226660417245333705726 1 219226660417245333705726 0 0
bin 4565296 4569862 5 1094810808844619188222116 5 1094810808844619188222116 0 0
bin 4569862 4574432 2 437439516204237451178199 2 437439516204237451178199 0 0
bin 4574432 4579007 5 1092547550041828813823315 5 1092547550041828813823315 0 0
bin 4579007 4583587 3 654660394566561609444071 3 654660394566561609444071 0 0
bin 4583587 4588171 1 217990256271525175367711 1 217990256271525175367711 0 0
bin 4588171 4592760 2 435670608188615482612109 2 435670608188615482612109 0 0
bin 4592760 4597353 2 435241608326301988934295 2 435241608326301988934295 0 0
bin 4597353 4601951 5 1087132614202164051901833 5 1087132614202164051901833 0 0
bin 4601951 4606553 1 217143901915230929282528 1 217143901915230929282528 0 0
bin 4606553 4611160 1 216962991103866475768162 1 216962991103866475768162 0 0
bin 4611160 4615772 4 867086675011690234014550 4 867086675011690234014550 0 0
bin 4615772 4620388 5 1082707666098338423761861 5 1082707666098338423761861 0 0
bin 4620388 4625009 3 649076365281223684515073 3 649076365281223684515073 0 0
bin 4629635 4634265 4 863885552707582233801485 4 863885552707582233801485 0 0
bin 4634265 4638900 3 646967669544967890893094 3 646967669544967890893094 0 0
bin 4643539 4648183 1 215151437566602816891711 1 215151437566602816891711 0 0
bin 4648183 4652832 2 430079703423984913980418 2 430079703423984913980418 0 0
bin 4657485 4662143 1 214647134063663052080478 1 214647134063663052080478 0 0
bin 4662143 4666806 4 857665153875063218821391 4 857665153875063218821391 0 0
bin 4666806 4671473 5 1070989095323207502946906 5 1070989095323207502946906 0 0
bin 4671473 4676145 2 427812162199515376894296 2 427812162199515376894296 0 0
bin 4676145 4680822 1 213755189174411195299779 1 213755189174411195299779 0 0
bin 4680822 4685503 3 640583173678990446454570 3 640583173678990446454570 0 0
bin 4685503 4690189 3 640052908158052346817236 3 640052908158052346817236 0 0
bin 4690189 4694880 3 639419867131602047168474 3 639419867131602047168474 0 0
bin 4694880 4699575 1 212941339558602414882555 1 212941339558602414882555 0 0
bin 4699575 4704275 4 850695920631251833514190 4 850695920631251833514190 0 0
bin 4704275 4708980 1 212371533804557450641139 1 212371533804557450641139 0 0
bin 4713689 4718403 1 211966393152298489379105 1 211966393152298489379105 0 0
bin 4718403 4723122 2 423663418530471111150662 2 423663418530471111150662 0 0
bin 4723122 4727846 1 211670271058599009510133 0 0 1 211670271058599009510133
bin 4727846 4732574 1 211446844060701314205569 1 211446844060701314205569 0 0
bin 4732574 4737307 3 633564641519018290694744 3 633564641519018290694744 0 0
bin 4737307 4742045 6 1265880320085612330565754 6 1265880320085612330565754 0 0
bin 4742045 4746788 1 210765523565798572653721 1 210765523565798572653721 0 0
bin 4746788 4751535 1 210494010498178279586143 1 210494010498178279586143 0 0
bin 4751535 4756287 3 631027238834175336387581 3 631027238834175336387581 0 0
bin 4756287 4761044 6 1260867459105622370188635 6 1260867459105622370188635 0 0
bin 4761044 4765806 3 629707991868787103486925 3 629707991868787103486925 0 0
bin 4765806 4770572 1 209664660245756334860460 1 209664660245756334860460 0 0
bin 4770572 4775343 2 419079449227250856476045 2 419079449227250856476045 0 0
bin 4775343 4780119 3 627868225800780999915354 3 627868225800780999915354 0 0
bin 4780119 4784900 2 418061868988641983343961 2 418061868988641983343961 0 0
bin 4789685 4794475 2 417177622603406884094566 2 417177622603406884094566 0 0
bin 4794475 4799270 3 625402277392879445233951 3 625402277392879445233951 0 0
bin 4799270 4804070 1 208258316952081219077544 1 208258316952081219077544 0 0
bin 4804070 4808875 3 624238309323407167953989 3 624238309323407167953989 0 0
bin 4808875 4813684 5 1039130061483887385667016 4 831347395503457603845049 1 207782665980429781821967
bin 4813684 4818498 3 622960743373162043635846 3 622960743373162043635846 0 0
bin 4818498 4823317 1 207428900114480009973181 1 207428900114480009973181 0 0
bin 4823317 4828141 4 829080012076819371637124 4 829080012076819371637124 0 0
bin 4828141 4832970 2 413987095794281905348181 2 413987095794281905348181 0 0
bin 4832970 4837803 1 206715739605143997150630 1 206715739605143997150630 0 0
bin 4837803 4842641 3 619843884853980420199335 3 619843884853980420199335 0 0
bin 4842641 4847484 1 206377860113371613674679 1 206377860113371613674679 0 0
bin 4852332 4857185 2 411971200247446275865503 2 411971200247446275865503 0 0
bin 4857185 4862043 2 411431132235900128317124 2 411431132235900128317124 0 0
bin 4862043 4866906 3 616650457622635125045148 3 616650457622635125045148 0 0
bin 4866906 4871773 2 410769999173658272000734 2 410769999173658272000734 0 0
bin 4871773 4876645 3 615552207881145229776622 3 615552207881145229776622 0 0
bin 4876645 4881522 3 615000991927043211996672 3 615000991927043211996672 0 0
bin 4881522 4886404 2 409395715727242225368403 2 409395715727242225368403 0 0
bin 4886404 4891291 3 613687585002388155377308 3 613687585002388155377308 0 0
bin 4891291 4896183 3 613033508822616995236504 3 613033508822616995236504 0 0
bin 4896183 4901080 1 204186267697589519853949 1 204186267697589519853949 0 0
bin 4901080 4905982 2 407879890658504466874229 2 407879890658504466874229 0 0
bin 4905982 4910888 2 407466041944035536987305 2 407466041944035536987305 0 0
bin 4910888 4915799 1 203478298734222547064021 1 203478298734222547064021 0 0
bin 4915799 4920715 1 203284715083258304333074 1 203284715083258304333074 0 0
bin 4920715 4925636 4 812419550859551093625529 4 812419550859551093625529 0 0
bin 4925636 4930562 2 406023686264023686774111 2 406023686264023686774111 0 0
bin 4930562 4935493 1 202629276972135029718622 1 202629276972135029718622 0 0
bin 4935493 4940429 1 202612526438402043630986 1 202612526438402043630986 0 0
bin 4940429 4945370 1 202309525076366787978201 1 202309525076366787978201 0 0
bin 4945370 4950316 4 808465811665233814671315 4 808465811665233814671315 0 0
bin 4950316 4955267 2 403778969936322201982508 2 403778969936322201982508 0 0
bin 4955267 4960223 3 604985955672580519578376 3 604985955672580519578376 0 0
bin 4960223 4965184 4 805974396477927783976624 4 805974396477927783976624 0 0
bin 4965184 4970150 1 201385491907223314962277 1 201385491907223314962277 0 0
bin 4970150 4975121 6 1206500440044063889374237 6 1206500440044063889374237 0 0
bin 4975121 4980097 4 803516707173145012751529 4 803516707173145012751529 0 0
bin 4980097 4985078 5 1003466569016862480668197 5 1003466569016862480668197 0 0
bin 4985078 4990064 1 200484330044521555172986 1 200484330044521555172986 0 0
bin 4990064 4995055 2 400619812246249669152582 2 400619812246249669152582 0 0
bin 4995055 5000051 6 1200506962175303205251814 6 1200506962175303205251814 0 0
bin 5000051 5005052 4 799650909823216138578300 4 799650909823216138578300 0 0
bin 5005052 5010058 4 798673782516749270223891 4 798673782516749270223891 0 0
bin 5010058 5015069 3 598564318868386911202939 3 598564318868386911202939 0 0
bin 5015069 5020085 3 597848598620113843556826 3 597848598620113843556826 0 0
bin 5020085 5025106 5 995499292301179695685824 5 995499292301179695685824 0 0
bin 5025106 5030132 4 795624589082693328324111 4 795624589082693328324111 0 0
bin 5030132 5035163 1 198743898810736383906434 1 198743898810736383906434 0 0
bin 5035163 5040199 1 198467473860345186538586 1 198467473860345186538586 0 0
bin 5045240 5050286 4 792594803049339704194474 4 792594803049339704194474 0 0
bin 5050286 5055337 4 791634926045711843540616 4 791634926045711843540616 0 0
bin 5055337 5060393 1 197748788244862832541777 1 197748788244862832541777 0 0
bin 5060393 5065454 2 395153454858449454016749 2 395153454858449454016749 0 0
bin 5065454 5070520 1 197388120906540475125050 1 197388120906540475125050 0 0
bin 5070520 5075591 2 394270090115024494353790 2 394270090115024494353790 0 0
bin 5075591 5080667 2 393911329492154755378006 2 393911329492154755378006 0 0
bin 5080667 5085748 4 786858405057171637566886 4 786858405057171637566886 0 0
bin 5085748 5090834 1 196480600193219022230011 1 196480600193219022230011 0 0
bin 5090834 5095925 5 981749394830272612918810 5 981749394830272612918810 0 0
bin 5095925 5101021 4 784666246924393518842692 4 784666246924393518842692 0 0
bin 5101021 5106123 3 587834993363713941915584 3 587834993363713941915584 0 0
bin 5106123 5111230 2 391326254633350113228057 2 391326254633350113228057 0 0
bin 5111230 5116342 1 195641077661486547426038 1 195641077661486547426038 0 0
bin 5116342 5121459 2 390750099564595107620757 2 390750099564595107620757 0 0
bin 5121459 5126581 3 585423316646933440805765 3 585423316646933440805765 0 0
bin 5126581 5131708 1 194993768974112432237227 1 194993768974112432237227 0 0
bin 5131708 5136840 2 389529112604209400789416 2 389529112604209400789416 0 0
bin 5141977 5147119 3 583045886583245309730477 3 583045886583245309730477 0 0
bin 5147119 5152267 3 582466256152545266162934 3 582466256152545266162934 0 0
bin 5152267 5157420 4 775882943090252036606980 4 775882943090252036606980 0 0
bin 5162578 5167741 3 580727175675358634663756 3 580727175675358634663756 0 0
bin 5167741 5172909 2 386763047471550002300425 2 386763047471550002300425 0 0
bin 5172909 5178082 1 193127406729601738455664 1 193127406729601738455664 0 0
bin 5178082 5183261 2 386120596772270996710005 2 386120596772270996710005 0 0
bin 5183261 5188445 2 385655152138100846859583 2 385655152138100846859583 0 0
bin 5188445 5193634 2 385250418478983272505725 2 385250418478983272505725 0 0
bin 5193634 5198828 2 384807433843830355674863 2 384807433843830355674863 0 0
bin 5198828 5204027 4 769015665401725047005969 4 769015665401725047005969 0 0
bin 5209232 5214442 3 575540840475970320082798 3 575540840475970320082798 0 0
bin 5214442 5219657 4 766861645212792848209798 4 766861645212792848209798 0 0
bin 5219657 5224877 4 766022785946983533947160 4 766022785946983533947160 0 0
bin 5224877 5230102 2 382591994125076278353256 2 382591994125076278353256 0 0
bin 5230102 5235333 1 191148998541724290125185 1 191148998541724290125185 0 0
bin 5235333 5240569 2 381794443735631691471614 2 381794443735631691471614 0 0
bin 5240569 5245810 4 762956254245157274456410 4 762956254245157274456410 0 0
bin 5245810 5251056 3 571503472732078511683573 3 571503472732078511683573 0 0
bin 5251056 5256308 2 380639135763368157501213 2 380639135763368157501213 0 0
bin 5256308 5261565 1 190100732477132307638494 1 190100732477132307638494 0 0
bin 5261565 5266827 2 379889498981008199068932 2 379889498981008199068932 0 0
bin 5266827 5272094 4 759071397841078223091898 4 759071397841078223091898 0 0
bin 5277367 5282645 1 189312155108749420941445 1 189312155108749420941445 0 0
bin 5282645 5287928 3 567486127119336692279366 3 567486127119336692279366 0 0
bin 5287928 5293216 2 378118387251884795367195 2 378118387251884795367195 0 0
bin 5293216 5298510 3 566587594720030415431364 3 566587594720030415431364 0 0
bin 5303809 5309113 3 565295340895552433860675 3 565295340895552433860675 0 0
bin 5309113 5314423 3 564764102161292026378021 3 564764102161292026378021 0 0
bin 5314423 5319738 1 188139356326345774926254 1 188139356326345774926254 0 0
bin 5319738 5325058 3 563543598696669092466441 3 563543598696669092466441 0 0
bin 5325058 5330384 2 375383808259008473865701 2 375383808259008473865701 0 0
bin 5330384 5335715 2 374987649271422423497241 2 374987649271422423497241 0 0
bin 5335715 5341051 4 749409654502057928648465 4 749409654502057928648465 0 0
bin 5341051 5346393 3 561451960531950248298399 3 561451960531950248298399 0 0
bin 5346393 5351740 2 373845432179690762732855 2 373845432179690762732855 0 0
bin 5351740 5357092 4 746962871091802773225320 4 746962871091802773225320 0 0
bin 5357092 5362450 2 373210871140463681020024 2 373210871140463681020024 0 0
bin 5362450 5367813 4 745485224205457636440251 4 745485224205457636440251 0 0
bin 5367813 5373181 6 1117209352421167798949287 6 1117209352421167798949287 0 0
bin 5373181 5378555 1 186080819738113575916973 1 186080819738113575916973 0 0
bin 5378555 5383934 1 185804499107302284038966 1 185804499107302284038966 0 0
bin 5383934 5389318 3 556833314918557785869343 2 371158808640995565878104 1 185674506277562219991239
bin 5389318 5394708 2 370974585334448194273674 2 370974585334448194273674 0 0
bin 5394708 5400103 4 741032103570931120662265 4 741032103570931120662265 0 0
bin 5405504 5410910 4 739613166431904702010329 4 739613166431904702010329 0 0
bin 5410910 5416321 6 1108265632955685933734211 6 1108265632955685933734211 0 0
bin 5416321 5421738 1 184502900293341161176383 1 184502900293341161176383 0 0
bin 5421738 5427160 3 553045055406658886112210 3 553045055406658886112210 0 0
bin 5427160 5432588 3 552454372530486180318271 3 552454372530486180318271 0 0
bin 5432588 5438021 1 184050581517014832084212 1 184050581517014832084212 0 0
bin 5438021 5443460 2 367561336747629088343445 2 367561336747629088343445 0 0
bin 5443460 5448904 1 183618275233144714520404 0 0 1 183618275233144714520404
bin 5448904 5454353 4 733697964320873033288542 4 733697964320873033288542 0 0
bin 5454353 5459808 6 1099528485346010574162032 6 1099528485346010574162032 0 0
bin 5459808 5465268 4 732235328998094572635500 4 732235328998094572635500 0 0
bin 5465268 5470734 2 365651780143727951369218 2 365651780143727951369218 0 0
bin 5470734 5476205 4 730806576023516686504550 4 730806576023516686504550 0 0
bin 5476205 5481682 4 730106291305173317670250 4 730106291305173317670250 0 0
bin 5481682 5487164 5 911698501694803064504842 5 911698501694803064504842 0 0
bin 5487164 5492652 4 728731131881339791221387 4 728731131881339791221387 0 0
bin 5492652 5498145 3 545868191707380236440262 3 545868191707380236440262 0 0
bin 5503644 5509148 5 908053726881333741478960 5 908053726881333741478960 0 0
bin 5509148 5514658 3 544237778136987741890673 3 544237778136987741890673 0 0
bin 5514658 5520173 2 362545760902956688025710 2 362545760902956688025710 0 0
bin 5525694 5531220 4 723584516158272877525648 4 723584516158272877525648 0 0
bin 5531220 5536752 4 722835197450166138098830 4 722835197450166138098830 0 0
bin 5536752 5542289 3 541681204312128290756622 3 541681204312128290756622 0 0
bin 5542289 5547832 3 541036449660682109415400 3 541036449660682109415400 0 0
bin 5547832 5553380 3 540603572655078094523691 3 540603572655078094523691 0 0
bin 5553380 5558934 5 899773246149835004014989 5 899773246149835004014989 0 0
bin 5558934 5564493 3 539345546172911121754017 3 539345546172911121754017 0 0
bin 5564493 5570058 2 359379674750109166999040 2 359379674750109166999040 0 0
bin 5570058 5575629 3 538412446317188434175472 3 538412446317188434175472 0 0
bin 5575629 5581205 2 358537005748233163656693 2 358537005748233163656693 0 0
bin 5581205 5586787 2 358259552151178041992260 2 358259552151178041992260 0 0
bin 5586787 5592374 5 894334719656354152823963 5 894334719656354152823963 0 0
bin 5592374 5597967 2 357428233339858039836065 2 357428233339858039836065 0 0
bin 5597967 5603565 1 178604566097174100694753 1 178604566097174100694753 0 0
bin 5603565 5609169 3 535188950411020496009325 3 535188950411020496009325 0 0
bin 5609169 5614779 5 891066482940226833137308 5 891066482940226833137308 0 0
bin 5614779 5620394 3 534032759145227261929246 3 534032759145227261929246 0 0
bin 5620394 5626015 1 177745894114282433604354 1 177745894114282433604354 0 0
bin 5626015 5631642 3 533008040834080307443010 3 533008040834080307443010 0 0
bin 5631642 5637274 4 709877566009028350508343 4 709877566009028350508343 0 0
bin 5637274 5642912 2 354529174745863316299935 2 354529174745863316299935 0 0
bin 5642912 5648555 2 354114862456334586737525 2 354114862456334586737525 0 0
bin 5648555 5654204 1 177018690164363624004513 1 177018690164363624004513 0 0
bin 5654204 5659859 1 176833127352212155898207 1 176833127352212155898207 0 0
bin 5659859 5665519 1 176671921478517842715701 1 176671921478517842715701 0 0
bin 5665519 5671185 3 529367838578664517854104 3 529367838578664517854104 0 0
bin 5671185 5676857 1 176154308355650616249424 1 176154308355650616249424 0 0
bin 5676857 5682534 3 528229234808715727123888 3 528229234808715727123888 0 0
bin 5682534 5688217 3 527771989569547446764757 3 527771989569547446764757 0 0
bin 5688217 5693906 3 527067289076888329213456 3 527067289076888329213456 0 0
bin 5693906 5699600 2 351160283639015039503473 2 351160283639015039503473 0 0
bin 5699600 5705300 4 701399184072373817679081 4 701399184072373817679081 0 0
bin 5705300 5711006 2 350440397516912363440096 2 350440397516912363440096 0 0
bin 5711006 5716718 2 350042935970819809368057 2 350042935970819809368057 0 0
bin 5716718 5722435 6 1048909132197430104146521 6 1048909132197430104146521 0 0
bin 5722435 5728158 3 523906103708731067443839 3 523906103708731067443839 0 0
bin 5728158 5733887 3 523446883588557949038284 3 523446883588557949038284 0 0
bin 5733887 5739621 3 522865165114059390222017 3 522865165114059390222017 0 0
bin 5739621 5745361 2 348306993858006606646304 2 348306993858006606646304 0 0
bin 5745361 5751107 3 521715825355438811918821 3 521715825355438811918821 0 0
bin 5751107 5756859 2 347558905814811797127815 2 347558905814811797127815 0 0
bin 5756859 5762616 1 173700102257250198843192 1 173700102257250198843192 0 0
bin 5762616 5768379 4 693740540759963887984205 4 693740540759963887984205 0 0
bin 5768379 5774148 5 866461204548811186909743 5 866461204548811186909743 0 0
bin 5774148 5779923 3 519360322477196533761250 3 519360322477196533761250 0 0
bin 5779923 5785703 7 1210484004080923543655509 7 1210484004080923543655509 0 0
bin 5785703 5791489 1 172772415018000294058650 1 172772415018000294058650 0 0
bin 5791489 5797281 2 345144878187233137476232 2 345144878187233137476232 0 0
bin 5797281 5803079 4 689714069231242893424661 4 689714069231242893424661 0 0
bin 5803079 5808883 2 344539802731517200064899 2 344539802731517200064899 0 0
bin 5808883 5814692 2 344164127056474205722651 2 344164127056474205722651 0 0
bin 5814692 5820507 3 515750321954606646665255 3 515750321954606646665255 0 0
bin 5820507 5826328 1 171770276493460963229308 1 171770276493460963229308 0 0
bin 5826328 5832155 5 857553989251569820051519 5 857553989251569820051519 0 0
bin 5832155 5837988 2 342706998170394643065724 2 342706998170394643065724 0 0
bin 5837988 5843826 3 513614149222808579246503 3 513614149222808579246503 0 0
bin 5843826 5849670 4 684133233611575833127217 4 684133233611575833127217 0 0
bin 5849670 5855520 1 170845519601875268761358 1 170845519601875268761358 0 0
bin 5855520 5861376 2 341367754222122269422326 2 341367754222122269422326 0 0
bin 5861376 5867238 4 682120727513449543590098 4 682120727513449543590098 0 0
bin 5867238 5873106 4 681397049721709382348099 4 681397049721709382348099 0 0
bin 5873106 5878980 3 510466522404275413016856 3 510466522404275413016856 0 0
bin 5878980 5884859 3 509991021934531358806867 3 509991021934531358806867 0 0
bin 5884859 5890744 5 849383843097475064703141 5 849383843097475064703141 0 0
bin 5890744 5896635 2 339363786495422450264114 2 339363786495422450264114 0 0
bin 5896635 5902532 3 508578665363325640478585 3 508578665363325640478585 0 0
bin 5902532 5908435 3 507954550913517776159054 3 507954550913517776159054 0 0
bin 5908435 5914344 1 169189593689498858731595 1 169189593689498858731595 0 0
bin 5914344 5920259 1 169038587959820879950654 1 169038587959820879950654 0 0
bin 5920259 5926180 4 675374867962829103367174 4 675374867962829103367174 0 0
bin 5926180 5932107 4 674424467250698870653551 4 674424467250698870653551 0 0
bin 5932107 5938040 5 842556876503128082145469 4 673990153832977253699026 1 168566722670150828446443
bin 5938040 5943979 8 1346348307728215362855880 8 1346348307728215362855880 0 0
bin 5943979 5949923 1 168233226432333484014226 1 168233226432333484014226 0 0
bin 5949923 5955873 4 672044936100027825701117 4 672044936100027825701117 0 0
bin 5955873 5961829 1 167894281671871109574691 1 167894281671871109574691 0 0
bin 5961829 5967791 2 335331885845137838057835 2 335331885845137838057835 0 0
bin 5967791 5973759 2 334893899373512953752210 2 334893899373512953752210 0 0
bin 5973759 5979733 2 334576569265599297868798 2 334576569265599297868798 0 0
bin 5979733 5985713 4 668586118297836228520929 4 668586118297836228520929 0 0
bin 5985713 5991699 2 333971230480260654811077 2 333971230480260654811077 0 0
bin 5991699 5997691 2 333592145886185875869465 2 333592145886185875869465 0 0
bin 5997691 6003689 3 499943960606027677860647 3 499943960606027677860647 0 0
bin 6003689 6009693 4 665829633342291276958121 4 665829633342291276958121 0 0
bin 6009693 6015703 2 332728379312423617525462 2 332728379312423617525462 0 0
bin 6015703 6021719 3 498551471246425991477632 3 498551471246425991477632 0 0
bin 6021719 6027741 5 830002595166975591622397 5 830002595166975591622397 0 0
bin 6027741 6033769 3 497614689576289416533666 3 497614689576289416533666 0 0
bin 6033769 6039803 3 496924354343093009069012 3 496924354343093009069012 0 0
bin 6039803 6045843 5 827426053549458577424864 5 827426053549458577424864 0 0
bin 6045843 6051889 1 165271745588607884685275 1 165271745588607884685275 0 0
bin 6051889 6057941 2 330354168252580597010560 2 330354168252580597010560 0 0
bin 6057941 6063999 3 494907656014130342102762 3 494907656014130342102762 0 0
bin 6063999 6070063 2 329662819506854161358821 2 329662819506854161358821 0 0
bin 6070063 6076134 3 494046984409182185399691 3 494046984409182185399691 0 0
bin 6076134 6082211 5 822568157354271397733100 5 822568157354271397733100 0 0
bin 6082211 6088294 3 493033720887292514488183 3 493033720887292514488183 0 0
bin 6088294 6094383 4 656754871722726077561476 4 656754871722726077561476 0 0
bin 6094383 6100478 2 328053614024701546049220 2 328053614024701546049220 0 0
bin 6100478 6106579 3 491381748009828818254219 3 491381748009828818254219 0 0
bin 6106579 6112686 4 654691004961565684661521 4 654691004961565684661521 0 0
bin 6112686 6118799 3 490444758651897384104503 3 490444758651897384104503 0 0
bin 6118799 6124918 1 163410200947158206729918 0 0 1 163410200947158206729918
bin 6124918 6131043 6 979123032561834961038534 6 979123032561834961038534 0 0
bin 6131043 6137175 3 488911418258010190661125 3 488911418258010190661125 0 0
bin 6137175 6143313 2 325801413452573328380829 2 325801413452573328380829 0 0
bin 6143313 6149457 3 488189647112432697867242 3 488189647112432697867242 0 0
bin 6149457 6155607 1 162495699957539873601094 1 162495699957539873601094 0 0
bin 6155607 6161763 3 487208445039984264195999 3 487208445039984264195999 0 0
bin 6161763 6167925 3 486729100379580314940646 3 486729100379580314940646 0 0
bin 6167925 6174093 3 486118334472273722619577 3 486118334472273722619577 0 0
bin 6174093 6180268 5 809385805463681430791585 5 809385805463681430791585 0 0
bin 6180268 6186449 4 646833385700496582184230 4 646833385700496582184230 0 0
bin 6186449 6192636 1 161564434885574412458815 1 161564434885574412458815 0 0
bin 6192636 6198829 2 322735301494575616933242 2 322735301494575616933242 0 0
bin 6198829 6205028 1 161220607669490015688377 1 161220607669490015688377 0 0
bin 6205028 6211234 3 483305925054553949320368 3 483305925054553949320368 0 0
bin 6211234 6217446 5 804598146945719803884183 5 804598146945719803884183 0 0
bin 6217446 6223664 3 482281565156150671112876 3 482281565156150671112876 0 0
bin 6223664 6229888 6 963543943654236491254224 6 963543943654236491254224 0 0
bin 6229888 6236118 3 481398680796733545204603 3 481398680796733545204603 0 0
bin 6242355 6248598 5 800343679156419722951016 5 800343679156419722951016 0 0
bin 6248598 6254847 3 479790531765824020593942 3 479790531765824020593942 0 0
bin 6254847 6261102 2 319672404392420085222442 2 319672404392420085222442 0 0
bin 6261102 6267364 5 798181995907090196967849 5 798181995907090196967849 0 0
bin 6267364 6273632 4 638014011772312380791562 4 638014011772312380791562 0 0
bin 6273632 6279906 2 318586565858772914143870 2 318586565858772914143870 0 0
bin 6279906 6286186 2 318174189237146459020711 2 318174189237146459020711 0 0
bin 6286186 6292473 2 317884118152207942051173 2 317884118152207942051173 0 0
bin 6292473 6298766 5 794222542570100717963982 5 794222542570100717963982 0 0
bin 6298766 6305065 5 793498330371851499222542 5 793498330371851499222542 0 0
bin 6305065 6311371 1 158530837656337167190267 1 158530837656337167190267 0 0
bin 6311371 6317683 3 475153249410686176408921 3 475153249410686176408921 0 0
bin 6317683 6324001 3 474589173635534168097094 3 474589173635534168097094 0 0
bin 6324001 6330326 2 316132523275206799345279 2 316132523275206799345279 0 0
bin 6330326 6336657 4 631636657905816515159129 4 631636657905816515159129 0 0
bin 6336657 6342994 2 315465374603366539751098 2 315465374603366539751098 0 0
bin 6342994 6349337 4 630331757569941059969403 4 630331757569941059969403 0 0
bin 6349337 6355687 3 472274345580691387242591 3 472274345580691387242591 0 0
bin 6355687 6362043 3 471886795266737204497736 3 471886795266737204497736 0 0
bin 6362043 6368406 5 785388138209539137476497 5 785388138209539137476497 0 0
bin 6368406 6374775 3 470906092510113456672864 3 470906092510113456672864 0 0
bin 6374775 6381150 5 783919379419497412695359 5 783919379419497412695359 0 0
bin 6381150 6387532 3 469875285632379006545895 3 469875285632379006545895 0 0
bin 6387532 6393920 3 469451759466008149278616 3 469451759466008149278616 0 0
bin 6393920 6400314 3 469084763153501307601683 3 469084763153501307601683 0 0
bin 6400314 6406715 4 624617920813974847232836 4 624617920813974847232836 0 0
bin 6413122 6419536 2 311693069090243525584279 2 311693069090243525584279 0 0
bin 6419536 6425956 4 622663568351905122611942 4 622663568351905122611942 0 0
bin 6425956 6432382 2 311051447210755938759049 2 311051447210755938759049 0 0
bin 6432382 6438815 5 776924847312652366897283 5 776924847312652366897283 0 0
bin 6438815 6445254 3 465818194479054598820993 3 465818194479054598820993 0 0
bin 6445254 6451700 3 465194107751316780986572 3 465194107751316780986572 0 0
bin 6451700 6458152 2 309802561495500161803771 2 309802561495500161803771 0 0
bin 6458152 6464611 3 464241618049160774562640 3 464241618049160774562640 0 0
bin 6464611 6471076 3 463706550252978583407349 3 463706550252978583407349 0 0
bin 6471076 6477548 5 772094429573301230021497 5 772094429573301230021497 0 0
bin 6477548 6484026 4 617254768672920494639215 4 617254768672920494639215 0 0
bin 6484026 6490511 4 616514948140459480143795 4 616514948140459480143795 0 0
bin 6490511 6497002 2 308003719921536614787958 2 308003719921536614787958 0 0
bin 6497002 6503500 5 769143607849777833748544 5 769143607849777833748544 0 0
bin 6516515 6523032 2 306733933717078651346391 2 306733933717078651346391 0 0
bin 6523032 6529556 1 153280924541486938395936 1 153280924541486938395936 0 0
bin 6529556 6536086 3 459180637186837762274736 3 459180637186837762274736 0 0
bin 6536086 6542623 3 458683577136214590562967 3 458683577136214590562967 0 0
bin 6542623 6549166 1 152755503055186438855256 1 152755503055186438855256 0 0
bin 6549166 6555716 6 915638454837658316490979 6 915638454837658316490979 0 0
bin 6555716 6562272 2 304981038279452999188802 2 304981038279452999188802 0 0
bin 6562272 6568835 3 456924756873718935955976 3 456924756873718935955976 0 0
bin 6568835 6575404 7 1065143793042311545311471 7 1065143793042311545311471 0 0
bin 6575404 6581980 2 303990885735380676251551 2 303990885735380676251551 0 0
bin 6581980 6588562 3 455556496504084403656816 3 455556496504084403656816 0 0
bin 6588562 6595151 3 455137904839718900695586 3 455137904839718900695586 0 0
bin 6595151 6601747 3 454631362953190573856976 3 454631362953190573856976 0 0
bin 6601747 6608349 3 454158978658834317407988 3 454158978658834317407988 0 0
bin 6608349 6614958 3 453891236243366962965473 3 453891236243366962965473 0 0
bin 6614958 6621573 3 453349121537234945823151 3 453349121537234945823151 0 0
bin 6621573 6628195 3 452929145067516353315767 3 452929145067516353315767 0 0
bin 6628195 6634824 2 301689116261656329639598 2 301689116261656329639598 0 0
bin 6634824 6641459 1 150604927281163886926423 1 150604927281163886926423 0 0
bin 6641459 6648101 1 150517879341556526462774 1 150517879341556526462774 0 0
bin 6648101 6654750 4 601213114631971036452200 4 601213114631971036452200 0 0
bin 6654750 6661405 5 750970966934993925193652 5 750970966934993925193652 0 0
bin 6661405 6668067 2 300189375659838742990331 2 300189375659838742990331 0 0
bin 6668067 6674736 3 449646178059708735904826 2 299810300787878435224677 1 149835877271830300680149
bin 6674736 6681411 5 748759957857157914124240 5 748759957857157914124240 0 0
bin 6681411 6688093 5 748096901305867379757734 5 748096901305867379757734 0 0
bin 6688093 6694782 3 448326461973252905181596 3 448326461973252905181596 0 0
bin 6694782 6701477 3 447850988822813147178183 3 447850988822813147178183 0 0
bin 6708179 6714888 3 447014426473444160295671 3 447014426473444160295671 0 0
bin 6714888 6721603 5 744254382119754616482030 5 744254382119754616482030 0 0
bin 6721603 6728325 3 445998974159085789778618 3 445998974159085789778618 0 0
bin 6728325 6735054 4 594336477122276570589284 4 594336477122276570589284 0 0
bin 6735054 6741790 2 296861483372793040290620 2 296861483372793040290620 0 0
bin 6741790 6748532 2 296448035425783949873892 2 296448035425783949873892 0 0
bin 6748532 6755281 1 148158661925787029924049 1 148158661925787029924049 0 0
bin 6755281 6762037 6 887714685884000153092100 6 887714685884000153092100 0 0
bin 6762037 6768800 3 443425367858406801183022 3 443425367858406801183022 0 0
bin 6768800 6775569 2 295266364203864043355726 2 295266364203864043355726 0 0
bin 6775569 6782345 6 885200602049444418739820 6 885200602049444418739820 0 0
bin 6782345 6789128 2 294764019414140164815225 2 294764019414140164815225 0 0
bin 6789128 6795918 5 736035817525351660682423 5 736035817525351660682423 0 0
bin 6795918 6802714 6 882470182993268295155858 6 882470182993268295155858 0 0
bin 6802714 6809517 2 293905822623574991491369 2 293905822623574991491369 0 0
bin 6809517 6816327 2 293586392279623503732418 2 293586392279623503732418 0 0
bin 6816327 6823144 2 293289320427157375476389 2 293289320427157375476389 0 0
bin 6823144 6829968 2 292932636405432811231762 2 292932636405432811231762 0 0
bin 6829968 6836798 4 585402785190169259182652 4 585402785190169259182652 0 0
bin 6836798 6843635 3 438671345361530605743257 3 438671345361530605743257 0 0
bin 6843635 6850479 5 730253584337749355055101 5 730253584337749355055101 0 0
bin 6850479 6857330 5 729430812593766912338097 5 729430812593766912338097 0 0
bin 6857330 6864188 6 874668658688087778396232 6 874668658688087778396232 0 0
bin 6864188 6871053 2 291255613956359741602687 2 291255613956359741602687 0 0
bin 6871053 6877925 1 145417128305458566370340 1 145417128305458566370340 0 0
bin 6877925 6884803 3 435991259238138174043572 3 435991259238138174043572 0 0
bin 6884803 6891688 3 435654360745602454285470 3 435654360745602454285470 0 0
bin 6891688 6898580 4 580091420156196174767983 3 435076643875567060064341 1 145014776280629114703642
bin 6898580 6905479 4 579585660019986352303305 4 579585660019986352303305 0 0
bin 6905479 6912385 5 723526773630068403932691 5 723526773630068403932691 0 0
bin 6912385 6919298 3 433788268770923801513319 3 433788268770923801513319 0 0
bin 6919298 6926218 4 577879982618935079776950 4 577879982618935079776950 0 0
bin 6933145 6940079 3 432539922518129347029243 3 432539922518129347029243 0 0
bin 6940079 6947020 2 287970950164622685478555 2 287970950164622685478555 0 0
bin 6947020 6953968 2 287784515916576763850326 2 287784515916576763850326 0 0
bin 6953968 6960922 1 143752495004241417365100 1 143752495004241417365100 0 0
bin 6960922 6967883 4 574257640581016317720137 4 574257640581016317720137 0 0
bin 6967883 6974851 5 717184396297886848701806 5 717184396297886848701806 0 0
bin 6974851 6981826 3 429947700127176283959988 3 429947700127176283959988 0 0
bin 6981826 6988808 3 429526654693672482418904 3 429526654693672482418904 0 0
bin 6988808 6995797 1 143066408136129404138424 1 143066408136129404138424 0 0
bin 6995797 7002793 5 714360244114389293657777 5 714360244114389293657777 0 0
bin 7002793 7009796 1 142723370281083687132674 1 142723370281083687132674 0 0
bin 7009796 7016806 3 427714006993665533415379 3 427714006993665533415379 0 0
bin 7016806 7023823 1 142424802196874088926343 1 142424802196874088926343 0 0
bin 7023823 7030847 3 426960198121152564292246 3 426960198121152564292246 0 0
bin 7030847 7037878 4 568603064031524186309841 4 568603064031524186309841 0 0
bin 7037878 7044916 3 426054022556533223245955 3 426054022556533223245955 0 0
bin 7044916 7051961 2 283778714965580766443817 2 283778714965580766443817 0 0
bin 7051961 7059013 3 425313711642384016473273 3 425313711642384016473273 0 0
bin 7059013 7066073 2 283183286749247437264574 2 283183286749247437264574 0 0
bin 7066073 7073140 3 424177376601123535911677 2 282777240941833384388706 1 141400135659290151522971
bin 7073140 7080214 4 565187697516473185476494 4 565187697516473185476494 0 0
bin 7080214 7087295 2 282234698220056437726935 2 282234698220056437726935 0 0
bin 7087295 7094383 8 1128345136526239281329666 8 1128345136526239281329666 0 0
bin 7094383 7101478 2 281719953275720409877575 2 281719953275720409877575 0 0
bin 7101478 7108580 5 703723685348041901013447 5 703723685348041901013447 0 0
bin 7108580 7115689 3 421845994997432727120845 3 421845994997432727120845 0 0
bin 7115689 7122805 2 280845040118306358333458 2 280845040118306358333458 0 0
bin 7122805 7129928 3 421056831274693748547631 3 421056831274693748547631 0 0
bin 7129928 7137058 5 700801133706173369450821 5 700801133706173369450821 0 0
bin 7137058 7144196 8 1120369002719986689966098 8 1120369002719986689966098 0 0
bin 7144196 7151341 3 419865991857644916183419 3 419865991857644916183419 0 0
bin 7151341 7158493 3 419303116871616123547193 3 419303116871616123547193 0 0
bin 7158493 7165652 2 279261571881726305325462 2 279261571881726305325462 0 0
bin 7165652 7172818 3 418480037528514915658487 3 418480037528514915658487 0 0
bin 7172818 7179991 4 557413606370801558790328 4 557413606370801558790328 0 0
bin 7179991 7187171 2 278415775746142512155416 2 278415775746142512155416 0 0
bin 7187171 7194359 3 417174189532245543902002 3 417174189532245543902002 0 0
bin 7194359 7201554 3 416756003617283416718096 3 416756003617283416718096 0 0
bin 7201554 7208756 6 832526630238346213239338 6 832526630238346213239338 0 0
bin 7208756 7215965 6 831858151342447857136505 6 831858151342447857136505 0 0
bin 7215965 7223181 6 831085662098324841753185 6 831085662098324841753185 0 0
bin 7223181 7230405 2 276723886848894493340649 2 276723886848894493340649 0 0
bin 7230405 7237636 3 414665196493932514496314 3 414665196493932514496314 0 0
bin 7237636 7244874 4 552385304469833906206824 4 552385304469833906206824 0 0
bin 7244874 7252119 3 413895866391847504475246 3 413895866391847504475246 0 0
bin 7252119 7259372 4 551237003043623476078864 4 551237003043623476078864 0 0
bin 7259372 7266632 4 550650597820064788446733 4 550650597820064788446733 0 0
bin 7266632 7273899 5 687566879951868692241023 5 687566879951868692241023 0 0
bin 7273899 7281173 2 274896371712262904260201 2 274896371712262904260201 0 0
bin 7281173 7288455 5 686270443923443982786160 5 686270443923443982786160 0 0
bin 7288455 7295744 5 685629936492587576486304 5 685629936492587576486304 0 0
bin 7295744 7303040 3 410997587049771275907484 3 410997587049771275907484 0 0
bin 7303040 7310344 1 136912762336832504075550 1 136912762336832504075550 0 0
bin 7310344 7317655 5 683496149183271762080915 5 683496149183271762080915 0 0
bin 7317655 7324973 1 136632162035906658918712 1 136632162035906658918712 0 0
bin 7324973 7332298 3 409405590075079734964012 3 409405590075079734964012 0 0
bin 7332298 7339631 8 1090515741466725185947297 8 1090515741466725185947297 0 0
bin 7339631 7346971 7 953109568688978968657155 7 953109568688978968657155 0 0
bin 7346971 7354318 5 680120578224425179867945 5 680120578224425179867945 0 0
bin 7354318 7361673 1 135943429045210842140994 1 135943429045210842140994 0 0
bin 7361673 7369035 3 407394330043377329033759 3 407394330043377329033759 0 0
bin 7369035 7376405 4 542410636889988947427154 4 542410636889988947427154 0 0
bin 7376405 7383782 5 677507203620361433324409 5 677507203620361433324409 0 0
bin 7383782 7391166 4 541556752534394092233263 4 541556752534394092233263 0 0
bin 7391166 7398558 2 270506963984078155591674 2 270506963984078155591674 0 0
bin 7398558 7405957 1 135094953514501970427444 1 135094953514501970427444 0 0
bin 7405957 7413363 3 404915553296201280296628 3 404915553296201280296628 0 0
bin 7413363 7420777 5 674114038794267112720095 5 674114038794267112720095 0 0
bin 7420777 7428198 3 404010372618934510016237 3 404010372618934510016237 0 0
bin 7428198 7435627 4 538235095469571755655082 4 538235095469571755655082 0 0
bin 7435627 7443063 2 268855348973096441880831 2 268855348973096441880831 0 0
bin 7443063 7450507 5 671390660526626414206765 5 671390660526626414206765 0 0
bin 7450507 7457958 3 402509528825039926040969 3 402509528825039926040969 0 0
bin 7457958 7465416 5 670197523591951903367056 5 670197523591951903367056 0 0
bin 7465416 7472882 3 401619752235914193776176 3 401619752235914193776176 0 0
bin 7472882 7480355 2 267566942968604652589728 2 267566942968604652589728 0 0
bin 7480355 7487836 1 133676811444446122831077 1 133676811444446122831077 0 0
bin 7495324 7502820 4 533520650999266614851978 4 533520650999266614851978 0 0
bin 7502820 7510323 4 532994729196302225667907 4 532994729196302225667907 0 0
bin 7510323 7517834 2 266289565290106390293821 2 266289565290106390293821 0 0
bin 7517834 7525352 6 797666070385678804582565 6 797666070385678804582565 0 0
bin 7525352 7532878 4 531206746460221180036941 4 531206746460221180036941 0 0
bin 7532878 7540411 6 796184234831070774582992 6 796184234831070774582992 0 0
bin 7540411 7547952 1 132563387503594124843691 1 132563387503594124843691 0 0
bin 7547952 7555500 4 529667547583309735804876 4 529667547583309735804876 0 0
bin 7555500 7563056 4 529124012712937892148869 4 529124012712937892148869 0 0
bin 7563056 7570620 4 528452062961107894996908 4 528452062961107894996908 0 0
bin 7570620 7578191 6 792184141414207919951069 6 792184141414207919951069 0 0
bin 7578191 7585770 4 527621884927350950007350 4 527621884927350950007350 0 0
bin 7585770 7593356 4 527045851117990431439500 4 527045851117990431439500 0 0
bin 7593356 7600950 2 263208309469751783196290 2 263208309469751783196290 0 0
bin 7600950 7608551 5 657373363085973154111069 5 657373363085973154111069 0 0
bin 7608551 7616160 1 131368049792694649024638 1 131368049792694649024638 0 0
bin 7616160 7623777 3 393667286695880152321701 3 393667286695880152321701 0 0
bin 7623777 7631401 1 131045780712446112336898 1 131045780712446112336898 0 0
bin 7631401 7639033 4 523851979992072121382743 4 523851979992072121382743 0 0
bin 7639033 7646673 4 523456719844871826388066 4 523456719844871826388066 0 0
bin 7646673 7654320 3 392139606283600087089872 3 392139606283600087089872 0 0
bin 7654320 7661975 4 522313720257061658074994 4 522313720257061658074994 0 0
bin 7661975 7669637 4 521658994525235298715660 4 521658994525235298715660 0 0
bin 7669637 7677307 2 260723390113215449257811 2 260723390113215449257811 0 0
bin 7677307 7684985 3 390627404513642058862170 3 390627404513642058862170 0 0
bin 7684985 7692670 3 390115372902645403699542 3 390115372902645403699542 0 0
bin 7692670 7700363 7 909518249547877385202444 7 909518249547877385202444 0 0
bin 7700363 7708064 4 519176007833418310071524 4 519176007833418310071524 0 0
bin 7708064 7715773 5 648313858914693396992718 5 648313858914693396992718 0 0
bin 7715773 7723489 3 388577230270077911823586 3 388577230270077911823586 0 0
bin 7723489 7731213 3 388229255254169742967875 3 388229255254169742967875 0 0
bin 7731213 7738945 6 775716519877768321269823 6 775716519877768321269823 0 0
bin 7738945 7746684 5 645806944607938403635789 5 645806944607938403635789 0 0
bin 7746684 7754431 2 258019887203886428834259 2 258019887203886428834259 0 0
bin 7754431 7762186 4 515505458948578097767542 4 515505458948578097767542 0 0
bin 7762186 7769949 2 257539849462010114158358 2 257539849462010114158358 0 0
bin 7769949 7777719 8 1029136859471888210702040 8 1029136859471888210702040 0 0
bin 7777719 7785497 3 385564817449465679343496 3 385564817449465679343496 0 0
bin 7785497 7793283 6 770162434799841100397166 6 770162434799841100397166 0 0
bin 7793283 7801077 4 512953033160853340666075 4 512953033160853340666075 0 0
bin 7801077 7808879 3 384242133526975360388575 3 384242133526975360388575 0 0
bin 7808879 7816688 9 1151899466013354382869979 9 1151899466013354382869979 0 0
bin 7816688 7824505 2 255792389573290251229863 1 127882454540025353975437 1 127909935033264897254426
bin 7824505 7832330 5 638808030251534240060673 5 638808030251534240060673 0 0
bin 7832330 7840163 2 255226366380679875824524 2 255226366380679875824524 0 0
bin 7840163 7848004 4 510093818650762534927067 4 510093818650762534927067 0 0
bin 7848004 7855853 2 254706878961536624192323 2 254706878961536624192323 0 0
bin 7855853 7863709 3 381726360185975971774665 3 381726360185975971774665 0 0
bin 7863709 7871573 3 381321514608892480389610 3 381321514608892480389610 0 0
bin 7871573 7879445 10 1269694551026519225579094 10 1269694551026519225579094 0 0
bin 7879445 7887325 5 634270312863918257861491 5 634270312863918257861491 0 0
bin 7887325 7895213 4 506920328865838741672453 4 506920328865838741672453 0 0
bin 7895213 7903109 6 759665604329341817741764 6 759665604329341817741764 0 0
bin 7903109 7911013 7 885199478018472749327812 7 885199478018472749327812 0 0
bin 7911013 7918925 1 126350672899461127015151 1 126350672899461127015151 0 0
bin 7918925 7926844 4 504925773367386251386936 4 504925773367386251386936 0 0
bin 7926844 7934771 3 378300648593539334365880 3 378300648593539334365880 0 0
bin 7934771 7942706 4 503868672899498662724042 4 503868672899498662724042 0 0
bin 7942706 7950649 3 377483062126837484072592 3 377483062126837484072592 0 0
bin 7950649 7958600 2 251436825503832670582335 2 251436825503832670582335 0 0
bin 7958600 7966559 5 627859494687835224941157 5 627859494687835224941157 0 0
bin 7966559 7974526 3 376442141384085803321194 3 376442141384085803321194 0 0
bin 7974526 7982501 7 877333160053633345919944 7 877333160053633345919944 0 0
bin 7982501 7990484 5 626123860003983368459132 5 626123860003983368459132 0 0
bin 7990484 7998475 2 250118039225952360413129 2 250118039225952360413129 0 0
bin 7998475 8006474 4 499883498726195912546849 4 499883498726195912546849 0 0
bin 8006474 8014481 4 499339861939502948541363 4 499339861939502948541363 0 0
bin 8014481 8022496 2 249358379470580756636248 2 249358379470580756636248 0 0
bin 8022496 8030519 2 249202524348837458316581 2 249202524348837458316581 0 0
bin 8030519 8038550 6 746929672527440636291284 6 746929672527440636291284 0 0
bin 8038550 8046589 2 248695313797881894592525 2 248695313797881894592525 0 0
bin 8046589 8054636 5 621034419441995566870748 5 621034419441995566870748 0 0
bin 8054636 8062691 5 620584116762560587024197 5 620584116762560587024197 0 0
bin 8062691 8070754 4 495870493235514132809209 4 495870493235514132809209 0 0
bin 8070754 8078825 3 371480575786629586232544 3 371480575786629586232544 0 0
bin 8078825 8086904 6 742380933617919086527884 6 742380933617919086527884 0 0
bin 8086904 8094991 2 247273654431361845497164 2 247273654431361845497164 0 0
bin 8094991 8103086 5 617456976071077187276634 5 617456976071077187276634 0 0
bin 8103086 8111190 1 123361010198378074110113 0 0 1 123361010198378074110113
bin 8111190 8119302 3 369673352548136231765514 3 369673352548136231765514 0 0
bin 8119302 8127422 6 738510225433135620331355 6 738510225433135620331355 0 0
bin 8127422 8135550 5 614861291310608112472978 5 614861291310608112472978 0 0
bin 8135550 8143686 4 491366999903322925996179 4 491366999903322925996179 0 0
bin 8143686 8151830 5 613749097894319698340797 5 613749097894319698340797 0 0
bin 8151830 8159982 4 490484940095414678379157 4 490484940095414678379157 0 0
bin 8159982 8168142 1 122449964189507972778393 1 122449964189507972778393 0 0
bin 8168142 8176311 9 1101477518925447200233676 9 1101477518925447200233676 0 0
bin 8176311 8184488 5 611229224142373247752326 5 611229224142373247752326 0 0
bin 8184488 8192673 1 122122652909468401313111 1 122122652909468401313111 0 0
bin 8192673 8200866 3 365978991732431641172288 3 365978991732431641172288 0 0
bin 8200866 8209067 4 487585690702199738729936 4 487585690702199738729936 0 0
bin 8209067 8217277 3 365220470045973908108934 3 365220470045973908108934 0 0
bin 8217277 8225495 5 608118352746468502676215 5 608118352746468502676215 0 0
bin 8225495 8233721 3 364469048154639021980491 3 364469048154639021980491 0 0
bin 8233721 8241955 6 728447769883246869422681 6 728447769883246869422681 0 0
bin 8241955 8250197 4 485117681499326130320236 4 485117681499326130320236 0 0
bin 8250197 8258448 4 484561597200057494153321 4 484561597200057494153321 0 0
bin 8258448 8266707 3 362994288756569278245142 3 362994288756569278245142 0 0
bin 8266707 8274974 2 241750137767697495887715 2 241750137767697495887715 0 0
bin 8274974 8283249 7 845498787060891723411748 7 845498787060891723411748 0 0
bin 8283249 8291533 5 603137406467399759131017 5 603137406467399759131017 0 0
bin 8291533 8299825 4 482244687943329216234723 4 482244687943329216234723 0 0
bin 8299825 8308125 1 120379691994112470023951 1 120379691994112470023951 0 0
bin 8308125 8316434 2 240656487021719770621407 2 240656487021719770621407 0 0
bin 8316434 8324751 2 240398917966470840783264 2 240398917966470840783264 0 0
bin 8324751 8333076 4 480256522913855379082532 4 480256522913855379082532 0 0
bin 8333076 8341410 8 959497671728843756098083 8 959497671728843756098083 0 0
bin 8341410 8349752 4 479310753377366207780977 4 479310753377366207780977 0 0
bin 8349752 8358102 3 359104238506692317682496 3 359104238506692317682496 0 0
bin 8358102 8366461 3 358811474058919105772848 3 358811474058919105772848 0 0
bin 8366461 8374828 2 238921548649148920992590 2 238921548649148920992590 0 0
bin 8374828 8383203 3 358003426924011691566562 3 358003426924011691566562 0 0
bin 8383203 8391587 5 596216224610011462468259 5 596216224610011462468259 0 0
bin 8391587 8399979 3 357294637753442480875637 3 357294637753442480875637 0 0
bin 8399979 8408379 2 237922887548312311306598 2 237922887548312311306598 0 0
bin 8408379 8416788 8 951114569526545728634735 8 951114569526545728634735 0 0
bin 8416788 8425205 2 237545464111898213544726 2 237545464111898213544726 0 0
bin 8425205 8433631 2 237297889787215824911127 2 237297889787215824911127 0 0
bin 8433631 8442065 4 473997514974665192957060 4 473997514974665192957060 0 0
bin 8442065 8450508 5 591959254786845233528805 5 591959254786845233528805 0 0
bin 8450508 8458959 5 591307047637804544816607 5 591307047637804544816607 0 0
bin 8458959 8467418 4 472593323484060746700712 4 472593323484060746700712 0 0
bin 8467418 8475886 5 590046994668227332724653 5 590046994668227332724653 0 0
bin 8475886 8484362 1 117887257578117107079707 1 117887257578117107079707 0 0
bin 8484362 8492847 5 589129981122878402261961 5 589129981122878402261961 0 0
bin 8492847 8501340 2 235460744387063546634288 2 235460744387063546634288 0 0
bin 8501340 8509842 1 117597128466278259030959 1 117597128466278259030959 0 0
bin 8509842 8518352 4 469848493940272907344440 3 352402185401068918491974 1 117446308539203988852466
bin 8518352 8526871 2 234627092578697146989909 2 234627092578697146989909 0 0
bin 8526871 8535398 5 586109491468554997790044 5 586109491468554997790044 0 0
bin 8535398 8543934 6 702584627819190453131185 6 702584627819190453131185 0 0
bin 8543934 8552478 6 701925430444731481463641 6 701925430444731481463641 0 0
bin 8561031 8569593 6 700552241796634348956988 6 700552241796634348956988 0 0
bin 8569593 8578163 5 583038875614756687119974 5 583038875614756687119974 0 0
bin 8578163 8586742 3 349622947860216761945963 3 349622947860216761945963 0 0
bin 8586742 8595329 1 116458239414615672088069 1 116458239414615672088069 0 0
bin 8595329 8603925 7 814049956968064750401697 7 814049956968064750401697 0 0
bin 8603925 8612529 7 813122067664712842211656 7 813122067664712842211656 0 0
bin 8612529 8621142 6 696283120596193883164139 6 696283120596193883164139 0 0
bin 8621142 8629764 5 579648533166010458636800 5 579648533166010458636800 0 0
bin 8629764 8638394 3 347542701514457057431474 3 347542701514457057431474 0 0
bin 8638394 8647033 2 231486277866899799217875 2 231486277866899799217875 0 0
bin 8647033 8655681 5 578015169066778526889632 5 578015169066778526889632 0 0
bin 8655681 8664337 3 346467056612001495860253 3 346467056612001495860253 0 0
bin 8664337 8673002 3 345999984802225751766595 3 345999984802225751766595 0 0
bin 8673002 8681676 3 345649175871285442371085 3 345649175871285442371085 0 0
bin 8681676 8690358 3 345378910759216052815464 3 345378910759216052815464 0 0
bin 8690358 8699049 8 920039840298556042094940 8 920039840298556042094940 0 0
bin 8699049 8707749 7 804371650086655158022890 7 804371650086655158022890 0 0
bin 8707749 8716457 2 229509901125392003540162 2 229509901125392003540162 0 0
bin 8716457 8725174 4 458688539969978777222306 4 458688539969978777222306 0 0
bin 8725174 8733900 2 229109230317770577238842 2 229109230317770577238842 0 0
bin 8733900 8742634 5 572134625302582820195542 5 572134625302582820195542 0 0
bin 8742634 8751377 3 342911354584001183174493 3 342911354584001183174493 0 0
bin 8751377 8760129 7 799391482651123662687180 7 799391482651123662687180 0 0
bin 8768890 8777659 7 797755360669530056536097 7 797755360669530056536097 0 0
bin 8777659 8786437 1 113831830999799769809271 1 113831830999799769809271 0 0
bin 8786437 8795224 4 455089872918622751571554 4 455089872918622751571554 0 0
bin 8795224 8804020 6 681838001679740575949063 6 681838001679740575949063 0 0
bin 8804020 8812825 1 113528498661669293526911 1 113528498661669293526911 0 0
bin 8812825 8821638 6 680424531144805510931662 6 680424531144805510931662 0 0
bin 8821638 8830460 7 793040052449162499234972 7 793040052449162499234972 0 0
bin 8830460 8839291 5 565853140448814841480394 5 565853140448814841480394 0 0
bin 8839291 8848131 1 113075598613738391235012 1 113075598613738391235012 0 0
bin 8848131 8856980 3 338792529784259111677255 3 338792529784259111677255 0 0
bin 8856980 8865837 4 451388608086681287509223 4 451388608086681287509223 0 0
bin 8865837 8874703 5 563633960302968232216644 5 563633960302968232216644 0 0
bin 8874703 8883578 2 225232200341674300889452 2 225232200341674300889452 0 0
bin 8883578 8892462 2 224984419348462244277702 2 224984419348462244277702 0 0
bin 8892462 8901355 9 1011602385666728774449764 9 1011602385666728774449764 0 0
bin 8901355 8910257 7 785954704818217875391182 7 785954704818217875391182 0 0
bin 8910257 8919168 4 448753633566065499008390 4 448753633566065499008390 0 0
bin 8919168 8928088 5 560267486373396174691074 5 560267486373396174691074 0 0
bin 8928088 8937017 3 335826803135621917121463 3 335826803135621917121463 0 0
bin 8937017 8945955 4 447427563538972654352104 4 447427563538972654352104 0 0
bin 8945955 8954901 4 446843411615655930558984 3 335061622188178781830743 1 111781789427477148728241
bin 8954901 8963856 8 892967408130334082238596 8 892967408130334082238596 0 0
bin 8963856 8972820 5 557460102360194387430631 5 557460102360194387430631 0 0
bin 8972820 8981793 5 557032328951384760312650 5 557032328951384760312650 0 0
bin 8981793 8990775 5 556386982242961308153032 5 556386982242961308153032 0 0
bin 8990775 8999766 3 333503807972660144911225 3 333503807972660144911225 0 0
bin 8999766 9008766 5 555390846860471452578285 5 555390846860471452578285 0 0
bin 9008766 9017775 4 443783504073052694582419 4 443783504073052694582419 0 0
bin 9017775 9026793 4 443391808148259005396451 4 443391808148259005396451 0 0
bin 9026793 9035820 5 553582427667915781284332 5 553582427667915781284332 0 0
bin 9035820 9044856 4 442479209283012349391607 4 442479209283012349391607 0 0
bin 9044856 9053901 3 331571111667524359720166 3 331571111667524359720166 0 0
bin 9053901 9062955 6 662391151281453371088849 6 662391151281453371088849 0 0
bin 9062955 9072018 5 551434915907414407349780 5 551434915907414407349780 0 0
bin 9072018 9081091 5 550986285328163497116379 5 550986285328163497116379 0 0
bin 9081091 9090173 5 550317369435978006437388 5 550317369435978006437388 0 0
bin 9090173 9099264 4 439777197737744517185178 4 439777197737744517185178 0 0
bin 9099264 9108364 4 439403285465415428133827 4 439403285465415428133827 0 0
bin 9108364 9117473 4 438924494490450648821371 4 438924494490450648821371 0 0
bin 9117473 9126591 2 219287557621293396034434 2 219287557621293396034434 0 0
bin 9126591 9135718 6 657055530757010345166909 6 657055530757010345166909 0 0
bin 9135718 9144854 4 437599511548466745232660 4 437599511548466745232660 0 0
bin 9144854 9153999 6 655778958877212891975974 6 655778958877212891975974 0 0
bin 9153999 9163153 5 545874174399997444686885 5 545874174399997444686885 0 0
bin 9163153 9172317 4 436341836066776365474435 4 436341836066776365474435 0 0
bin 9172317 9181490 2 217974037540850462878467 2 217974037540850462878467 0 0
bin 9181490 9190672 4 435385768550413574691916 4 435385768550413574691916 0 0
bin 9190672 9199863 3 326309964994155527963874 3 326309964994155527963874 0 0
bin 9199863 9209063 6 651855891537294060521450 6 651855891537294060521450 0 0
bin 9209063 9218273 2 217037900454194461543689 2 217037900454194461543689 0 0
bin 9218273 9227492 2 216898922400941623975636 2 216898922400941623975636 0 0
bin 9227492 9236720 1 108330050030067005385845 1 108330050030067005385845 0 0
bin 9236720 9245957 4 432882406787279891556875 4 432882406787279891556875 0 0
bin 9245957 9255203 8 864665786606697950084096 8 864665786606697950084096 0 0
bin 9255203 9264459 5 539941575122783244201007 5 539941575122783244201007 0 0
bin 9264459 9273724 5 539323468371460536079428 5 539323468371460536079428 0 0
bin 9273724 9282998 3 323294786213944396576668 3 323294786213944396576668 0 0
bin 9282998 9292281 2 215342160483706535259001 2 215342160483706535259001 0 0
bin 9292281 9301574 6 645332258096517511472024 6 645332258096517511472024 0 0
bin 9301574 9310876 6 644863352655003878180001 6 644863352655003878180001 0 0
bin 9310876 9320187 9 966193227918107145597033 9 966193227918107145597033 0 0
bin 9320187 9329508 4 428930018417686933161168 4 428930018417686933161168 0 0
bin 9329508 9338838 8 857049713833479547960550 8 857049713833479547960550 0 0
bin 9338838 9348177 3 321107818379624307035236 3 321107818379624307035236 0 0
bin 9348177 9357526 5 534539960360632803707941 4 427655774399678238144594 1 106884185960954565563347
bin 9357526 9366884 6 640946718205276346231290 6 640946718205276346231290 0 0
bin 9366884 9376251 9 960276356274061915895694 9 960276356274061915895694 0 0
bin 9376251 9385628 3 319726892439887578586851 3 319726892439887578586851 0 0
bin 9385628 9395014 7 745467336209040258879828 7 745467336209040258879828 0 0
bin 9395014 9404410 2 212764134074467024470964 2 212764134074467024470964 0 0
bin 9404410 9413815 4 425243526450800303657501 4 425243526450800303657501 0 0
bin 9413815 9423229 7 743334899492267655495845 7 743334899492267655495845 0 0
bin 9423229 9432653 5 530369642219684141506835 5 530369642219684141506835 0 0
bin 9432653 9442086 7 741688470019515867205905 7 741688470019515867205905 0 0
bin 9442086 9451529 3 317509485050515930942280 3 317509485050515930942280 0 0
bin 9451529 9460981 6 634577043208155054162431 6 634577043208155054162431 0 0
bin 9460981 9470442 4 422644174294441823957056 4 422644174294441823957056 0 0
bin 9470442 9479913 6 633249660831547748813817 6 633249660831547748813817 0 0
bin 9479913 9489393 5 527203775412186820554486 5 527203775412186820554486 0 0
bin 9489393 9498883 8 842893523168730327332335 8 842893523168730327332335 0 0
bin 9498883 9508382 6 631477090415527963945351 6 631477090415527963945351 0 0
bin 9508382 9517891 6 630846336021804489359208 6 630846336021804489359208 0 0
bin 9517891 9527409 8 839940533220447062365300 7 734971388375728443179817 1 104969144844718619185483
bin 9527409 9536937 3 314749938554794779325087 3 314749938554794779325087 0 0
bin 9536937 9546474 7 733701685820918357492485 7 733701685820918357492485 0 0
bin 9546474 9556021 3 314079559354171793603616 3 314079559354171793603616 0 0
bin 9556021 9565578 1 104636999077834127127047 1 104636999077834127127047 0 0
bin 9565578 9575144 3 313560856307064570490362 3 313560856307064570490362 0 0
bin 9575144 9584720 6 626391636326990864336120 6 626391636326990864336120 0 0
bin 9584720 9594305 5 521367447090755288026926 5 521367447090755288026926 0 0
bin 9594305 9603900 5 520868243570570053063988 5 520868243570570053063988 0 0
bin 9603900 9613504 3 312215339688312204039101 3 312215339688312204039101 0 0
bin 9613504 9623118 3 311896984648317825029528 3 311896984648317825029528 0 0
bin 9623118 9632742 5 519251672907299225140217 5 519251672907299225140217 0 0
bin 9632742 9642375 6 622534984004533840654457 6 622534984004533840654457 0 0
bin 9642375 9652018 5 518266863205973940557455 5 518266863205973940557455 0 0
bin 9652018 9661671 7 724862760137215216639181 7 724862760137215216639181 0 0
bin 9661671 9671333 7 724283413142611612250554 7 724283413142611612250554 0 0
bin 9671333 9681005 4 413349248340749252567903 4 413349248340749252567903 0 0
bin 9681005 9690687 6 619469666718666138100597 6 619469666718666138100597 0 0
bin 9690687 9700378 4 412529995919115203040185 4 412529995919115203040185 0 0
bin 9700378 9710079 3 309181686998977846603481 3 309181686998977846603481 0 0
bin 9710079 9719790 7 720612965132775922037022 7 720612965132775922037022 0 0
bin 9719790 9729510 1 102810330669894636888819 1 102810330669894636888819 0 0
bin 9729510 9739240 7 719080268842952174638800 7 719080268842952174638800 0 0
bin 9739240 9748980 3 307775111250530319971350 3 307775111250530319971350 0 0
bin 9748980 9758729 4 410138540024335758149884 4 410138540024335758149884 0 0
bin 9758729 9768488 8 819376747925516226995165 8 819376747925516226995165 0 0
bin 9768488 9778257 5 511582908423862333543974 5 511582908423862333543974 0 0
bin 9778257 9788036 7 715437150133102588928697 7 715437150133102588928697 0 0
bin 9788036 9797825 2 204164780198719239959692 2 204164780198719239959692 0 0
bin 9797825 9807623 2 204016597491960569859987 2 204016597491960569859987 0 0
bin 9807623 9817431 7 713410488156329102972880 6 611471704230974389134925 1 101938783925354713837955
bin 9817431 9827249 6 610874512765441063137275 6 610874512765441063137275 0 0
bin 9827249 9837077 4 406759761331968910574453 4 406759761331968910574453 0 0
bin 9837077 9846915 5 508001455845698889425918 5 508001455845698889425918 0 0
bin 9846915 9856762 9 913504730832277438958890 9 913504730832277438958890 0 0
bin 9866619 9876486 4 405265507387904977693929 4 405265507387904977693929 0 0
bin 9876486 9886363 3 303653542341669329463112 3 303653542341669329463112 0 0
bin 9886363 9896250 3 303249144698251699917056 3 303249144698251699917056 0 0
bin 9896250 9906147 7 706956590357688906202655 7 706956590357688906202655 0 0
bin 9906147 9916054 3 302732573366478560681265 3 302732573366478560681265 0 0
bin 9916054 9925971 8 806290565415124767571398 8 806290565415124767571398 0 0
bin 9925971 9935897 7 704884872934808805233374 7 704884872934808805233374 0 0
bin 9935897 9945833 5 502921519026555775712317 4 402342273091289986505698 1 100579245935265789206619
bin 9945833 9955779 6 602874263567641612719082 6 602874263567641612719082 0 0
bin 9955779 9965735 2 200800292021028985823188 2 200800292021028985823188 0 0
bin 9965735 9975701 3 300878777760115077530487 3 300878777760115077530487 0 0
bin 9975701 9985677 5 501009867126592786125119 5 501009867126592786125119 0 0
bin 9985677 9995663 5 500497589529160956091490 5 500497589529160956091490 0 0
bin 9995663 10000000 2 200014701859453162006848 2 200014701859453162006848 0 0
END
