⚠ [3093/3155] Replayed UnitDistance.ArithmeticSequence
warning: UnitDistance/ArithmeticSequence.lean:30:8: `dif_pos` has been deprecated: Use `dite_eq_left` instead

Hint: Replace the deprecated name:
  d̵i̵f̵_̵p̵o̵s̵d̲i̲t̲e̲_̲e̲q̲_̲l̲e̲f̲t̲
⚠ [3443/3502] Replayed UnitDistance.LocalWindows
warning: UnitDistance/LocalWindows.lean:107:66: `Set.mem_setOf_eq` has been deprecated: Use `Set.mem_ofPred_eq` instead

Hint: Replace the deprecated name:
  S̵e̵t̵.̵m̵e̵m̵_̵s̵e̵t̵O̵f̵_̵e̵q̵m̲e̲m̲_̲o̲f̲P̲r̲e̲d̲_̲e̲q̲
⚠ [3492/3547] Replayed UnitDistance.LocalValuedHaar
warning: UnitDistance/LocalValuedHaar.lean:305:2: Try this: 
  letI̵

The goal is a proposition, so `let` is preferred over `letI`.
The difference between `let` and `letI` is that `letI` inlines the value.
But this is not relevant for proofs because of proof irrelevance.

Note: This linter can be disabled with `set_option linter.style.haveILetI false`
warning: UnitDistance/LocalValuedHaar.lean:306:2: Try this: 
  haveI̵

The goal is a proposition, so `have` is preferred over `haveI`.
The difference between `have` and `haveI` is that `haveI` inlines the value.
But this is not relevant for proofs because of proof irrelevance.

Note: This linter can be disabled with `set_option linter.style.haveILetI false`
warning: UnitDistance/LocalValuedHaar.lean:307:2: Try this: 
  letI̵

The goal is a proposition, so `let` is preferred over `letI`.
The difference between `let` and `letI` is that `letI` inlines the value.
But this is not relevant for proofs because of proof irrelevance.

Note: This linter can be disabled with `set_option linter.style.haveILetI false`
warning: UnitDistance/LocalValuedHaar.lean:309:2: Try this: 
  letI̵

The goal is a proposition, so `let` is preferred over `letI`.
The difference between `let` and `letI` is that `letI` inlines the value.
But this is not relevant for proofs because of proof irrelevance.

Note: This linter can be disabled with `set_option linter.style.haveILetI false`
⚠ [3640/3699] Replayed UnitDistance.EnergyWindow
warning: UnitDistance/EnergyWindow.lean:111:2: Try this: 
  letI̵

The goal is a proposition, so `let` is preferred over `letI`.
The difference between `let` and `letI` is that `letI` inlines the value.
But this is not relevant for proofs because of proof irrelevance.

Note: This linter can be disabled with `set_option linter.style.haveILetI false`
⚠ [3642/3699] Replayed UnitDistance.SupportedProfile
warning: UnitDistance/SupportedProfile.lean:66:34: `Set.mem_setOf_eq` has been deprecated: Use `Set.mem_ofPred_eq` instead

Hint: Replace the deprecated name:
  S̵e̵t̵.̵m̵e̵m̵_̵s̵e̵t̵O̵f̵_̵e̵q̵S̲e̲t̲.̲m̲e̲m̲_̲o̲f̲P̲r̲e̲d̲_̲e̲q̲
⚠ [3644/3699] Replayed UnitDistance.LocalUnitInvariance
warning: UnitDistance/LocalUnitInvariance.lean:45:2: Try this: 
  haveI̵

The goal is a proposition, so `have` is preferred over `haveI`.
The difference between `have` and `haveI` is that `haveI` inlines the value.
But this is not relevant for proofs because of proof irrelevance.

Note: This linter can be disabled with `set_option linter.style.haveILetI false`
⚠ [3685/3741] Replayed UnitDistance.LocalReciprocalRescaling
warning: UnitDistance/LocalReciprocalRescaling.lean:48:2: Try this: 
  haveI̵

The goal is a proposition, so `have` is preferred over `haveI`.
The difference between `have` and `haveI` is that `haveI` inlines the value.
But this is not relevant for proofs because of proof irrelevance.

Note: This linter can be disabled with `set_option linter.style.haveILetI false`
info: UnitDistance/LocalReciprocalRescaling.lean:102:18: Try this:
  [apply] abel_nf
warning: UnitDistance/LocalReciprocalRescaling.lean:102:6: Unused tactic linter: `congr 2` does nothing

Note: This linter can be disabled with `set_option linter.unusedTactic false`
warning: UnitDistance/LocalReciprocalRescaling.lean:102:14: Used `tac1 <;> tac2` where `(tac1; tac2)` would suffice

Note: This linter can be disabled with `set_option linter.unnecessarySeqFocus false`
⚠ [4036/4095] Replayed UnitDistance.RelativeUnits
warning: UnitDistance/RelativeUnits.lean:192:2: Try this: 
  letI̵

The goal is a proposition, so `let` is preferred over `letI`.
The difference between `let` and `letI` is that `letI` inlines the value.
But this is not relevant for proofs because of proof irrelevance.

Note: This linter can be disabled with `set_option linter.style.haveILetI false`
⚠ [4038/4095] Replayed UnitDistance.RelativeUnitsCohomology
warning: UnitDistance/RelativeUnitsCohomology.lean:79:8: `CommGroup.finite_of_fg_torsion` has been deprecated: Use `CommGroup.finite_of_fg_isMulTorsion` instead

Hint: Replace the deprecated name:
  C̵o̵m̵m̵G̵r̵o̵u̵p̵.̵f̵i̵n̵i̵t̵e̵_̵o̵f̵_̵f̵g̵_̵t̵o̵r̵s̵i̵o̵n̵C̲o̲m̲m̲G̲r̲o̲u̲p̲.̲f̲i̲n̲i̲t̲e̲_̲o̲f̲_̲f̲g̲_̲i̲s̲M̲u̲l̲T̲o̲r̲s̲i̲o̲n̲
⚠ [4164/4212] Replayed UnitDistance.InvolutionCohomology
warning: UnitDistance/InvolutionCohomology.lean:144:2: Try this: 
  letI̵

The goal is a proposition, so `let` is preferred over `letI`.
The difference between `let` and `letI` is that `letI` inlines the value.
But this is not relevant for proofs because of proof irrelevance.

Note: This linter can be disabled with `set_option linter.style.haveILetI false`
warning: UnitDistance/InvolutionCohomology.lean:213:2: Try this: 
  letI̵

The goal is a proposition, so `let` is preferred over `letI`.
The difference between `let` and `letI` is that `letI` inlines the value.
But this is not relevant for proofs because of proof irrelevance.

Note: This linter can be disabled with `set_option linter.style.haveILetI false`
warning: UnitDistance/InvolutionCohomology.lean:214:2: Try this: 
  letI̵

The goal is a proposition, so `let` is preferred over `letI`.
The difference between `let` and `letI` is that `letI` inlines the value.
But this is not relevant for proofs because of proof irrelevance.

Note: This linter can be disabled with `set_option linter.style.haveILetI false`
warning: UnitDistance/InvolutionCohomology.lean:216:2: Try this: 
  letI̵

The goal is a proposition, so `let` is preferred over `letI`.
The difference between `let` and `letI` is that `letI` inlines the value.
But this is not relevant for proofs because of proof irrelevance.

Note: This linter can be disabled with `set_option linter.style.haveILetI false`
warning: UnitDistance/InvolutionCohomology.lean:265:2: Try this: 
  letI̵

The goal is a proposition, so `let` is preferred over `letI`.
The difference between `let` and `letI` is that `letI` inlines the value.
But this is not relevant for proofs because of proof irrelevance.

Note: This linter can be disabled with `set_option linter.style.haveILetI false`
warning: UnitDistance/InvolutionCohomology.lean:278:2: Try this: 
  letI̵

The goal is a proposition, so `let` is preferred over `letI`.
The difference between `let` and `letI` is that `letI` inlines the value.
But this is not relevant for proofs because of proof irrelevance.

Note: This linter can be disabled with `set_option linter.style.haveILetI false`
warning: UnitDistance/InvolutionCohomology.lean:293:2: Try this: 
  letI̵

The goal is a proposition, so `let` is preferred over `letI`.
The difference between `let` and `letI` is that `letI` inlines the value.
But this is not relevant for proofs because of proof irrelevance.

Note: This linter can be disabled with `set_option linter.style.haveILetI false`
warning: UnitDistance/InvolutionCohomology.lean:294:2: Try this: 
  letI̵

The goal is a proposition, so `let` is preferred over `letI`.
The difference between `let` and `letI` is that `letI` inlines the value.
But this is not relevant for proofs because of proof irrelevance.

Note: This linter can be disabled with `set_option linter.style.haveILetI false`
warning: UnitDistance/InvolutionCohomology.lean:303:2: Try this: 
  letI̵

The goal is a proposition, so `let` is preferred over `letI`.
The difference between `let` and `letI` is that `letI` inlines the value.
But this is not relevant for proofs because of proof irrelevance.

Note: This linter can be disabled with `set_option linter.style.haveILetI false`
warning: UnitDistance/InvolutionCohomology.lean:306:10: `AddMonoid.isTorsion_iff_isTorsion_int` has been deprecated: Use `isAddTorsion_iff_isTorsion_int` instead

Note: The updated constant is in a different namespace. Dot notation may need to be changed (e.g., from `x.isTorsion_iff_isTorsion_int` to `isAddTorsion_iff_isTorsion_int x`).

Hint: Replace the deprecated name:
  A̵d̵d̵M̵o̵n̵o̵i̵d̵.̵i̵s̵T̵o̵r̵s̵i̵o̵n̵_̵i̵f̵f̵_̵i̵s̵T̵o̵r̵s̵i̵o̵n̵_̵i̵n̵t̵i̲s̲A̲d̲d̲T̲o̲r̲s̲i̲o̲n̲_̲i̲f̲f̲_̲i̲s̲T̲o̲r̲s̲i̲o̲n̲_̲i̲n̲t̲
warning: UnitDistance/InvolutionCohomology.lean:306:51: `is_add_torsion_of_finite` has been deprecated: Use `isAddTorsion_of_finite` instead

Hint: Replace the deprecated name:
  i̵s̵_̵a̵d̵d̵_̵t̵o̵r̵s̵i̵o̵n̵_̵o̵f̵_̵f̵i̵n̵i̵t̵e̵i̲s̲A̲d̲d̲T̲o̲r̲s̲i̲o̲n̲_̲o̲f̲_̲f̲i̲n̲i̲t̲e̲
⚠ [4188/4272] Replayed UnitDistance.RelativeDiscriminant
warning: UnitDistance/RelativeDiscriminant.lean:71:2: Try this: 
  letI̵

The goal is a proposition, so `let` is preferred over `letI`.
The difference between `let` and `letI` is that `letI` inlines the value.
But this is not relevant for proofs because of proof irrelevance.

Note: This linter can be disabled with `set_option linter.style.haveILetI false`
warning: UnitDistance/RelativeDiscriminant.lean:78:2: Try this: 
  letI̵

The goal is a proposition, so `let` is preferred over `letI`.
The difference between `let` and `letI` is that `letI` inlines the value.
But this is not relevant for proofs because of proof irrelevance.

Note: This linter can be disabled with `set_option linter.style.haveILetI false`
⚠ [4189/4272] Replayed UnitDistance.RelativeUnitsIdealDescent
warning: UnitDistance/RelativeUnitsIdealDescent.lean:48:2: Try this: 
  letI̵

The goal is a proposition, so `let` is preferred over `letI`.
The difference between `let` and `letI` is that `letI` inlines the value.
But this is not relevant for proofs because of proof irrelevance.

Note: This linter can be disabled with `set_option linter.style.haveILetI false`
warning: UnitDistance/RelativeUnitsIdealDescent.lean:49:2: Try this: 
  letI̵

The goal is a proposition, so `let` is preferred over `letI`.
The difference between `let` and `letI` is that `letI` inlines the value.
But this is not relevant for proofs because of proof irrelevance.

Note: This linter can be disabled with `set_option linter.style.haveILetI false`
warning: UnitDistance/RelativeUnitsIdealDescent.lean:52:2: Try this: 
  letI̵

The goal is a proposition, so `let` is preferred over `letI`.
The difference between `let` and `letI` is that `letI` inlines the value.
But this is not relevant for proofs because of proof irrelevance.

Note: This linter can be disabled with `set_option linter.style.haveILetI false`
warning: UnitDistance/RelativeUnitsIdealDescent.lean:53:2: Try this: 
  letI̵

The goal is a proposition, so `let` is preferred over `letI`.
The difference between `let` and `letI` is that `letI` inlines the value.
But this is not relevant for proofs because of proof irrelevance.

Note: This linter can be disabled with `set_option linter.style.haveILetI false`
warning: UnitDistance/RelativeUnitsIdealDescent.lean:73:4: Try this: 
  letI̵

The goal is a proposition, so `let` is preferred over `letI`.
The difference between `let` and `letI` is that `letI` inlines the value.
But this is not relevant for proofs because of proof irrelevance.

Note: This linter can be disabled with `set_option linter.style.haveILetI false`
warning: UnitDistance/RelativeUnitsIdealDescent.lean:74:4: Try this: 
  letI̵

The goal is a proposition, so `let` is preferred over `letI`.
The difference between `let` and `letI` is that `letI` inlines the value.
But this is not relevant for proofs because of proof irrelevance.

Note: This linter can be disabled with `set_option linter.style.haveILetI false`
warning: UnitDistance/RelativeUnitsIdealDescent.lean:75:4: Try this: 
  letI̵

The goal is a proposition, so `let` is preferred over `letI`.
The difference between `let` and `letI` is that `letI` inlines the value.
But this is not relevant for proofs because of proof irrelevance.

Note: This linter can be disabled with `set_option linter.style.haveILetI false`
warning: UnitDistance/RelativeUnitsIdealDescent.lean:76:4: Try this: 
  letI̵

The goal is a proposition, so `let` is preferred over `letI`.
The difference between `let` and `letI` is that `letI` inlines the value.
But this is not relevant for proofs because of proof irrelevance.

Note: This linter can be disabled with `set_option linter.style.haveILetI false`
warning: UnitDistance/RelativeUnitsIdealDescent.lean:77:4: Try this: 
  letI̵

The goal is a proposition, so `let` is preferred over `letI`.
The difference between `let` and `letI` is that `letI` inlines the value.
But this is not relevant for proofs because of proof irrelevance.

Note: This linter can be disabled with `set_option linter.style.haveILetI false`
warning: UnitDistance/RelativeUnitsIdealDescent.lean:78:4: Try this: 
  letI̵

The goal is a proposition, so `let` is preferred over `letI`.
The difference between `let` and `letI` is that `letI` inlines the value.
But this is not relevant for proofs because of proof irrelevance.

Note: This linter can be disabled with `set_option linter.style.haveILetI false`
warning: UnitDistance/RelativeUnitsIdealDescent.lean:108:4: Try this: 
  letI̵

The goal is a proposition, so `let` is preferred over `letI`.
The difference between `let` and `letI` is that `letI` inlines the value.
But this is not relevant for proofs because of proof irrelevance.

Note: This linter can be disabled with `set_option linter.style.haveILetI false`
warning: UnitDistance/RelativeUnitsIdealDescent.lean:114:4: Try this: 
  letI̵

The goal is a proposition, so `let` is preferred over `letI`.
The difference between `let` and `letI` is that `letI` inlines the value.
But this is not relevant for proofs because of proof irrelevance.

Note: This linter can be disabled with `set_option linter.style.haveILetI false`
⚠ [4191/4272] Replayed UnitDistance.RelativeUnitsHerbrand
warning: UnitDistance/RelativeUnitsHerbrand.lean:119:2: Try this: 
  letI̵

The goal is a proposition, so `let` is preferred over `letI`.
The difference between `let` and `letI` is that `letI` inlines the value.
But this is not relevant for proofs because of proof irrelevance.

Note: This linter can be disabled with `set_option linter.style.haveILetI false`
⚠ [4196/4272] Replayed UnitDistance.RelativeUnitsDifferenceLattice
warning: UnitDistance/RelativeUnitsDifferenceLattice.lean:107:2: Try this: 
  letI̵

The goal is a proposition, so `let` is preferred over `letI`.
The difference between `let` and `letI` is that `letI` inlines the value.
But this is not relevant for proofs because of proof irrelevance.

Note: This linter can be disabled with `set_option linter.style.haveILetI false`
warning: UnitDistance/RelativeUnitsDifferenceLattice.lean:110:10: `AddMonoid.isTorsion_iff_isTorsion_int` has been deprecated: Use `isAddTorsion_iff_isTorsion_int` instead

Note: The updated constant is in a different namespace. Dot notation may need to be changed (e.g., from `x.isTorsion_iff_isTorsion_int` to `isAddTorsion_iff_isTorsion_int x`).

Hint: Replace the deprecated name:
  A̵d̵d̵M̵o̵n̵o̵i̵d̵.̵i̵s̵T̵o̵r̵s̵i̵o̵n̵_̵i̵f̵f̵_̵i̵s̵T̵o̵r̵s̵i̵o̵n̵_̵i̵n̵t̵i̲s̲A̲d̲d̲T̲o̲r̲s̲i̲o̲n̲_̲i̲f̲f̲_̲i̲s̲T̲o̲r̲s̲i̲o̲n̲_̲i̲n̲t̲
warning: UnitDistance/RelativeUnitsDifferenceLattice.lean:110:51: `is_add_torsion_of_finite` has been deprecated: Use `isAddTorsion_of_finite` instead

Hint: Replace the deprecated name:
  i̵s̵_̵a̵d̵d̵_̵t̵o̵r̵s̵i̵o̵n̵_̵o̵f̵_̵f̵i̵n̵i̵t̵e̵i̲s̲A̲d̲d̲T̲o̲r̲s̲i̲o̲n̲_̲o̲f̲_̲f̲i̲n̲i̲t̲e̲
warning: UnitDistance/RelativeUnitsDifferenceLattice.lean:137:2: Try this: 
  letI̵

The goal is a proposition, so `let` is preferred over `letI`.
The difference between `let` and `letI` is that `letI` inlines the value.
But this is not relevant for proofs because of proof irrelevance.

Note: This linter can be disabled with `set_option linter.style.haveILetI false`
warning: UnitDistance/RelativeUnitsDifferenceLattice.lean:138:2: Try this: 
  letI̵

The goal is a proposition, so `let` is preferred over `letI`.
The difference between `let` and `letI` is that `letI` inlines the value.
But this is not relevant for proofs because of proof irrelevance.

Note: This linter can be disabled with `set_option linter.style.haveILetI false`
warning: UnitDistance/RelativeUnitsDifferenceLattice.lean:145:2: Try this: 
  letI̵

The goal is a proposition, so `let` is preferred over `letI`.
The difference between `let` and `letI` is that `letI` inlines the value.
But this is not relevant for proofs because of proof irrelevance.

Note: This linter can be disabled with `set_option linter.style.haveILetI false`
warning: UnitDistance/RelativeUnitsDifferenceLattice.lean:146:2: Try this: 
  letI̵

The goal is a proposition, so `let` is preferred over `letI`.
The difference between `let` and `letI` is that `letI` inlines the value.
But this is not relevant for proofs because of proof irrelevance.

Note: This linter can be disabled with `set_option linter.style.haveILetI false`
warning: UnitDistance/RelativeUnitsDifferenceLattice.lean:147:2: Try this: 
  letI̵

The goal is a proposition, so `let` is preferred over `letI`.
The difference between `let` and `letI` is that `letI` inlines the value.
But this is not relevant for proofs because of proof irrelevance.

Note: This linter can be disabled with `set_option linter.style.haveILetI false`
⚠ [4213/4272] Replayed UnitDistance.RelativeZeta
warning: UnitDistance/RelativeZeta.lean:48:6: `Ideal.finite_setOf_absNorm_eq` has been deprecated: Use `Ideal.finite_setOfPred_absNorm_eq` instead

Hint: Replace the deprecated name:
  Ideal.finite_setOfP̲r̲e̲d̲_absNorm_eq
⚠ [4222/4272] Replayed UnitDistance.LocalAdicResidue
warning: UnitDistance/LocalAdicResidue.lean:93:2: Try this: 
  haveI̵

The goal is a proposition, so `have` is preferred over `haveI`.
The difference between `have` and `haveI` is that `haveI` inlines the value.
But this is not relevant for proofs because of proof irrelevance.

Note: This linter can be disabled with `set_option linter.style.haveILetI false`
warning: UnitDistance/LocalAdicResidue.lean:94:2: Try this: 
  haveI̵

The goal is a proposition, so `have` is preferred over `haveI`.
The difference between `have` and `haveI` is that `haveI` inlines the value.
But this is not relevant for proofs because of proof irrelevance.

Note: This linter can be disabled with `set_option linter.style.haveILetI false`
⚠ [4237/4323] Replayed UnitDistance.RelativeUnitsRegulatorPairs
warning: UnitDistance/RelativeUnitsRegulatorPairs.lean:38:0: automatically included section variable(s) unused in theorem `UnitDistance.RelativeUnits.rawPairedIndex_ne`:
  [NumberField F]
consider restructuring your `variable` declarations so that the variables are not in scope or explicitly omit them:
  omit [NumberField F] in theorem ...

Note: This linter can be disabled with `set_option linter.unusedSectionVars false`
warning: UnitDistance/RelativeUnitsRegulatorPairs.lean:50:0: automatically included section variable(s) unused in theorem `UnitDistance.RelativeUnits.rawPairedIndex_injective`:
  [NumberField F]
consider restructuring your `variable` declarations so that the variables are not in scope or explicitly omit them:
  omit [NumberField F] in theorem ...

Note: This linter can be disabled with `set_option linter.unusedSectionVars false`
warning: UnitDistance/RelativeUnitsRegulatorPairs.lean:56:19: Used `tac1 <;> tac2` where `(tac1; tac2)` would suffice

Note: This linter can be disabled with `set_option linter.unnecessarySeqFocus false`
warning: UnitDistance/RelativeUnitsRegulatorPairs.lean:58:19: Used `tac1 <;> tac2` where `(tac1; tac2)` would suffice

Note: This linter can be disabled with `set_option linter.unnecessarySeqFocus false`
warning: UnitDistance/RelativeUnitsRegulatorPairs.lean:90:36: `dif_pos` has been deprecated: Use `dite_eq_left` instead

Hint: Replace the deprecated name:
  d̵i̵f̵_̵p̵o̵s̵d̲i̲t̲e̲_̲e̲q̲_̲l̲e̲f̲t̲
warning: UnitDistance/RelativeUnitsRegulatorPairs.lean:97:38: `dif_neg` has been deprecated: Use `dite_eq_right` instead

Hint: Replace the deprecated name:
  d̵i̵f̵_̵n̵e̵g̵d̲i̲t̲e̲_̲e̲q̲_̲r̲i̲g̲h̲t̲
⚠ [4239/4323] Replayed UnitDistance.RelativeUnitsDeletedNorm
warning: UnitDistance/RelativeUnitsDeletedNorm.lean:38:0: automatically included section variable(s) unused in theorem `UnitDistance.RelativeUnits.mem_deletedNormImageLattice`:
  [Algebra.IsQuadraticExtension F K]
consider restructuring your `variable` declarations so that the variables are not in scope or explicitly omit them:
  omit [Algebra.IsQuadraticExtension F K] in theorem ...

Note: This linter can be disabled with `set_option linter.unusedSectionVars false`
⚠ [4240/4323] Replayed UnitDistance.RelativeUnitsRegulator
warning: UnitDistance/RelativeUnitsRegulator.lean:132:2: Try this: 
  letI̵

The goal is a proposition, so `let` is preferred over `letI`.
The difference between `let` and `letI` is that `letI` inlines the value.
But this is not relevant for proofs because of proof irrelevance.

Note: This linter can be disabled with `set_option linter.style.haveILetI false`
warning: UnitDistance/RelativeUnitsRegulator.lean:133:2: Try this: 
  letI̵

The goal is a proposition, so `let` is preferred over `letI`.
The difference between `let` and `letI` is that `letI` inlines the value.
But this is not relevant for proofs because of proof irrelevance.

Note: This linter can be disabled with `set_option linter.style.haveILetI false`
warning: UnitDistance/RelativeUnitsRegulator.lean:134:2: Try this: 
  letI̵

The goal is a proposition, so `let` is preferred over `letI`.
The difference between `let` and `letI` is that `letI` inlines the value.
But this is not relevant for proofs because of proof irrelevance.

Note: This linter can be disabled with `set_option linter.style.haveILetI false`
⚠ [4241/4323] Replayed UnitDistance.RelativeUnitsMass
warning: UnitDistance/RelativeUnitsMass.lean:37:0: automatically included section variable(s) unused in theorem `UnitDistance.RelativeUnits.relativeClassQuotient_card_mul`:
  [Algebra.IsQuadraticExtension F K]
  [IsTotallyComplex K]
consider restructuring your `variable` declarations so that the variables are not in scope or explicitly omit them:
  omit [Algebra.IsQuadraticExtension F K] [IsTotallyComplex K] in theorem ...

Note: This linter can be disabled with `set_option linter.unusedSectionVars false`
⚠ [4242/4323] Replayed UnitDistance.RelativeIdealCosetsBasic
warning: UnitDistance/RelativeIdealCosetsBasic.lean:49:8: automatically included section variable(s) unused in theorem `UnitDistance.RelativeIdealCosets.conjugateIdeal_span`:
  [NumberField F]
  [NumberField K]
  [Algebra.IsQuadraticExtension F K]
consider restructuring your `variable` declarations so that the variables are not in scope or explicitly omit them:
  omit [NumberField F] [NumberField K] [Algebra.IsQuadraticExtension F K] in theorem ...

Note: This linter can be disabled with `set_option linter.unusedSectionVars false`
warning: UnitDistance/RelativeIdealCosetsBasic.lean:60:0: automatically included section variable(s) unused in theorem `UnitDistance.RelativeIdealCosets.conjugateIdeal_absNorm`:
  [NumberField F]
  [Algebra.IsQuadraticExtension F K]
consider restructuring your `variable` declarations so that the variables are not in scope or explicitly omit them:
  omit [NumberField F] [Algebra.IsQuadraticExtension F K] in theorem ...

Note: This linter can be disabled with `set_option linter.unusedSectionVars false`
warning: UnitDistance/RelativeIdealCosetsBasic.lean:71:11: Variable name `I` is not explicitly referenced.

Hint: The binding can be removed (if unused) or named `_` (if used implicitly). Alternatively, prefix the name with `_` to silence this warning:
  [apply] _I

Note: This linter can be disabled with `set_option linter.unusedVariables false`
warning: UnitDistance/RelativeIdealCosetsBasic.lean:71:13: Variable name `J` is not explicitly referenced.

Hint: The binding can be removed (if unused) or named `_` (if used implicitly). Alternatively, prefix the name with `_` to silence this warning:
  [apply] _J

Note: This linter can be disabled with `set_option linter.unusedVariables false`
warning: UnitDistance/RelativeIdealCosetsBasic.lean:95:0: automatically included section variable(s) unused in theorem `UnitDistance.RelativeIdealCosets.same_relativeClass_exists_baseIdeal`:
  [Algebra.IsQuadraticExtension F K]
consider restructuring your `variable` declarations so that the variables are not in scope or explicitly omit them:
  omit [Algebra.IsQuadraticExtension F K] in theorem ...

Note: This linter can be disabled with `set_option linter.unusedSectionVars false`
warning: UnitDistance/RelativeIdealCosetsBasic.lean:120:8: automatically included section variable(s) unused in theorem `UnitDistance.RelativeIdealCosets.coe_fieldUnitInvolution`:
  [NumberField F]
  [NumberField K]
  [Algebra.IsQuadraticExtension F K]
consider restructuring your `variable` declarations so that the variables are not in scope or explicitly omit them:
  omit [NumberField F] [NumberField K] [Algebra.IsQuadraticExtension F K] in theorem ...

Note: This linter can be disabled with `set_option linter.unusedSectionVars false`
warning: UnitDistance/RelativeIdealCosetsBasic.lean:126:8: automatically included section variable(s) unused in theorem `UnitDistance.RelativeIdealCosets.coe_fieldCoboundary`:
  [NumberField F]
  [NumberField K]
  [Algebra.IsQuadraticExtension F K]
consider restructuring your `variable` declarations so that the variables are not in scope or explicitly omit them:
  omit [NumberField F] [NumberField K] [Algebra.IsQuadraticExtension F K] in theorem ...

Note: This linter can be disabled with `set_option linter.unusedSectionVars false`
⚠ [4243/4323] Replayed UnitDistance.RelativeIdealCosetsFamily
warning: UnitDistance/RelativeIdealCosetsFamily.lean:51:0: automatically included section variable(s) unused in theorem `UnitDistance.RelativeIdealCosets.oneSidedIdeal_ne_zero`:
  [NumberField F]
  [NumberField K]
  [Algebra.IsQuadraticExtension F K]
consider restructuring your `variable` declarations so that the variables are not in scope or explicitly omit them:
  omit [NumberField F] [NumberField K] [Algebra.IsQuadraticExtension F K] in theorem ...

Note: This linter can be disabled with `set_option linter.unusedSectionVars false`
warning: UnitDistance/RelativeIdealCosetsFamily.lean:55:0: automatically included section variable(s) unused in theorem `UnitDistance.RelativeIdealCosets.balancedIdeal_ne_zero`:
  [NumberField F]
  [NumberField K]
  [Algebra.IsQuadraticExtension F K]
consider restructuring your `variable` declarations so that the variables are not in scope or explicitly omit them:
  omit [NumberField F] [NumberField K] [Algebra.IsQuadraticExtension F K] in theorem ...

Note: This linter can be disabled with `set_option linter.unusedSectionVars false`
warning: UnitDistance/RelativeIdealCosetsFamily.lean:69:0: automatically included section variable(s) unused in theorem `UnitDistance.RelativeIdealCosets.conjugate_oneSidedIdeal`:
  [NumberField F]
  [NumberField K]
  [Algebra.IsQuadraticExtension F K]
consider restructuring your `variable` declarations so that the variables are not in scope or explicitly omit them:
  omit [NumberField F] [NumberField K] [Algebra.IsQuadraticExtension F K] in theorem ...

Note: This linter can be disabled with `set_option linter.unusedSectionVars false`
⚠ [4244/4323] Replayed UnitDistance.RelativeIdealCosetsGenerators
warning: UnitDistance/RelativeIdealCosetsGenerators.lean:48:8: automatically included section variable(s) unused in theorem `UnitDistance.RelativeIdealCosets.integerFieldUnit_coe`:
  [NumberField K]
consider restructuring your `variable` declarations so that the variables are not in scope or explicitly omit them:
  omit [NumberField K] in theorem ...

Note: This linter can be disabled with `set_option linter.unusedSectionVars false`
⚠ [4246/4323] Replayed UnitDistance.RelativeIdealCosetsDistinct
warning: UnitDistance/RelativeIdealCosetsDistinct.lean:64:38: `if_false` has been deprecated: Use `ite_false` instead

Hint: Replace the deprecated name:
  i̵f̵_̵f̵a̵l̵s̵e̵i̲t̲e̲_̲f̲a̲l̲s̲e̲
warning: UnitDistance/RelativeIdealCosetsDistinct.lean:44:0: automatically included section variable(s) unused in theorem `UnitDistance.RelativeIdealCosets.balancedIdeal_first_factorization`:
  [NumberField F]
  [Algebra.IsQuadraticExtension F K]
consider restructuring your `variable` declarations so that the variables are not in scope or explicitly omit them:
  omit [NumberField F] [Algebra.IsQuadraticExtension F K] in theorem ...

Note: This linter can be disabled with `set_option linter.unusedSectionVars false`
warning: UnitDistance/RelativeIdealCosetsDistinct.lean:61:13: This simp argument is unused:
  Finsupp.sum_apply

Hint: Omit it from the simp argument list.
  [apply] simp only [factorization_mul (pow_ne_zero _ (D.prime (_, false)).ne_bot)
        (pow_ne_zero _ (D.prime (_, true)).ne_bot),
    Finsupp.add_apply, factorization_pow, Finsupp.smul_apply, smul_eq_mul, primeIdeal_factorization, he, hn, if_false,
    mul_zero, add_zero]

Note: This linter can be disabled with `set_option linter.unusedSimpArgs false`
warning: UnitDistance/RelativeIdealCosetsDistinct.lean:63:4: This simp argument is unused:
  Finsupp.add_apply

Hint: Omit it from the simp argument list.
  [apply] simp only [Finsupp.sum_apply,
    factorization_mul (pow_ne_zero _ (D.prime (_, false)).ne_bot) (pow_ne_zero _ (D.prime (_, true)).ne_bot),
    factorization_pow, Finsupp.smul_apply, smul_eq_mul, primeIdeal_factorization, he, hn, if_false, mul_zero, add_zero]

Note: This linter can be disabled with `set_option linter.unusedSimpArgs false`
warning: UnitDistance/RelativeIdealCosetsDistinct.lean:63:42: This simp argument is unused:
  Finsupp.smul_apply

Hint: Omit it from the simp argument list.
  [apply] simp only [Finsupp.sum_apply,
    factorization_mul (pow_ne_zero _ (D.prime (_, false)).ne_bot) (pow_ne_zero _ (D.prime (_, true)).ne_bot),
    Finsupp.add_apply, factorization_pow, smul_eq_mul, primeIdeal_factorization, he, hn, if_false, mul_zero, add_zero]

Note: This linter can be disabled with `set_option linter.unusedSimpArgs false`
warning: UnitDistance/RelativeIdealCosetsDistinct.lean:63:62: This simp argument is unused:
  smul_eq_mul

Hint: Omit it from the simp argument list.
  [apply] simp only [Finsupp.sum_apply,
    factorization_mul (pow_ne_zero _ (D.prime (_, false)).ne_bot) (pow_ne_zero _ (D.prime (_, true)).ne_bot),
    Finsupp.add_apply, factorization_pow, Finsupp.smul_apply, primeIdeal_factorization, he, hn, if_false, mul_zero,
    add_zero]

Note: This linter can be disabled with `set_option linter.unusedSimpArgs false`
warning: UnitDistance/RelativeIdealCosetsDistinct.lean:64:4: This simp argument is unused:
  primeIdeal_factorization

Hint: Omit it from the simp argument list.
  [apply] simp only [Finsupp.sum_apply,
    factorization_mul (pow_ne_zero _ (D.prime (_, false)).ne_bot) (pow_ne_zero _ (D.prime (_, true)).ne_bot),
    Finsupp.add_apply, factorization_pow, Finsupp.smul_apply, smul_eq_mul, he, hn, if_false, mul_zero, add_zero]

Note: This linter can be disabled with `set_option linter.unusedSimpArgs false`
warning: UnitDistance/RelativeIdealCosetsDistinct.lean:64:30: This simp argument is unused:
  he

Hint: Omit it from the simp argument list.
  [apply] simp only [Finsupp.sum_apply,
    factorization_mul (pow_ne_zero _ (D.prime (_, false)).ne_bot) (pow_ne_zero _ (D.prime (_, true)).ne_bot),
    Finsupp.add_apply, factorization_pow, Finsupp.smul_apply, smul_eq_mul, primeIdeal_factorization, hn, if_false,
    mul_zero, add_zero]

Note: This linter can be disabled with `set_option linter.unusedSimpArgs false`
warning: UnitDistance/RelativeIdealCosetsDistinct.lean:64:34: This simp argument is unused:
  hn

Hint: Omit it from the simp argument list.
  [apply] simp only [Finsupp.sum_apply,
    factorization_mul (pow_ne_zero _ (D.prime (_, false)).ne_bot) (pow_ne_zero _ (D.prime (_, true)).ne_bot),
    Finsupp.add_apply, factorization_pow, Finsupp.smul_apply, smul_eq_mul, primeIdeal_factorization, he, if_false,
    mul_zero, add_zero]

Note: This linter can be disabled with `set_option linter.unusedSimpArgs false`
warning: UnitDistance/RelativeIdealCosetsDistinct.lean:64:38: This simp argument is unused:
  if_false

Hint: Omit it from the simp argument list.
  [apply] simp only [Finsupp.sum_apply,
    factorization_mul (pow_ne_zero _ (D.prime (_, false)).ne_bot) (pow_ne_zero _ (D.prime (_, true)).ne_bot),
    Finsupp.add_apply, factorization_pow, Finsupp.smul_apply, smul_eq_mul, primeIdeal_factorization, he, hn, mul_zero,
    add_zero]

Note: This linter can be disabled with `set_option linter.unusedSimpArgs false`
warning: UnitDistance/RelativeIdealCosetsDistinct.lean:64:48: This simp argument is unused:
  mul_zero

Hint: Omit it from the simp argument list.
  [apply] simp only [Finsupp.sum_apply,
    factorization_mul (pow_ne_zero _ (D.prime (_, false)).ne_bot) (pow_ne_zero _ (D.prime (_, true)).ne_bot),
    Finsupp.add_apply, factorization_pow, Finsupp.smul_apply, smul_eq_mul, primeIdeal_factorization, he, hn, if_false,
    add_zero]

Note: This linter can be disabled with `set_option linter.unusedSimpArgs false`
warning: UnitDistance/RelativeIdealCosetsDistinct.lean:64:58: This simp argument is unused:
  add_zero

Hint: Omit it from the simp argument list.
  [apply] simp only [Finsupp.sum_apply,
    factorization_mul (pow_ne_zero _ (D.prime (_, false)).ne_bot) (pow_ne_zero _ (D.prime (_, true)).ne_bot),
    Finsupp.add_apply, factorization_pow, Finsupp.smul_apply, smul_eq_mul, primeIdeal_factorization, he, hn, if_false,
    mul_zero]

Note: This linter can be disabled with `set_option linter.unusedSimpArgs false`
⚠ [4247/4323] Replayed UnitDistance.RelativeIdealCosetsFiber
warning: UnitDistance/RelativeIdealCosetsFiber.lean:38:2: Try this: 
  letI̵

The goal is a proposition, so `let` is preferred over `letI`.
The difference between `let` and `letI` is that `letI` inlines the value.
But this is not relevant for proofs because of proof irrelevance.

Note: This linter can be disabled with `set_option linter.style.haveILetI false`
⚠ [4248/4323] Replayed UnitDistance.RelativeIdealCosetsFractional
warning: UnitDistance/RelativeIdealCosetsFractional.lean:27:0: automatically included section variable(s) unused in theorem `UnitDistance.RelativeIdealCosets.lifted_integerInvolution_eq`:
  [NumberField F]
  [Algebra.IsQuadraticExtension F K]
consider restructuring your `variable` declarations so that the variables are not in scope or explicitly omit them:
  omit [NumberField F] [Algebra.IsQuadraticExtension F K] in theorem ...

Note: This linter can be disabled with `set_option linter.unusedSectionVars false`
warning: UnitDistance/RelativeIdealCosetsFractional.lean:47:2: Try this: 
  letI̵

The goal is a proposition, so `let` is preferred over `letI`.
The difference between `let` and `letI` is that `letI` inlines the value.
But this is not relevant for proofs because of proof irrelevance.

Note: This linter can be disabled with `set_option linter.style.haveILetI false`
warning: UnitDistance/RelativeIdealCosetsFractional.lean:50:2: Try this: 
  letI̵

The goal is a proposition, so `let` is preferred over `letI`.
The difference between `let` and `letI` is that `letI` inlines the value.
But this is not relevant for proofs because of proof irrelevance.

Note: This linter can be disabled with `set_option linter.style.haveILetI false`
warning: UnitDistance/RelativeIdealCosetsFractional.lean:114:8: automatically included section variable(s) unused in theorem `UnitDistance.RelativeIdealCosets.relativeFractionalClass_mk0`:
  [NumberField F]
  [Algebra.IsQuadraticExtension F K]
consider restructuring your `variable` declarations so that the variables are not in scope or explicitly omit them:
  omit [NumberField F] [Algebra.IsQuadraticExtension F K] in theorem ...

Note: This linter can be disabled with `set_option linter.unusedSectionVars false`
warning: UnitDistance/RelativeIdealCosetsFractional.lean:131:0: automatically included section variable(s) unused in theorem `UnitDistance.RelativeIdealCosets.same_relativeFractionalClass_exists_corrector`:
  [Algebra.IsQuadraticExtension F K]
consider restructuring your `variable` declarations so that the variables are not in scope or explicitly omit them:
  omit [Algebra.IsQuadraticExtension F K] in theorem ...

Note: This linter can be disabled with `set_option linter.unusedSectionVars false`
warning: UnitDistance/RelativeIdealCosetsFractional.lean:149:8: automatically included section variable(s) unused in theorem `UnitDistance.RelativeIdealCosets.fractionalAntiRatio_apply`:
  [NumberField F]
  [Algebra.IsQuadraticExtension F K]
consider restructuring your `variable` declarations so that the variables are not in scope or explicitly omit them:
  omit [NumberField F] [Algebra.IsQuadraticExtension F K] in theorem ...

Note: This linter can be disabled with `set_option linter.unusedSectionVars false`
⚠ [4285/4355] Replayed UnitDistance.RelativeIdealCosets
warning: UnitDistance/RelativeIdealCosets.lean:28:8: automatically included section variable(s) unused in theorem `UnitDistance.RelativeIdealCosets.integralUnitField_coe`:
  [NumberField K]
consider restructuring your `variable` declarations so that the variables are not in scope or explicitly omit them:
  omit [NumberField K] in theorem ...

Note: This linter can be disabled with `set_option linter.unusedSectionVars false`
⚠ [4286/4355] Replayed UnitDistance.RelativeIdealCosetsSigned
warning: UnitDistance/RelativeIdealCosetsSigned.lean:29:8: automatically included section variable(s) unused in theorem `UnitDistance.RelativeIdealCosets.primeIdealGroup_coe`:
  [NumberField F]
  [Algebra.IsQuadraticExtension F K]
  [Fintype S]
consider restructuring your `variable` declarations so that the variables are not in scope or explicitly omit them:
  omit [NumberField F] [Algebra.IsQuadraticExtension F K] [Fintype S] in theorem ...

Note: This linter can be disabled with `set_option linter.unusedSectionVars false`
warning: UnitDistance/RelativeIdealCosetsSigned.lean:33:8: automatically included section variable(s) unused in theorem `UnitDistance.RelativeIdealCosets.conjugate_primeIdealGroup`:
  [Fintype S]
consider restructuring your `variable` declarations so that the variables are not in scope or explicitly omit them:
  omit [Fintype S] in theorem ...

Note: This linter can be disabled with `set_option linter.unusedSectionVars false`
warning: UnitDistance/RelativeIdealCosetsSigned.lean:33:59: Variable name `hι` is not explicitly referenced.

Hint: The binding can be removed (if unused) or named `_` (if used implicitly). Alternatively, prefix the name with `_` to silence this warning:
  [apply] _hι

Note: This linter can be disabled with `set_option linter.unusedVariables false`
warning: UnitDistance/RelativeIdealCosetsSigned.lean:51:0: automatically included section variable(s) unused in theorem `UnitDistance.RelativeIdealCosets.signedOneSidedIdeal_div`:
  [NumberField F]
  [Algebra.IsQuadraticExtension F K]
consider restructuring your `variable` declarations so that the variables are not in scope or explicitly omit them:
  omit [NumberField F] [Algebra.IsQuadraticExtension F K] in theorem ...

Note: This linter can be disabled with `set_option linter.unusedSectionVars false`
warning: UnitDistance/RelativeIdealCosetsSigned.lean:95:0: automatically included section variable(s) unused in theorem `UnitDistance.RelativeIdealCosets.idealCountHom_prime`:
  [NumberField F]
  [Algebra.IsQuadraticExtension F K]
  [Fintype S]
consider restructuring your `variable` declarations so that the variables are not in scope or explicitly omit them:
  omit [NumberField F] [Algebra.IsQuadraticExtension F K] [Fintype S] in theorem ...

Note: This linter can be disabled with `set_option linter.unusedSectionVars false`
⚠ [4288/4355] Replayed UnitDistance.SIntegerCRTBasic
warning: UnitDistance/SIntegerCRTBasic.lean:108:65: `if_false` has been deprecated: Use `ite_false` instead

Hint: Replace the deprecated name:
  i̵f̵_̵f̵a̵l̵s̵e̵i̲t̲e̲_̲f̲a̲l̲s̲e̲
⚠ [4289/4355] Replayed UnitDistance.SIntegerCRTApproximation
warning: UnitDistance/SIntegerCRTApproximation.lean:38:14: `Set.preimage_setOf_eq` has been deprecated: Use `Set.preimage_ofPred_eq` instead

Hint: Replace the deprecated name:
  S̵e̵t̵.̵p̵r̵e̵i̵m̵a̵g̵e̵_̵s̵e̵t̵O̵f̵_̵e̵q̵p̲r̲e̲i̲m̲a̲g̲e̲_̲o̲f̲P̲r̲e̲d̲_̲e̲q̲
warning: UnitDistance/SIntegerCRTApproximation.lean:80:2: Try this: 
  letI̵

The goal is a proposition, so `let` is preferred over `letI`.
The difference between `let` and `letI` is that `letI` inlines the value.
But this is not relevant for proofs because of proof irrelevance.

Note: This linter can be disabled with `set_option linter.style.haveILetI false`
warning: UnitDistance/SIntegerCRTApproximation.lean:81:2: Try this: 
  letI̵

The goal is a proposition, so `let` is preferred over `letI`.
The difference between `let` and `letI` is that `letI` inlines the value.
But this is not relevant for proofs because of proof irrelevance.

Note: This linter can be disabled with `set_option linter.style.haveILetI false`
warning: UnitDistance/SIntegerCRTApproximation.lean:76:0: automatically included section variable(s) unused in theorem `UnitDistance.SIntegerCRT.prime_powers_pairwise_coprime`:
  [Fintype T]
consider restructuring your `variable` declarations so that the variables are not in scope or explicitly omit them:
  omit [Fintype T] in theorem ...

Note: This linter can be disabled with `set_option linter.unusedSectionVars false`
⚠ [4291/4355] Replayed UnitDistance.SIntegerPeriodIdeal
warning: UnitDistance/SIntegerPeriodIdeal.lean:62:8: automatically included section variable(s) unused in theorem `UnitDistance.SIntegerCRT.localEmbedding_apply`:
  [Fintype T]
consider restructuring your `variable` declarations so that the variables are not in scope or explicitly omit them:
  omit [Fintype T] in theorem ...

Note: This linter can be disabled with `set_option linter.unusedSectionVars false`
⚠ [4293/4355] Replayed UnitDistance.SIntegerLocalMeasure
warning: UnitDistance/SIntegerLocalMeasure.lean:108:0: automatically included section variable(s) unused in theorem `UnitDistance.SIntegerCRT.finitePeriod_eq_pi`:
  [Fintype T]
consider restructuring your `variable` declarations so that the variables are not in scope or explicitly omit them:
  omit [Fintype T] in theorem ...

Note: This linter can be disabled with `set_option linter.unusedSectionVars false`
⚠ [4294/4355] Replayed UnitDistance.RelativeIdealCosetsNorm
warning: UnitDistance/RelativeIdealCosetsNorm.lean:40:0: automatically included section variable(s) unused in theorem `UnitDistance.RelativeIdealCosets.splitPrime_absNorm`:
  [Fintype S]
consider restructuring your `variable` declarations so that the variables are not in scope or explicitly omit them:
  omit [Fintype S] in theorem ...

Note: This linter can be disabled with `set_option linter.unusedSectionVars false`
⚠ [4334/4411] Replayed UnitDistance.RelativeCompletionValuation
warning: UnitDistance/RelativeCompletionValuation.lean:44:0: automatically included section variable(s) unused in theorem `UnitDistance.RelativeCompletion.integer_primePower_iff`:
  [NumberField F]
  [NumberField K]
  [Algebra.IsQuadraticExtension F K]
consider restructuring your `variable` declarations so that the variables are not in scope or explicitly omit them:
  omit [NumberField F] [NumberField K] [Algebra.IsQuadraticExtension F K] in theorem ...

Note: This linter can be disabled with `set_option linter.unusedSectionVars false`
⚠ [4335/4411] Replayed UnitDistance.RelativeCompletionContinuity
warning: UnitDistance/RelativeCompletionContinuity.lean:35:16: `Set.mem_setOf_eq` has been deprecated: Use `Set.mem_ofPred_eq` instead

Hint: Replace the deprecated name:
  S̵e̵t̵.̵m̵e̵m̵_̵s̵e̵t̵O̵f̵_̵e̵q̵S̲e̲t̲.̲m̲e̲m̲_̲o̲f̲P̲r̲e̲d̲_̲e̲q̲
⚠ [4338/4411] Replayed UnitDistance.RelativeCompletionCoordinates
warning: UnitDistance/RelativeCompletionCoordinates.lean:58:33: `simp` already closes the goal

Hint: Use `simp` instead of `simpa`:
  [apply] simp [h] at hn

Note: This linter can be disabled with `set_option linter.unnecessarySimpa false`
⚠ [4339/4411] Replayed UnitDistance.RelativeCompletionHaar
warning: UnitDistance/RelativeCompletionHaar.lean:53:2: Try this: 
  haveI̵

The goal is a proposition, so `have` is preferred over `haveI`.
The difference between `have` and `haveI` is that `haveI` inlines the value.
But this is not relevant for proofs because of proof irrelevance.

Note: This linter can be disabled with `set_option linter.style.haveILetI false`
⚠ [4340/4411] Replayed UnitDistance.SIntegerWitnessProfile
warning: UnitDistance/SIntegerWitnessProfile.lean:36:0: automatically included section variable(s) unused in theorem `UnitDistance.SIntegerCRT.primePair_norm`:
  [Fintype S]
consider restructuring your `variable` declarations so that the variables are not in scope or explicitly omit them:
  omit [Fintype S] in theorem ...

Note: This linter can be disabled with `set_option linter.unusedSectionVars false`
warning: UnitDistance/SIntegerWitnessProfile.lean:40:0: automatically included section variable(s) unused in theorem `UnitDistance.SIntegerCRT.primePair_injective`:
  [NumberField F]
  [NumberField K]
  [Algebra.IsQuadraticExtension F K]
  [Fintype S]
consider restructuring your `variable` declarations so that the variables are not in scope or explicitly omit them:
  omit [NumberField F] [NumberField K] [Algebra.IsQuadraticExtension F K] [Fintype S] in theorem ...

Note: This linter can be disabled with `set_option linter.unusedSectionVars false`
warning: UnitDistance/SIntegerWitnessProfile.lean:41:6: Variable name `x` is not explicitly referenced.

Hint: The binding can be removed (if unused) or named `_` (if used implicitly). Alternatively, prefix the name with `_` to silence this warning:
  [apply] _x

Note: This linter can be disabled with `set_option linter.unusedVariables false`
warning: UnitDistance/SIntegerWitnessProfile.lean:41:8: Variable name `y` is not explicitly referenced.

Hint: The binding can be removed (if unused) or named `_` (if used implicitly). Alternatively, prefix the name with `_` to silence this warning:
  [apply] _y

Note: This linter can be disabled with `set_option linter.unusedVariables false`
warning: UnitDistance/SIntegerWitnessProfile.lean:65:0: automatically included section variable(s) unused in theorem `UnitDistance.SIntegerCRT.witnessLocalFactor_nonneg`:
  [NumberField F]
  [Algebra.IsQuadraticExtension F K]
  [Fintype S]
consider restructuring your `variable` declarations so that the variables are not in scope or explicitly omit them:
  omit [NumberField F] [Algebra.IsQuadraticExtension F K] [Fintype S] in theorem ...

Note: This linter can be disabled with `set_option linter.unusedSectionVars false`
warning: UnitDistance/SIntegerWitnessProfile.lean:84:0: automatically included section variable(s) unused in theorem `UnitDistance.SIntegerCRT.witnessLocalFactor_measurable`:
  [NumberField F]
  [Algebra.IsQuadraticExtension F K]
  [Fintype S]
consider restructuring your `variable` declarations so that the variables are not in scope or explicitly omit them:
  omit [NumberField F] [Algebra.IsQuadraticExtension F K] [Fintype S] in theorem ...

Note: This linter can be disabled with `set_option linter.unusedSectionVars false`
warning: UnitDistance/SIntegerWitnessProfile.lean:99:0: automatically included section variable(s) unused in theorem `UnitDistance.SIntegerCRT.witnessLocalFactor_rpow_integrable`:
  [NumberField F]
  [Algebra.IsQuadraticExtension F K]
  [Fintype S]
consider restructuring your `variable` declarations so that the variables are not in scope or explicitly omit them:
  omit [NumberField F] [Algebra.IsQuadraticExtension F K] [Fintype S] in theorem ...

Note: This linter can be disabled with `set_option linter.unusedSectionVars false`
warning: UnitDistance/SIntegerWitnessProfile.lean:157:0: automatically included section variable(s) unused in theorem `UnitDistance.SIntegerCRT.witnessFiniteProfile_period`:
  [NumberField F]
  [Algebra.IsQuadraticExtension F K]
consider restructuring your `variable` declarations so that the variables are not in scope or explicitly omit them:
  omit [NumberField F] [Algebra.IsQuadraticExtension F K] in theorem ...

Note: This linter can be disabled with `set_option linter.unusedSectionVars false`
⚠ [4341/4411] Replayed UnitDistance.SIntegerPairedCoordinates
warning: UnitDistance/SIntegerPairedCoordinates.lean:57:0: automatically included section variable(s) unused in theorem `UnitDistance.SIntegerCRT.pairedCoordinates_continuous`:
  [Fintype S]
consider restructuring your `variable` declarations so that the variables are not in scope or explicitly omit them:
  omit [Fintype S] in theorem ...

Note: This linter can be disabled with `set_option linter.unusedSectionVars false`
warning: UnitDistance/SIntegerPairedCoordinates.lean:63:0: automatically included section variable(s) unused in theorem `UnitDistance.SIntegerCRT.pairedCoordinates_symm_continuous`:
  [Fintype S]
consider restructuring your `variable` declarations so that the variables are not in scope or explicitly omit them:
  omit [Fintype S] in theorem ...

Note: This linter can be disabled with `set_option linter.unusedSectionVars false`
warning: UnitDistance/SIntegerPairedCoordinates.lean:168:0: automatically included section variable(s) unused in theorem `UnitDistance.SIntegerCRT.pairedCoordinates_field`:
  [Fintype S]
consider restructuring your `variable` declarations so that the variables are not in scope or explicitly omit them:
  omit [Fintype S] in theorem ...

Note: This linter can be disabled with `set_option linter.unusedSectionVars false`
⚠ [4360/4411] Replayed UnitDistance.ThirdParty.PoissonSummation
warning: UnitDistance/ThirdParty/PoissonSummation.lean:96:0: automatically included section variable(s) unused in theorem `DedekindZeta.PoissonSummation.mem_dualLattice`:
  [FiniteDimensional ℝ V]
  [MeasurableSpace V]
  [BorelSpace V]
consider restructuring your `variable` declarations so that the variables are not in scope or explicitly omit them:
  omit [FiniteDimensional ℝ V] [MeasurableSpace V] [BorelSpace V] in theorem ...

Note: This linter can be disabled with `set_option linter.unusedSectionVars false`
warning: UnitDistance/ThirdParty/PoissonSummation.lean:113:0: automatically included section variable(s) unused in theorem `DedekindZeta.PoissonSummation.innerₗ_nondegenerate`:
  [FiniteDimensional ℝ V]
  [MeasurableSpace V]
  [BorelSpace V]
consider restructuring your `variable` declarations so that the variables are not in scope or explicitly omit them:
  omit [FiniteDimensional ℝ V] [MeasurableSpace V] [BorelSpace V] in theorem ...

Note: This linter can be disabled with `set_option linter.unusedSectionVars false`
warning: UnitDistance/ThirdParty/PoissonSummation.lean:165:0: automatically included section variable(s) unused in theorem `DedekindZeta.PoissonSummation.periodisation_apply`:
  [FiniteDimensional ℝ V]
  [MeasurableSpace V]
  [BorelSpace V]
  [DiscreteTopology ↥L]
  [IsZLattice ℝ L]
consider restructuring your `variable` declarations so that the variables are not in scope or explicitly omit them:
  omit [FiniteDimensional ℝ V] [MeasurableSpace V] [BorelSpace V] [DiscreteTopology ↥L] [IsZLattice ℝ L] in theorem ...

Note: This linter can be disabled with `set_option linter.unusedSectionVars false`
warning: UnitDistance/ThirdParty/PoissonSummation.lean:189:5: `AddSubgroup.isClosed_of_discrete` has been deprecated: Use `AddSubgroup.isClosed_of_discreteTopology` instead

Hint: Replace the deprecated name:
  AddSubgroup.isClosed_of_discreteT̲o̲p̲o̲l̲o̲g̲y̲
warning: UnitDistance/ThirdParty/PoissonSummation.lean:172:0: automatically included section variable(s) unused in theorem `DedekindZeta.PoissonSummation.summable_periodisation`:
  [MeasurableSpace V]
  [BorelSpace V]
  [IsZLattice ℝ L]
consider restructuring your `variable` declarations so that the variables are not in scope or explicitly omit them:
  omit [MeasurableSpace V] [BorelSpace V] [IsZLattice ℝ L] in theorem ...

Note: This linter can be disabled with `set_option linter.unusedSectionVars false`
warning: UnitDistance/ThirdParty/PoissonSummation.lean:224:0: automatically included section variable(s) unused in theorem `DedekindZeta.PoissonSummation.periodisation_zero`:
  [FiniteDimensional ℝ V]
  [MeasurableSpace V]
  [BorelSpace V]
  [DiscreteTopology ↥L]
  [IsZLattice ℝ L]
consider restructuring your `variable` declarations so that the variables are not in scope or explicitly omit them:
  omit [FiniteDimensional ℝ V] [MeasurableSpace V] [BorelSpace V] [DiscreteTopology ↥L] [IsZLattice ℝ L] in theorem ...

Note: This linter can be disabled with `set_option linter.unusedSectionVars false`
warning: UnitDistance/ThirdParty/PoissonSummation.lean:263:5: `AddSubgroup.isClosed_of_discrete` has been deprecated: Use `AddSubgroup.isClosed_of_discreteTopology` instead

Hint: Replace the deprecated name:
  AddSubgroup.isClosed_of_discreteT̲o̲p̲o̲l̲o̲g̲y̲
warning: UnitDistance/ThirdParty/PoissonSummation.lean:229:0: automatically included section variable(s) unused in theorem `DedekindZeta.PoissonSummation.continuous_periodisation`:
  [MeasurableSpace V]
  [BorelSpace V]
  [IsZLattice ℝ L]
consider restructuring your `variable` declarations so that the variables are not in scope or explicitly omit them:
  omit [MeasurableSpace V] [BorelSpace V] [IsZLattice ℝ L] in theorem ...

Note: This linter can be disabled with `set_option linter.unusedSectionVars false`
warning: UnitDistance/ThirdParty/PoissonSummation.lean:387:2: Try this: 
  haveI̵

The goal is a proposition, so `have` is preferred over `haveI`.
The difference between `have` and `haveI` is that `haveI` inlines the value.
But this is not relevant for proofs because of proof irrelevance.

Note: This linter can be disabled with `set_option linter.style.haveILetI false`
warning: UnitDistance/ThirdParty/PoissonSummation.lean:503:5: `AddSubgroup.isClosed_of_discrete` has been deprecated: Use `AddSubgroup.isClosed_of_discreteTopology` instead

Hint: Replace the deprecated name:
  AddSubgroup.isClosed_of_discreteT̲o̲p̲o̲l̲o̲g̲y̲
warning: UnitDistance/ThirdParty/PoissonSummation.lean:559:0: automatically included section variable(s) unused in theorem `DedekindZeta.PoissonSummation.latticeEquivFun_apply`:
  [MeasurableSpace V]
  [BorelSpace V]
consider restructuring your `variable` declarations so that the variables are not in scope or explicitly omit them:
  omit [MeasurableSpace V] [BorelSpace V] in theorem ...

Note: This linter can be disabled with `set_option linter.unusedSectionVars false`
warning: UnitDistance/ThirdParty/PoissonSummation.lean:571:45: `Set.mem_setOf_eq` has been deprecated: Use `Set.mem_ofPred_eq` instead

Hint: Replace the deprecated name:
  S̵e̵t̵.̵m̵e̵m̵_̵s̵e̵t̵O̵f̵_̵e̵q̵S̲e̲t̲.̲m̲e̲m̲_̲o̲f̲P̲r̲e̲d̲_̲e̲q̲
warning: UnitDistance/ThirdParty/PoissonSummation.lean:607:8: automatically included section variable(s) unused in theorem `_private.UnitDistance.ThirdParty.PoissonSummation.0.DedekindZeta.PoissonSummation.toPiCircleHom_apply`:
  [MeasurableSpace V]
  [BorelSpace V]
consider restructuring your `variable` declarations so that the variables are not in scope or explicitly omit them:
  omit [MeasurableSpace V] [BorelSpace V] in theorem ...

Note: This linter can be disabled with `set_option linter.unusedSectionVars false`
warning: UnitDistance/ThirdParty/PoissonSummation.lean:638:8: automatically included section variable(s) unused in theorem `_private.UnitDistance.ThirdParty.PoissonSummation.0.DedekindZeta.PoissonSummation.continuous_toPiCircleHom`:
  [MeasurableSpace V]
  [BorelSpace V]
consider restructuring your `variable` declarations so that the variables are not in scope or explicitly omit them:
  omit [MeasurableSpace V] [BorelSpace V] in theorem ...

Note: This linter can be disabled with `set_option linter.unusedSectionVars false`
warning: UnitDistance/ThirdParty/PoissonSummation.lean:686:26: Private declaration `torusHom` accessed publicly; this is allowed only because the `backward.privateInPublic` option is enabled. 

Disable `backward.privateInPublic.warn` to silence this warning.
warning: UnitDistance/ThirdParty/PoissonSummation.lean:686:41: Private declaration `torusHom_bijective` accessed publicly; this is allowed only because the `backward.privateInPublic` option is enabled. 

Disable `backward.privateInPublic.warn` to silence this warning.
warning: UnitDistance/ThirdParty/PoissonSummation.lean:690:19: Private declaration `toPiCircleHom` accessed publicly; this is allowed only because the `backward.privateInPublic` option is enabled. 

Disable `backward.privateInPublic.warn` to silence this warning.
warning: UnitDistance/ThirdParty/PoissonSummation.lean:693:10: Private declaration `continuous_toPiCircleHom` accessed publicly; this is allowed only because the `backward.privateInPublic` option is enabled. 

Disable `backward.privateInPublic.warn` to silence this warning.
warning: UnitDistance/ThirdParty/PoissonSummation.lean:766:15: Private declaration `dualBasisR_linearIndependent` accessed publicly; this is allowed only because the `backward.privateInPublic` option is enabled. 

Disable `backward.privateInPublic.warn` to silence this warning.
warning: UnitDistance/ThirdParty/PoissonSummation.lean:956:43: Variable name `hg` is not explicitly referenced.

Hint: The binding can be removed (if unused) or named `_` (if used implicitly). Alternatively, prefix the name with `_` to silence this warning:
  [apply] _hg

Note: This linter can be disabled with `set_option linter.unusedVariables false`
warning: UnitDistance/ThirdParty/PoissonSummation.lean:1082:2: Try this: 
  haveI̵

The goal is a proposition, so `have` is preferred over `haveI`.
The difference between `have` and `haveI` is that `haveI` inlines the value.
But this is not relevant for proofs because of proof irrelevance.

Note: This linter can be disabled with `set_option linter.style.haveILetI false`
warning: UnitDistance/ThirdParty/PoissonSummation.lean:1013:43: Variable name `hg` is not explicitly referenced.

Hint: The binding can be removed (if unused) or named `_` (if used implicitly). Alternatively, prefix the name with `_` to silence this warning:
  [apply] _hg

Note: This linter can be disabled with `set_option linter.unusedVariables false`
warning: UnitDistance/ThirdParty/PoissonSummation.lean:1125:17: Variable name `hD` is not explicitly referenced.

Hint: The binding can be removed (if unused) or named `_` (if used implicitly). Alternatively, prefix the name with `_` to silence this warning:
  [apply] _hD

Note: This linter can be disabled with `set_option linter.unusedVariables false`
warning: UnitDistance/ThirdParty/PoissonSummation.lean:1126:43: Variable name `hg` is not explicitly referenced.

Hint: The binding can be removed (if unused) or named `_` (if used implicitly). Alternatively, prefix the name with `_` to silence this warning:
  [apply] _hg

Note: This linter can be disabled with `set_option linter.unusedVariables false`
⚠ [4364/4411] Replayed UnitDistance.SIntegerFundamentalDomain
warning: UnitDistance/SIntegerFundamentalDomain.lean:68:8: automatically included section variable(s) unused in theorem `UnitDistance.SIntegerCRT.diagonalEmbedding_fst`:
  [Fintype T]
consider restructuring your `variable` declarations so that the variables are not in scope or explicitly omit them:
  omit [Fintype T] in theorem ...

Note: This linter can be disabled with `set_option linter.unusedSectionVars false`
warning: UnitDistance/SIntegerFundamentalDomain.lean:71:8: automatically included section variable(s) unused in theorem `UnitDistance.SIntegerCRT.diagonalEmbedding_snd`:
  [Fintype T]
consider restructuring your `variable` declarations so that the variables are not in scope or explicitly omit them:
  omit [Fintype T] in theorem ...

Note: This linter can be disabled with `set_option linter.unusedSectionVars false`
warning: UnitDistance/SIntegerFundamentalDomain.lean:129:0: automatically included section variable(s) unused in theorem `UnitDistance.SIntegerCRT.diagonalEmbedding_injective`:
  [Fintype T]
consider restructuring your `variable` declarations so that the variables are not in scope or explicitly omit them:
  omit [Fintype T] in theorem ...

Note: This linter can be disabled with `set_option linter.unusedSectionVars false`
⚠ [4367/4411] Replayed UnitDistance.FiniteCosetWeightedSum
warning: UnitDistance/FiniteCosetWeightedSum.lean:27:0: automatically included section variable(s) unused in theorem `UnitDistance.periodic_eq_of_quotient_eq`:
  [MeasurableSpace G]
  [MeasurableAdd G]
consider restructuring your `variable` declarations so that the variables are not in scope or explicitly omit them:
  omit [MeasurableSpace G] [MeasurableAdd G] in theorem ...

Note: This linter can be disabled with `set_option linter.unusedSectionVars false`
⚠ [4375/4411] Replayed UnitDistance.StudentProfiles
warning: UnitDistance/StudentProfiles.lean:171:4: `mul_le_one₀` has been deprecated: No replacement, use constituent lemmas from proof.
⚠ [4386/4453] Replayed UnitDistance.RelativeArchimedeanCoordinates
warning: UnitDistance/RelativeArchimedeanCoordinates.lean:105:0: automatically included section variable(s) unused in theorem `UnitDistance.RelativeUnits.elementDifferenceLog_mul`:
  [Algebra.IsQuadraticExtension F K]
  [IsTotallyComplex K]
consider restructuring your `variable` declarations so that the variables are not in scope or explicitly omit them:
  omit [Algebra.IsQuadraticExtension F K] [IsTotallyComplex K] in theorem ...

Note: This linter can be disabled with `set_option linter.unusedSectionVars false`
warning: UnitDistance/RelativeArchimedeanCoordinates.lean:113:0: automatically included section variable(s) unused in theorem `UnitDistance.RelativeUnits.elementDifferenceLog_unit`:
  [Algebra.IsQuadraticExtension F K]
  [IsTotallyComplex K]
consider restructuring your `variable` declarations so that the variables are not in scope or explicitly omit them:
  omit [Algebra.IsQuadraticExtension F K] [IsTotallyComplex K] in theorem ...

Note: This linter can be disabled with `set_option linter.unusedSectionVars false`
warning: UnitDistance/RelativeArchimedeanCoordinates.lean:117:0: automatically included section variable(s) unused in theorem `UnitDistance.RelativeUnits.normOne_mul_involution`:
  [IsTotallyComplex K]
consider restructuring your `variable` declarations so that the variables are not in scope or explicitly omit them:
  omit [IsTotallyComplex K] in theorem ...

Note: This linter can be disabled with `set_option linter.unusedSectionVars false`
warning: UnitDistance/RelativeArchimedeanCoordinates.lean:172:0: automatically included section variable(s) unused in theorem `UnitDistance.RelativeUnits.euclidean_embedding_coordinate_norm`:
  [IsTotallyComplex K]
consider restructuring your `variable` declarations so that the variables are not in scope or explicitly omit them:
  omit [IsTotallyComplex K] in theorem ...

Note: This linter can be disabled with `set_option linter.unusedSectionVars false`
⚠ [4429/4453] Replayed UnitDistance.GeometryLogSupport
warning: UnitDistance/GeometryLogSupport.lean:5:0: 'Mathlib.Data.ENNReal.Basic' has been deprecated: please replace this import by

import Mathlib.Basic.ENNReal.Basic
⚠ [4432/4453] Replayed UnitDistance.GeometryTransfer
warning: UnitDistance/GeometryTransfer.lean:176:2: Try this: 
  letI̵

The goal is a proposition, so `let` is preferred over `letI`.
The difference between `let` and `letI` is that `letI` inlines the value.
But this is not relevant for proofs because of proof irrelevance.

Note: This linter can be disabled with `set_option linter.style.haveILetI false`
⚠ [4433/4453] Replayed UnitDistance.GeometryWeighted
warning: UnitDistance/GeometryWeighted.lean:137:2: Try this: 
  letI̵

The goal is a proposition, so `let` is preferred over `letI`.
The difference between `let` and `letI` is that `letI` inlines the value.
But this is not relevant for proofs because of proof irrelevance.

Note: This linter can be disabled with `set_option linter.style.haveILetI false`
⚠ [4442/4511] Replayed UnitDistance.TensorFieldCoordinates
warning: UnitDistance/TensorFieldCoordinates.lean:40:2: Try this: 
  letI̵

The goal is a proposition, so `let` is preferred over `letI`.
The difference between `let` and `letI` is that `letI` inlines the value.
But this is not relevant for proofs because of proof irrelevance.

Note: This linter can be disabled with `set_option linter.style.haveILetI false`
warning: UnitDistance/TensorFieldCoordinates.lean:42:2: Try this: 
  letI̵

The goal is a proposition, so `let` is preferred over `letI`.
The difference between `let` and `letI` is that `letI` inlines the value.
But this is not relevant for proofs because of proof irrelevance.

Note: This linter can be disabled with `set_option linter.style.haveILetI false`
warning: UnitDistance/TensorFieldCoordinates.lean:114:2: Try this: 
  letI̵

The goal is a proposition, so `let` is preferred over `letI`.
The difference between `let` and `letI` is that `letI` inlines the value.
But this is not relevant for proofs because of proof irrelevance.

Note: This linter can be disabled with `set_option linter.style.haveILetI false`
⚠ [4444/4511] Replayed UnitDistance.SIntegerProfileBound
warning: UnitDistance/SIntegerProfileBound.lean:52:2: Try this: 
  letI̵

The goal is a proposition, so `let` is preferred over `letI`.
The difference between `let` and `letI` is that `letI` inlines the value.
But this is not relevant for proofs because of proof irrelevance.

Note: This linter can be disabled with `set_option linter.style.haveILetI false`
⚠ [4447/4511] Replayed UnitDistance.TensorEnergy
warning: UnitDistance/TensorEnergy.lean:63:2: Try this: 
  letI̵

The goal is a proposition, so `let` is preferred over `letI`.
The difference between `let` and `letI` is that `letI` inlines the value.
But this is not relevant for proofs because of proof irrelevance.

Note: This linter can be disabled with `set_option linter.style.haveILetI false`
warning: UnitDistance/TensorEnergy.lean:64:2: Try this: 
  letI̵

The goal is a proposition, so `let` is preferred over `letI`.
The difference between `let` and `letI` is that `letI` inlines the value.
But this is not relevant for proofs because of proof irrelevance.

Note: This linter can be disabled with `set_option linter.style.haveILetI false`
⚠ [4451/4511] Replayed UnitDistance.LocalOverlapIntegrability
warning: UnitDistance/LocalOverlapIntegrability.lean:30:0: automatically included section variable(s) unused in theorem `UnitDistance.Local.BallSystem.reciprocalSteps_measurable`:
  [MeasurableAdd₂ G]
  [SFinite μ]
consider restructuring your `variable` declarations so that the variables are not in scope or explicitly omit them:
  omit [MeasurableAdd₂ G] [SFinite μ] in theorem ...

Note: This linter can be disabled with `set_option linter.unusedSectionVars false`
⚠ [4453/4511] Replayed UnitDistance.GeometryEndpointExchange
warning: UnitDistance/GeometryEndpointExchange.lean:62:55: `Set.mem_setOf_eq` has been deprecated: Use `Set.mem_ofPred_eq` instead

Hint: Replace the deprecated name:
  S̵e̵t̵.̵m̵e̵m̵_̵s̵e̵t̵O̵f̵_̵e̵q̵S̲e̲t̲.̲m̲e̲m̲_̲o̲f̲P̲r̲e̲d̲_̲e̲q̲
⚠ [4454/4511] Replayed UnitDistance.LocalOverlapLaw
warning: UnitDistance/LocalOverlapLaw.lean:62:30: `Set.mem_setOf_eq` has been deprecated: Use `Set.mem_ofPred_eq` instead

Hint: Replace the deprecated name:
  S̵e̵t̵.̵m̵e̵m̵_̵s̵e̵t̵O̵f̵_̵e̵q̵m̲e̲m̲_̲o̲f̲P̲r̲e̲d̲_̲e̲q̲
warning: UnitDistance/LocalOverlapLaw.lean:67:30: `Set.mem_setOf_eq` has been deprecated: Use `Set.mem_ofPred_eq` instead

Hint: Replace the deprecated name:
  S̵e̵t̵.̵m̵e̵m̵_̵s̵e̵t̵O̵f̵_̵e̵q̵m̲e̲m̲_̲o̲f̲P̲r̲e̲d̲_̲e̲q̲
warning: UnitDistance/LocalOverlapLaw.lean:51:0: automatically included section variable(s) unused in theorem `UnitDistance.Local.BallSystem.shellOverlap_indicator_exp`:
  [MeasurableAdd₂ G]
  [SFinite μ]
  [MeasurableSpace U]
consider restructuring your `variable` declarations so that the variables are not in scope or explicitly omit them:
  omit [MeasurableAdd₂ G] [SFinite μ] [MeasurableSpace U] in theorem ...

Note: This linter can be disabled with `set_option linter.unusedSectionVars false`
warning: UnitDistance/LocalOverlapLaw.lean:126:2: Try this: 
  letI̵

The goal is a proposition, so `let` is preferred over `letI`.
The difference between `let` and `letI` is that `letI` inlines the value.
But this is not relevant for proofs because of proof irrelevance.

Note: This linter can be disabled with `set_option linter.style.haveILetI false`
⚠ [4455/4511] Replayed UnitDistance.TensorProfiles
warning: UnitDistance/TensorProfiles.lean:35:2: Try this: 
  letI̵

The goal is a proposition, so `let` is preferred over `letI`.
The difference between `let` and `letI` is that `letI` inlines the value.
But this is not relevant for proofs because of proof irrelevance.

Note: This linter can be disabled with `set_option linter.style.haveILetI false`
warning: UnitDistance/TensorProfiles.lean:148:2: Try this: 
  letI̵

The goal is a proposition, so `let` is preferred over `letI`.
The difference between `let` and `letI` is that `letI` inlines the value.
But this is not relevant for proofs because of proof irrelevance.

Note: This linter can be disabled with `set_option linter.style.haveILetI false`
⚠ [4456/4511] Replayed UnitDistance.TensorFiniteOverlap
warning: UnitDistance/TensorFiniteOverlap.lean:140:0: automatically included section variable(s) unused in theorem `UnitDistance.Witness.measurable_tensorFiniteFirstEnergy`:
  [∀ (i : ι), MeasurableAdd₂ (G i)]
  [∀ (i : ι), SigmaFinite (μ i)]
  [∀ (i : ι), (μ i).IsAddRightInvariant]
consider restructuring your `variable` declarations so that the variables are not in scope or explicitly omit them:
  omit [∀ (i : ι),
  MeasurableAdd₂ (G i)] [∀ (i : ι), SigmaFinite (μ i)] [∀ (i : ι), (μ i).IsAddRightInvariant] in theorem ...

Note: This linter can be disabled with `set_option linter.unusedSectionVars false`
warning: UnitDistance/TensorFiniteOverlap.lean:146:0: automatically included section variable(s) unused in theorem `UnitDistance.Witness.measurable_tensorFiniteSecondEnergy`:
  [∀ (i : ι), (μ i).IsAddRightInvariant]
consider restructuring your `variable` declarations so that the variables are not in scope or explicitly omit them:
  omit [∀ (i : ι), (μ i).IsAddRightInvariant] in theorem ...

Note: This linter can be disabled with `set_option linter.unusedSectionVars false`
warning: UnitDistance/TensorFiniteOverlap.lean:174:0: automatically included section variable(s) unused in theorem `UnitDistance.Witness.tensorFiniteOverlapLaw_eq_product`:
  [∀ (i : ι), (μ i).IsAddRightInvariant]
consider restructuring your `variable` declarations so that the variables are not in scope or explicitly omit them:
  omit [∀ (i : ι), (μ i).IsAddRightInvariant] in theorem ...

Note: This linter can be disabled with `set_option linter.unusedSectionVars false`
warning: UnitDistance/TensorFiniteOverlap.lean:180:0: automatically included section variable(s) unused in theorem `UnitDistance.Witness.tensorFiniteOverlap_exp_integrable`:
  [∀ (i : ι), (μ i).IsAddRightInvariant]
consider restructuring your `variable` declarations so that the variables are not in scope or explicitly omit them:
  omit [∀ (i : ι), (μ i).IsAddRightInvariant] in theorem ...

Note: This linter can be disabled with `set_option linter.unusedSectionVars false`
⚠ [4458/4511] Replayed UnitDistance.StudentMoments
warning: UnitDistance/StudentMoments.lean:250:2: Try this: 
  letI̵

The goal is a proposition, so `let` is preferred over `letI`.
The difference between `let` and `letI` is that `letI` inlines the value.
But this is not relevant for proofs because of proof irrelevance.

Note: This linter can be disabled with `set_option linter.style.haveILetI false`
warning: UnitDistance/StudentMoments.lean:253:2: Try this: 
  letI̵

The goal is a proposition, so `let` is preferred over `letI`.
The difference between `let` and `letI` is that `letI` inlines the value.
But this is not relevant for proofs because of proof irrelevance.

Note: This linter can be disabled with `set_option linter.style.haveILetI false`
⚠ [4461/4511] Replayed UnitDistance.TensorOverlapLaw
warning: UnitDistance/TensorOverlapLaw.lean:124:2: Try this: 
  letI̵

The goal is a proposition, so `let` is preferred over `letI`.
The difference between `let` and `letI` is that `letI` inlines the value.
But this is not relevant for proofs because of proof irrelevance.

Note: This linter can be disabled with `set_option linter.style.haveILetI false`
warning: UnitDistance/TensorOverlapLaw.lean:125:2: Try this: 
  letI̵

The goal is a proposition, so `let` is preferred over `letI`.
The difference between `let` and `letI` is that `letI` inlines the value.
But this is not relevant for proofs because of proof irrelevance.

Note: This linter can be disabled with `set_option linter.style.haveILetI false`
⚠ [4465/4511] Replayed UnitDistance.TensorPhaseInvariance
warning: UnitDistance/TensorPhaseInvariance.lean:31:34: This simp argument is unused:
  norm_div

Hint: Omit it from the simp argument list.
  [apply] simp [Submonoid.unitSphere, ← h, norm_ne_zero_iff.mpr hx]

Note: This linter can be disabled with `set_option linter.unusedSimpArgs false`
warning: UnitDistance/TensorPhaseInvariance.lean:58:0: automatically included section variable(s) unused in theorem `UnitDistance.Witness.tensorPhaseEquiv_apply`:
  [Fintype β]
  [Fintype γ]
consider restructuring your `variable` declarations so that the variables are not in scope or explicitly omit them:
  omit [Fintype β] [Fintype γ] in theorem ...

Note: This linter can be disabled with `set_option linter.unusedSectionVars false`
⚠ [4466/4511] Replayed UnitDistance.RelativeIdealCosetsUnitKernel
warning: UnitDistance/RelativeIdealCosetsUnitKernel.lean:43:4: Unused tactic linter: `change algebraMap (𝓞 K) K (a * b) = algebraMap (𝓞 K) K 1` does nothing

Note: This linter can be disabled with `set_option linter.unusedTactic false`
warning: UnitDistance/RelativeIdealCosetsUnitKernel.lean:51:0: automatically included section variable(s) unused in theorem `UnitDistance.RelativeIdealCosets.same_principal_normOne_iff`:
  [Algebra.IsQuadraticExtension F K]
consider restructuring your `variable` declarations so that the variables are not in scope or explicitly omit them:
  omit [Algebra.IsQuadraticExtension F K] in theorem ...

Note: This linter can be disabled with `set_option linter.unusedSectionVars false`
warning: UnitDistance/RelativeIdealCosetsUnitKernel.lean:75:0: automatically included section variable(s) unused in theorem `UnitDistance.RelativeIdealCosets.normOneCosetPoint_injective`:
  [NumberField F]
  [Algebra.IsQuadraticExtension F K]
consider restructuring your `variable` declarations so that the variables are not in scope or explicitly omit them:
  omit [NumberField F] [Algebra.IsQuadraticExtension F K] in theorem ...

Note: This linter can be disabled with `set_option linter.unusedSectionVars false`
⚠ [4468/4511] Replayed UnitDistance.RelativeUnitEnumeration
warning: UnitDistance/RelativeUnitEnumeration.lean:24:8: automatically included section variable(s) unused in theorem `UnitDistance.RelativeUnits.differenceRepresentative_log`:
  [Algebra.IsQuadraticExtension F K]
  [IsTotallyComplex K]
consider restructuring your `variable` declarations so that the variables are not in scope or explicitly omit them:
  omit [Algebra.IsQuadraticExtension F K] [IsTotallyComplex K] in theorem ...

Note: This linter can be disabled with `set_option linter.unusedSectionVars false`
⚠ [4472/4511] Replayed UnitDistance.RelativeUnitFundamentalDomain
warning: UnitDistance/RelativeUnitFundamentalDomain.lean:34:2: Try this: 
  letI̵

The goal is a proposition, so `let` is preferred over `letI`.
The difference between `let` and `letI` is that `letI` inlines the value.
But this is not relevant for proofs because of proof irrelevance.

Note: This linter can be disabled with `set_option linter.style.haveILetI false`
warning: UnitDistance/RelativeUnitFundamentalDomain.lean:35:2: Try this: 
  letI̵

The goal is a proposition, so `let` is preferred over `letI`.
The difference between `let` and `letI` is that `letI` inlines the value.
But this is not relevant for proofs because of proof irrelevance.

Note: This linter can be disabled with `set_option linter.style.haveILetI false`
warning: UnitDistance/RelativeUnitFundamentalDomain.lean:52:2: Try this: 
  letI̵

The goal is a proposition, so `let` is preferred over `letI`.
The difference between `let` and `letI` is that `letI` inlines the value.
But this is not relevant for proofs because of proof irrelevance.

Note: This linter can be disabled with `set_option linter.style.haveILetI false`
warning: UnitDistance/RelativeUnitFundamentalDomain.lean:53:2: Try this: 
  letI̵

The goal is a proposition, so `let` is preferred over `letI`.
The difference between `let` and `letI` is that `letI` inlines the value.
But this is not relevant for proofs because of proof irrelevance.

Note: This linter can be disabled with `set_option linter.style.haveILetI false`
warning: UnitDistance/RelativeUnitFundamentalDomain.lean:86:2: Try this: 
  letI̵

The goal is a proposition, so `let` is preferred over `letI`.
The difference between `let` and `letI` is that `letI` inlines the value.
But this is not relevant for proofs because of proof irrelevance.

Note: This linter can be disabled with `set_option linter.style.haveILetI false`
warning: UnitDistance/RelativeUnitFundamentalDomain.lean:87:2: Try this: 
  letI̵

The goal is a proposition, so `let` is preferred over `letI`.
The difference between `let` and `letI` is that `letI` inlines the value.
But this is not relevant for proofs because of proof irrelevance.

Note: This linter can be disabled with `set_option linter.style.haveILetI false`
warning: UnitDistance/RelativeUnitFundamentalDomain.lean:90:4: `AddSubgroup.isClosed_of_discrete` has been deprecated: Use `AddSubgroup.isClosed_of_discreteTopology` instead

Hint: Replace the deprecated name:
  AddSubgroup.isClosed_of_discreteT̲o̲p̲o̲l̲o̲g̲y̲
⚠ [4473/4511] Replayed UnitDistance.SIntegerWitnessAmbient
warning: UnitDistance/SIntegerWitnessAmbient.lean:30:2: Try this: 
  letI̵

The goal is a proposition, so `let` is preferred over `letI`.
The difference between `let` and `letI` is that `letI` inlines the value.
But this is not relevant for proofs because of proof irrelevance.

Note: This linter can be disabled with `set_option linter.style.haveILetI false`
warning: UnitDistance/SIntegerWitnessAmbient.lean:45:2: Try this: 
  letI̵

The goal is a proposition, so `let` is preferred over `letI`.
The difference between `let` and `letI` is that `letI` inlines the value.
But this is not relevant for proofs because of proof irrelevance.

Note: This linter can be disabled with `set_option linter.style.haveILetI false`
warning: UnitDistance/SIntegerWitnessAmbient.lean:54:2: Try this: 
  letI̵

The goal is a proposition, so `let` is preferred over `letI`.
The difference between `let` and `letI` is that `letI` inlines the value.
But this is not relevant for proofs because of proof irrelevance.

Note: This linter can be disabled with `set_option linter.style.haveILetI false`
warning: UnitDistance/SIntegerWitnessAmbient.lean:59:2: Try this: 
  letI̵

The goal is a proposition, so `let` is preferred over `letI`.
The difference between `let` and `letI` is that `letI` inlines the value.
But this is not relevant for proofs because of proof irrelevance.

Note: This linter can be disabled with `set_option linter.style.haveILetI false`
⚠ [4477/4511] Replayed UnitDistance.FiniteCertificates.Prime7
warning: UnitDistance/FiniteCertificates/Prime7.lean:25:20: Used `tac1 <;> tac2` where `(tac1; tac2)` would suffice

Note: This linter can be disabled with `set_option linter.unnecessarySeqFocus false`
warning: UnitDistance/FiniteCertificates/Prime7.lean:45:20: Used `tac1 <;> tac2` where `(tac1; tac2)` would suffice

Note: This linter can be disabled with `set_option linter.unnecessarySeqFocus false`
warning: UnitDistance/FiniteCertificates/Prime7.lean:73:20: Used `tac1 <;> tac2` where `(tac1; tac2)` would suffice

Note: This linter can be disabled with `set_option linter.unnecessarySeqFocus false`
warning: UnitDistance/FiniteCertificates/Prime7.lean:93:20: Used `tac1 <;> tac2` where `(tac1; tac2)` would suffice

Note: This linter can be disabled with `set_option linter.unnecessarySeqFocus false`
warning: UnitDistance/FiniteCertificates/Prime7.lean:121:20: Used `tac1 <;> tac2` where `(tac1; tac2)` would suffice

Note: This linter can be disabled with `set_option linter.unnecessarySeqFocus false`
warning: UnitDistance/FiniteCertificates/Prime7.lean:141:20: Used `tac1 <;> tac2` where `(tac1; tac2)` would suffice

Note: This linter can be disabled with `set_option linter.unnecessarySeqFocus false`
warning: UnitDistance/FiniteCertificates/Prime7.lean:169:20: Used `tac1 <;> tac2` where `(tac1; tac2)` would suffice

Note: This linter can be disabled with `set_option linter.unnecessarySeqFocus false`
warning: UnitDistance/FiniteCertificates/Prime7.lean:189:20: Used `tac1 <;> tac2` where `(tac1; tac2)` would suffice

Note: This linter can be disabled with `set_option linter.unnecessarySeqFocus false`
warning: UnitDistance/FiniteCertificates/Prime7.lean:217:20: Used `tac1 <;> tac2` where `(tac1; tac2)` would suffice

Note: This linter can be disabled with `set_option linter.unnecessarySeqFocus false`
warning: UnitDistance/FiniteCertificates/Prime7.lean:237:20: Used `tac1 <;> tac2` where `(tac1; tac2)` would suffice

Note: This linter can be disabled with `set_option linter.unnecessarySeqFocus false`
warning: UnitDistance/FiniteCertificates/Prime7.lean:265:20: Used `tac1 <;> tac2` where `(tac1; tac2)` would suffice

Note: This linter can be disabled with `set_option linter.unnecessarySeqFocus false`
warning: UnitDistance/FiniteCertificates/Prime7.lean:285:20: Used `tac1 <;> tac2` where `(tac1; tac2)` would suffice

Note: This linter can be disabled with `set_option linter.unnecessarySeqFocus false`
warning: UnitDistance/FiniteCertificates/Prime7.lean:305:20: Used `tac1 <;> tac2` where `(tac1; tac2)` would suffice

Note: This linter can be disabled with `set_option linter.unnecessarySeqFocus false`
⚠ [4478/4511] Replayed UnitDistance.FiniteCertificates.Prime11
warning: UnitDistance/FiniteCertificates/Prime11.lean:25:20: Used `tac1 <;> tac2` where `(tac1; tac2)` would suffice

Note: This linter can be disabled with `set_option linter.unnecessarySeqFocus false`
warning: UnitDistance/FiniteCertificates/Prime11.lean:45:20: Used `tac1 <;> tac2` where `(tac1; tac2)` would suffice

Note: This linter can be disabled with `set_option linter.unnecessarySeqFocus false`
warning: UnitDistance/FiniteCertificates/Prime11.lean:73:20: Used `tac1 <;> tac2` where `(tac1; tac2)` would suffice

Note: This linter can be disabled with `set_option linter.unnecessarySeqFocus false`
warning: UnitDistance/FiniteCertificates/Prime11.lean:93:20: Used `tac1 <;> tac2` where `(tac1; tac2)` would suffice

Note: This linter can be disabled with `set_option linter.unnecessarySeqFocus false`
warning: UnitDistance/FiniteCertificates/Prime11.lean:121:20: Used `tac1 <;> tac2` where `(tac1; tac2)` would suffice

Note: This linter can be disabled with `set_option linter.unnecessarySeqFocus false`
warning: UnitDistance/FiniteCertificates/Prime11.lean:141:20: Used `tac1 <;> tac2` where `(tac1; tac2)` would suffice

Note: This linter can be disabled with `set_option linter.unnecessarySeqFocus false`
warning: UnitDistance/FiniteCertificates/Prime11.lean:169:20: Used `tac1 <;> tac2` where `(tac1; tac2)` would suffice

Note: This linter can be disabled with `set_option linter.unnecessarySeqFocus false`
warning: UnitDistance/FiniteCertificates/Prime11.lean:189:20: Used `tac1 <;> tac2` where `(tac1; tac2)` would suffice

Note: This linter can be disabled with `set_option linter.unnecessarySeqFocus false`
warning: UnitDistance/FiniteCertificates/Prime11.lean:217:20: Used `tac1 <;> tac2` where `(tac1; tac2)` would suffice

Note: This linter can be disabled with `set_option linter.unnecessarySeqFocus false`
warning: UnitDistance/FiniteCertificates/Prime11.lean:237:20: Used `tac1 <;> tac2` where `(tac1; tac2)` would suffice

Note: This linter can be disabled with `set_option linter.unnecessarySeqFocus false`
warning: UnitDistance/FiniteCertificates/Prime11.lean:265:20: Used `tac1 <;> tac2` where `(tac1; tac2)` would suffice

Note: This linter can be disabled with `set_option linter.unnecessarySeqFocus false`
warning: UnitDistance/FiniteCertificates/Prime11.lean:285:20: Used `tac1 <;> tac2` where `(tac1; tac2)` would suffice

Note: This linter can be disabled with `set_option linter.unnecessarySeqFocus false`
warning: UnitDistance/FiniteCertificates/Prime11.lean:305:20: Used `tac1 <;> tac2` where `(tac1; tac2)` would suffice

Note: This linter can be disabled with `set_option linter.unnecessarySeqFocus false`
⚠ [4479/4511] Replayed UnitDistance.FiniteCertificates.Prime13
warning: UnitDistance/FiniteCertificates/Prime13.lean:25:20: Used `tac1 <;> tac2` where `(tac1; tac2)` would suffice

Note: This linter can be disabled with `set_option linter.unnecessarySeqFocus false`
warning: UnitDistance/FiniteCertificates/Prime13.lean:45:20: Used `tac1 <;> tac2` where `(tac1; tac2)` would suffice

Note: This linter can be disabled with `set_option linter.unnecessarySeqFocus false`
warning: UnitDistance/FiniteCertificates/Prime13.lean:73:20: Used `tac1 <;> tac2` where `(tac1; tac2)` would suffice

Note: This linter can be disabled with `set_option linter.unnecessarySeqFocus false`
warning: UnitDistance/FiniteCertificates/Prime13.lean:93:20: Used `tac1 <;> tac2` where `(tac1; tac2)` would suffice

Note: This linter can be disabled with `set_option linter.unnecessarySeqFocus false`
warning: UnitDistance/FiniteCertificates/Prime13.lean:121:20: Used `tac1 <;> tac2` where `(tac1; tac2)` would suffice

Note: This linter can be disabled with `set_option linter.unnecessarySeqFocus false`
warning: UnitDistance/FiniteCertificates/Prime13.lean:141:20: Used `tac1 <;> tac2` where `(tac1; tac2)` would suffice

Note: This linter can be disabled with `set_option linter.unnecessarySeqFocus false`
warning: UnitDistance/FiniteCertificates/Prime13.lean:169:20: Used `tac1 <;> tac2` where `(tac1; tac2)` would suffice

Note: This linter can be disabled with `set_option linter.unnecessarySeqFocus false`
warning: UnitDistance/FiniteCertificates/Prime13.lean:189:20: Used `tac1 <;> tac2` where `(tac1; tac2)` would suffice

Note: This linter can be disabled with `set_option linter.unnecessarySeqFocus false`
warning: UnitDistance/FiniteCertificates/Prime13.lean:217:20: Used `tac1 <;> tac2` where `(tac1; tac2)` would suffice

Note: This linter can be disabled with `set_option linter.unnecessarySeqFocus false`
warning: UnitDistance/FiniteCertificates/Prime13.lean:237:20: Used `tac1 <;> tac2` where `(tac1; tac2)` would suffice

Note: This linter can be disabled with `set_option linter.unnecessarySeqFocus false`
warning: UnitDistance/FiniteCertificates/Prime13.lean:265:20: Used `tac1 <;> tac2` where `(tac1; tac2)` would suffice

Note: This linter can be disabled with `set_option linter.unnecessarySeqFocus false`
warning: UnitDistance/FiniteCertificates/Prime13.lean:285:20: Used `tac1 <;> tac2` where `(tac1; tac2)` would suffice

Note: This linter can be disabled with `set_option linter.unnecessarySeqFocus false`
warning: UnitDistance/FiniteCertificates/Prime13.lean:305:20: Used `tac1 <;> tac2` where `(tac1; tac2)` would suffice

Note: This linter can be disabled with `set_option linter.unnecessarySeqFocus false`
⚠ [4480/4511] Replayed UnitDistance.FiniteCertificates.Prime17
warning: UnitDistance/FiniteCertificates/Prime17.lean:25:20: Used `tac1 <;> tac2` where `(tac1; tac2)` would suffice

Note: This linter can be disabled with `set_option linter.unnecessarySeqFocus false`
warning: UnitDistance/FiniteCertificates/Prime17.lean:45:20: Used `tac1 <;> tac2` where `(tac1; tac2)` would suffice

Note: This linter can be disabled with `set_option linter.unnecessarySeqFocus false`
warning: UnitDistance/FiniteCertificates/Prime17.lean:73:20: Used `tac1 <;> tac2` where `(tac1; tac2)` would suffice

Note: This linter can be disabled with `set_option linter.unnecessarySeqFocus false`
warning: UnitDistance/FiniteCertificates/Prime17.lean:93:20: Used `tac1 <;> tac2` where `(tac1; tac2)` would suffice

Note: This linter can be disabled with `set_option linter.unnecessarySeqFocus false`
warning: UnitDistance/FiniteCertificates/Prime17.lean:121:20: Used `tac1 <;> tac2` where `(tac1; tac2)` would suffice

Note: This linter can be disabled with `set_option linter.unnecessarySeqFocus false`
warning: UnitDistance/FiniteCertificates/Prime17.lean:141:20: Used `tac1 <;> tac2` where `(tac1; tac2)` would suffice

Note: This linter can be disabled with `set_option linter.unnecessarySeqFocus false`
warning: UnitDistance/FiniteCertificates/Prime17.lean:169:20: Used `tac1 <;> tac2` where `(tac1; tac2)` would suffice

Note: This linter can be disabled with `set_option linter.unnecessarySeqFocus false`
warning: UnitDistance/FiniteCertificates/Prime17.lean:189:20: Used `tac1 <;> tac2` where `(tac1; tac2)` would suffice

Note: This linter can be disabled with `set_option linter.unnecessarySeqFocus false`
warning: UnitDistance/FiniteCertificates/Prime17.lean:217:20: Used `tac1 <;> tac2` where `(tac1; tac2)` would suffice

Note: This linter can be disabled with `set_option linter.unnecessarySeqFocus false`
warning: UnitDistance/FiniteCertificates/Prime17.lean:237:20: Used `tac1 <;> tac2` where `(tac1; tac2)` would suffice

Note: This linter can be disabled with `set_option linter.unnecessarySeqFocus false`
warning: UnitDistance/FiniteCertificates/Prime17.lean:265:20: Used `tac1 <;> tac2` where `(tac1; tac2)` would suffice

Note: This linter can be disabled with `set_option linter.unnecessarySeqFocus false`
warning: UnitDistance/FiniteCertificates/Prime17.lean:285:20: Used `tac1 <;> tac2` where `(tac1; tac2)` would suffice

Note: This linter can be disabled with `set_option linter.unnecessarySeqFocus false`
warning: UnitDistance/FiniteCertificates/Prime17.lean:305:20: Used `tac1 <;> tac2` where `(tac1; tac2)` would suffice

Note: This linter can be disabled with `set_option linter.unnecessarySeqFocus false`
⚠ [4481/4511] Replayed UnitDistance.FiniteCertificates.Prime19
warning: UnitDistance/FiniteCertificates/Prime19.lean:25:20: Used `tac1 <;> tac2` where `(tac1; tac2)` would suffice

Note: This linter can be disabled with `set_option linter.unnecessarySeqFocus false`
warning: UnitDistance/FiniteCertificates/Prime19.lean:45:20: Used `tac1 <;> tac2` where `(tac1; tac2)` would suffice

Note: This linter can be disabled with `set_option linter.unnecessarySeqFocus false`
warning: UnitDistance/FiniteCertificates/Prime19.lean:73:20: Used `tac1 <;> tac2` where `(tac1; tac2)` would suffice

Note: This linter can be disabled with `set_option linter.unnecessarySeqFocus false`
warning: UnitDistance/FiniteCertificates/Prime19.lean:93:20: Used `tac1 <;> tac2` where `(tac1; tac2)` would suffice

Note: This linter can be disabled with `set_option linter.unnecessarySeqFocus false`
warning: UnitDistance/FiniteCertificates/Prime19.lean:121:20: Used `tac1 <;> tac2` where `(tac1; tac2)` would suffice

Note: This linter can be disabled with `set_option linter.unnecessarySeqFocus false`
warning: UnitDistance/FiniteCertificates/Prime19.lean:141:20: Used `tac1 <;> tac2` where `(tac1; tac2)` would suffice

Note: This linter can be disabled with `set_option linter.unnecessarySeqFocus false`
warning: UnitDistance/FiniteCertificates/Prime19.lean:169:20: Used `tac1 <;> tac2` where `(tac1; tac2)` would suffice

Note: This linter can be disabled with `set_option linter.unnecessarySeqFocus false`
warning: UnitDistance/FiniteCertificates/Prime19.lean:189:20: Used `tac1 <;> tac2` where `(tac1; tac2)` would suffice

Note: This linter can be disabled with `set_option linter.unnecessarySeqFocus false`
warning: UnitDistance/FiniteCertificates/Prime19.lean:217:20: Used `tac1 <;> tac2` where `(tac1; tac2)` would suffice

Note: This linter can be disabled with `set_option linter.unnecessarySeqFocus false`
warning: UnitDistance/FiniteCertificates/Prime19.lean:237:20: Used `tac1 <;> tac2` where `(tac1; tac2)` would suffice

Note: This linter can be disabled with `set_option linter.unnecessarySeqFocus false`
warning: UnitDistance/FiniteCertificates/Prime19.lean:265:20: Used `tac1 <;> tac2` where `(tac1; tac2)` would suffice

Note: This linter can be disabled with `set_option linter.unnecessarySeqFocus false`
warning: UnitDistance/FiniteCertificates/Prime19.lean:285:20: Used `tac1 <;> tac2` where `(tac1; tac2)` would suffice

Note: This linter can be disabled with `set_option linter.unnecessarySeqFocus false`
warning: UnitDistance/FiniteCertificates/Prime19.lean:305:20: Used `tac1 <;> tac2` where `(tac1; tac2)` would suffice

Note: This linter can be disabled with `set_option linter.unnecessarySeqFocus false`
⚠ [4482/4511] Replayed UnitDistance.FiniteCertificates.Prime23
warning: UnitDistance/FiniteCertificates/Prime23.lean:25:20: Used `tac1 <;> tac2` where `(tac1; tac2)` would suffice

Note: This linter can be disabled with `set_option linter.unnecessarySeqFocus false`
warning: UnitDistance/FiniteCertificates/Prime23.lean:45:20: Used `tac1 <;> tac2` where `(tac1; tac2)` would suffice

Note: This linter can be disabled with `set_option linter.unnecessarySeqFocus false`
warning: UnitDistance/FiniteCertificates/Prime23.lean:73:20: Used `tac1 <;> tac2` where `(tac1; tac2)` would suffice

Note: This linter can be disabled with `set_option linter.unnecessarySeqFocus false`
warning: UnitDistance/FiniteCertificates/Prime23.lean:93:20: Used `tac1 <;> tac2` where `(tac1; tac2)` would suffice

Note: This linter can be disabled with `set_option linter.unnecessarySeqFocus false`
warning: UnitDistance/FiniteCertificates/Prime23.lean:121:20: Used `tac1 <;> tac2` where `(tac1; tac2)` would suffice

Note: This linter can be disabled with `set_option linter.unnecessarySeqFocus false`
warning: UnitDistance/FiniteCertificates/Prime23.lean:141:20: Used `tac1 <;> tac2` where `(tac1; tac2)` would suffice

Note: This linter can be disabled with `set_option linter.unnecessarySeqFocus false`
warning: UnitDistance/FiniteCertificates/Prime23.lean:169:20: Used `tac1 <;> tac2` where `(tac1; tac2)` would suffice

Note: This linter can be disabled with `set_option linter.unnecessarySeqFocus false`
warning: UnitDistance/FiniteCertificates/Prime23.lean:189:20: Used `tac1 <;> tac2` where `(tac1; tac2)` would suffice

Note: This linter can be disabled with `set_option linter.unnecessarySeqFocus false`
warning: UnitDistance/FiniteCertificates/Prime23.lean:217:20: Used `tac1 <;> tac2` where `(tac1; tac2)` would suffice

Note: This linter can be disabled with `set_option linter.unnecessarySeqFocus false`
warning: UnitDistance/FiniteCertificates/Prime23.lean:237:20: Used `tac1 <;> tac2` where `(tac1; tac2)` would suffice

Note: This linter can be disabled with `set_option linter.unnecessarySeqFocus false`
warning: UnitDistance/FiniteCertificates/Prime23.lean:265:20: Used `tac1 <;> tac2` where `(tac1; tac2)` would suffice

Note: This linter can be disabled with `set_option linter.unnecessarySeqFocus false`
warning: UnitDistance/FiniteCertificates/Prime23.lean:285:20: Used `tac1 <;> tac2` where `(tac1; tac2)` would suffice

Note: This linter can be disabled with `set_option linter.unnecessarySeqFocus false`
warning: UnitDistance/FiniteCertificates/Prime23.lean:305:20: Used `tac1 <;> tac2` where `(tac1; tac2)` would suffice

Note: This linter can be disabled with `set_option linter.unnecessarySeqFocus false`
⚠ [4483/4511] Replayed UnitDistance.FiniteCertificates.Prime29
warning: UnitDistance/FiniteCertificates/Prime29.lean:25:20: Used `tac1 <;> tac2` where `(tac1; tac2)` would suffice

Note: This linter can be disabled with `set_option linter.unnecessarySeqFocus false`
warning: UnitDistance/FiniteCertificates/Prime29.lean:45:20: Used `tac1 <;> tac2` where `(tac1; tac2)` would suffice

Note: This linter can be disabled with `set_option linter.unnecessarySeqFocus false`
warning: UnitDistance/FiniteCertificates/Prime29.lean:73:20: Used `tac1 <;> tac2` where `(tac1; tac2)` would suffice

Note: This linter can be disabled with `set_option linter.unnecessarySeqFocus false`
warning: UnitDistance/FiniteCertificates/Prime29.lean:93:20: Used `tac1 <;> tac2` where `(tac1; tac2)` would suffice

Note: This linter can be disabled with `set_option linter.unnecessarySeqFocus false`
warning: UnitDistance/FiniteCertificates/Prime29.lean:121:20: Used `tac1 <;> tac2` where `(tac1; tac2)` would suffice

Note: This linter can be disabled with `set_option linter.unnecessarySeqFocus false`
warning: UnitDistance/FiniteCertificates/Prime29.lean:141:20: Used `tac1 <;> tac2` where `(tac1; tac2)` would suffice

Note: This linter can be disabled with `set_option linter.unnecessarySeqFocus false`
warning: UnitDistance/FiniteCertificates/Prime29.lean:169:20: Used `tac1 <;> tac2` where `(tac1; tac2)` would suffice

Note: This linter can be disabled with `set_option linter.unnecessarySeqFocus false`
warning: UnitDistance/FiniteCertificates/Prime29.lean:189:20: Used `tac1 <;> tac2` where `(tac1; tac2)` would suffice

Note: This linter can be disabled with `set_option linter.unnecessarySeqFocus false`
warning: UnitDistance/FiniteCertificates/Prime29.lean:217:20: Used `tac1 <;> tac2` where `(tac1; tac2)` would suffice

Note: This linter can be disabled with `set_option linter.unnecessarySeqFocus false`
warning: UnitDistance/FiniteCertificates/Prime29.lean:237:20: Used `tac1 <;> tac2` where `(tac1; tac2)` would suffice

Note: This linter can be disabled with `set_option linter.unnecessarySeqFocus false`
warning: UnitDistance/FiniteCertificates/Prime29.lean:265:20: Used `tac1 <;> tac2` where `(tac1; tac2)` would suffice

Note: This linter can be disabled with `set_option linter.unnecessarySeqFocus false`
warning: UnitDistance/FiniteCertificates/Prime29.lean:285:20: Used `tac1 <;> tac2` where `(tac1; tac2)` would suffice

Note: This linter can be disabled with `set_option linter.unnecessarySeqFocus false`
warning: UnitDistance/FiniteCertificates/Prime29.lean:305:20: Used `tac1 <;> tac2` where `(tac1; tac2)` would suffice

Note: This linter can be disabled with `set_option linter.unnecessarySeqFocus false`
⚠ [4484/4511] Replayed UnitDistance.FiniteCertificates.Prime31
warning: UnitDistance/FiniteCertificates/Prime31.lean:25:20: Used `tac1 <;> tac2` where `(tac1; tac2)` would suffice

Note: This linter can be disabled with `set_option linter.unnecessarySeqFocus false`
warning: UnitDistance/FiniteCertificates/Prime31.lean:45:20: Used `tac1 <;> tac2` where `(tac1; tac2)` would suffice

Note: This linter can be disabled with `set_option linter.unnecessarySeqFocus false`
warning: UnitDistance/FiniteCertificates/Prime31.lean:73:20: Used `tac1 <;> tac2` where `(tac1; tac2)` would suffice

Note: This linter can be disabled with `set_option linter.unnecessarySeqFocus false`
warning: UnitDistance/FiniteCertificates/Prime31.lean:93:20: Used `tac1 <;> tac2` where `(tac1; tac2)` would suffice

Note: This linter can be disabled with `set_option linter.unnecessarySeqFocus false`
warning: UnitDistance/FiniteCertificates/Prime31.lean:121:20: Used `tac1 <;> tac2` where `(tac1; tac2)` would suffice

Note: This linter can be disabled with `set_option linter.unnecessarySeqFocus false`
warning: UnitDistance/FiniteCertificates/Prime31.lean:141:20: Used `tac1 <;> tac2` where `(tac1; tac2)` would suffice

Note: This linter can be disabled with `set_option linter.unnecessarySeqFocus false`
warning: UnitDistance/FiniteCertificates/Prime31.lean:169:20: Used `tac1 <;> tac2` where `(tac1; tac2)` would suffice

Note: This linter can be disabled with `set_option linter.unnecessarySeqFocus false`
warning: UnitDistance/FiniteCertificates/Prime31.lean:189:20: Used `tac1 <;> tac2` where `(tac1; tac2)` would suffice

Note: This linter can be disabled with `set_option linter.unnecessarySeqFocus false`
warning: UnitDistance/FiniteCertificates/Prime31.lean:217:20: Used `tac1 <;> tac2` where `(tac1; tac2)` would suffice

Note: This linter can be disabled with `set_option linter.unnecessarySeqFocus false`
warning: UnitDistance/FiniteCertificates/Prime31.lean:237:20: Used `tac1 <;> tac2` where `(tac1; tac2)` would suffice

Note: This linter can be disabled with `set_option linter.unnecessarySeqFocus false`
warning: UnitDistance/FiniteCertificates/Prime31.lean:265:20: Used `tac1 <;> tac2` where `(tac1; tac2)` would suffice

Note: This linter can be disabled with `set_option linter.unnecessarySeqFocus false`
warning: UnitDistance/FiniteCertificates/Prime31.lean:285:20: Used `tac1 <;> tac2` where `(tac1; tac2)` would suffice

Note: This linter can be disabled with `set_option linter.unnecessarySeqFocus false`
warning: UnitDistance/FiniteCertificates/Prime31.lean:305:20: Used `tac1 <;> tac2` where `(tac1; tac2)` would suffice

Note: This linter can be disabled with `set_option linter.unnecessarySeqFocus false`
⚠ [4486/4548] Replayed UnitDistance.SIntegerWitnessWindow
warning: UnitDistance/SIntegerWitnessWindow.lean:37:0: automatically included section variable(s) unused in theorem `UnitDistance.SIntegerCRT.witnessLocalFactor_locallyConstant`:
  [NumberField F]
  [Algebra.IsQuadraticExtension F K]
  [Fintype S]
consider restructuring your `variable` declarations so that the variables are not in scope or explicitly omit them:
  omit [NumberField F] [Algebra.IsQuadraticExtension F K] [Fintype S] in theorem ...

Note: This linter can be disabled with `set_option linter.unusedSectionVars false`
warning: UnitDistance/SIntegerWitnessWindow.lean:66:0: automatically included section variable(s) unused in theorem `UnitDistance.SIntegerCRT.witnessFiniteEnergy_norm_le`:
  [NumberField F]
  [Algebra.IsQuadraticExtension F K]
consider restructuring your `variable` declarations so that the variables are not in scope or explicitly omit them:
  omit [NumberField F] [Algebra.IsQuadraticExtension F K] in theorem ...

Note: This linter can be disabled with `set_option linter.unusedSectionVars false`
warning: UnitDistance/SIntegerWitnessWindow.lean:147:0: automatically included section variable(s) unused in theorem `UnitDistance.SIntegerCRT.witnessSAdicSupport_measurable`:
  [IsTotallyComplex K]
consider restructuring your `variable` declarations so that the variables are not in scope or explicitly omit them:
  omit [IsTotallyComplex K] in theorem ...

Note: This linter can be disabled with `set_option linter.unusedSectionVars false`
⚠ [4487/4548] Replayed UnitDistance.SIntegerReferenceRescaling
warning: UnitDistance/SIntegerReferenceRescaling.lean:33:0: automatically included section variable(s) unused in theorem `UnitDistance.SIntegerCRT.pairedReferenceRescaling_measurePreserving`:
  [NumberField F]
  [Algebra.IsQuadraticExtension F K]
consider restructuring your `variable` declarations so that the variables are not in scope or explicitly omit them:
  omit [NumberField F] [Algebra.IsQuadraticExtension F K] in theorem ...

Note: This linter can be disabled with `set_option linter.unusedSectionVars false`
warning: UnitDistance/SIntegerReferenceRescaling.lean:47:0: automatically included section variable(s) unused in theorem `UnitDistance.SIntegerCRT.pairedCoordinates_referenceRescaling`:
  [Fintype S]
consider restructuring your `variable` declarations so that the variables are not in scope or explicitly omit them:
  omit [Fintype S] in theorem ...

Note: This linter can be disabled with `set_option linter.unusedSectionVars false`
warning: UnitDistance/SIntegerReferenceRescaling.lean:92:0: automatically included section variable(s) unused in theorem `UnitDistance.SIntegerCRT.semiLocalReferenceRescaling_measurePreserving`:
  [IsTotallyComplex K]
consider restructuring your `variable` declarations so that the variables are not in scope or explicitly omit them:
  omit [IsTotallyComplex K] in theorem ...

Note: This linter can be disabled with `set_option linter.unusedSectionVars false`
⚠ [4488/4548] Replayed UnitDistance.TensorOverlapMoments
warning: UnitDistance/TensorOverlapMoments.lean:76:2: Try this: 
  letI̵

The goal is a proposition, so `let` is preferred over `letI`.
The difference between `let` and `letI` is that `letI` inlines the value.
But this is not relevant for proofs because of proof irrelevance.

Note: This linter can be disabled with `set_option linter.style.haveILetI false`
warning: UnitDistance/TensorOverlapMoments.lean:77:2: Try this: 
  letI̵

The goal is a proposition, so `let` is preferred over `letI`.
The difference between `let` and `letI` is that `letI` inlines the value.
But this is not relevant for proofs because of proof irrelevance.

Note: This linter can be disabled with `set_option linter.style.haveILetI false`
warning: UnitDistance/TensorOverlapMoments.lean:84:2: Try this: 
  letI̵

The goal is a proposition, so `let` is preferred over `letI`.
The difference between `let` and `letI` is that `letI` inlines the value.
But this is not relevant for proofs because of proof irrelevance.

Note: This linter can be disabled with `set_option linter.style.haveILetI false`
warning: UnitDistance/TensorOverlapMoments.lean:85:2: Try this: 
  letI̵

The goal is a proposition, so `let` is preferred over `letI`.
The difference between `let` and `letI` is that `letI` inlines the value.
But this is not relevant for proofs because of proof irrelevance.

Note: This linter can be disabled with `set_option linter.style.haveILetI false`
warning: UnitDistance/TensorOverlapMoments.lean:93:2: Try this: 
  letI̵

The goal is a proposition, so `let` is preferred over `letI`.
The difference between `let` and `letI` is that `letI` inlines the value.
But this is not relevant for proofs because of proof irrelevance.

Note: This linter can be disabled with `set_option linter.style.haveILetI false`
warning: UnitDistance/TensorOverlapMoments.lean:94:2: Try this: 
  letI̵

The goal is a proposition, so `let` is preferred over `letI`.
The difference between `let` and `letI` is that `letI` inlines the value.
But this is not relevant for proofs because of proof irrelevance.

Note: This linter can be disabled with `set_option linter.style.haveILetI false`
warning: UnitDistance/TensorOverlapMoments.lean:104:2: Try this: 
  letI̵

The goal is a proposition, so `let` is preferred over `letI`.
The difference between `let` and `letI` is that `letI` inlines the value.
But this is not relevant for proofs because of proof irrelevance.

Note: This linter can be disabled with `set_option linter.style.haveILetI false`
warning: UnitDistance/TensorOverlapMoments.lean:105:2: Try this: 
  letI̵

The goal is a proposition, so `let` is preferred over `letI`.
The difference between `let` and `letI` is that `letI` inlines the value.
But this is not relevant for proofs because of proof irrelevance.

Note: This linter can be disabled with `set_option linter.style.haveILetI false`
warning: UnitDistance/TensorOverlapMoments.lean:118:2: Try this: 
  letI̵

The goal is a proposition, so `let` is preferred over `letI`.
The difference between `let` and `letI` is that `letI` inlines the value.
But this is not relevant for proofs because of proof irrelevance.

Note: This linter can be disabled with `set_option linter.style.haveILetI false`
warning: UnitDistance/TensorOverlapMoments.lean:119:2: Try this: 
  letI̵

The goal is a proposition, so `let` is preferred over `letI`.
The difference between `let` and `letI` is that `letI` inlines the value.
But this is not relevant for proofs because of proof irrelevance.

Note: This linter can be disabled with `set_option linter.style.haveILetI false`
warning: UnitDistance/TensorOverlapMoments.lean:131:2: Try this: 
  letI̵

The goal is a proposition, so `let` is preferred over `letI`.
The difference between `let` and `letI` is that `letI` inlines the value.
But this is not relevant for proofs because of proof irrelevance.

Note: This linter can be disabled with `set_option linter.style.haveILetI false`
warning: UnitDistance/TensorOverlapMoments.lean:132:2: Try this: 
  letI̵

The goal is a proposition, so `let` is preferred over `letI`.
The difference between `let` and `letI` is that `letI` inlines the value.
But this is not relevant for proofs because of proof irrelevance.

Note: This linter can be disabled with `set_option linter.style.haveILetI false`
⚠ [4489/4548] Replayed UnitDistance.TensorMixedOverlap
warning: UnitDistance/TensorMixedOverlap.lean:46:2: Try this: 
  letI̵

The goal is a proposition, so `let` is preferred over `letI`.
The difference between `let` and `letI` is that `letI` inlines the value.
But this is not relevant for proofs because of proof irrelevance.

Note: This linter can be disabled with `set_option linter.style.haveILetI false`
warning: UnitDistance/TensorMixedOverlap.lean:47:2: Try this: 
  letI̵

The goal is a proposition, so `let` is preferred over `letI`.
The difference between `let` and `letI` is that `letI` inlines the value.
But this is not relevant for proofs because of proof irrelevance.

Note: This linter can be disabled with `set_option linter.style.haveILetI false`
warning: UnitDistance/TensorMixedOverlap.lean:78:0: automatically included section variable(s) unused in theorem `UnitDistance.Witness.measurable_mixedFirstEnergy`:
  [∀ (i : ι), MeasurableNeg (G i)]
  [∀ (i : ι), (μ i).IsAddLeftInvariant]
  [∀ (i : ι), (μ i).IsNegInvariant]
consider restructuring your `variable` declarations so that the variables are not in scope or explicitly omit them:
  omit [∀ (i : ι),
  MeasurableNeg (G i)] [∀ (i : ι), (μ i).IsAddLeftInvariant] [∀ (i : ι), (μ i).IsNegInvariant] in theorem ...

Note: This linter can be disabled with `set_option linter.unusedSectionVars false`
warning: UnitDistance/TensorMixedOverlap.lean:82:0: automatically included section variable(s) unused in theorem `UnitDistance.Witness.measurable_mixedSecondEnergy`:
  [∀ (i : ι), MeasurableNeg (G i)]
  [∀ (i : ι), (μ i).IsAddLeftInvariant]
  [∀ (i : ι), (μ i).IsNegInvariant]
consider restructuring your `variable` declarations so that the variables are not in scope or explicitly omit them:
  omit [∀ (i : ι),
  MeasurableNeg (G i)] [∀ (i : ι), (μ i).IsAddLeftInvariant] [∀ (i : ι), (μ i).IsNegInvariant] in theorem ...

Note: This linter can be disabled with `set_option linter.unusedSectionVars false`
warning: UnitDistance/TensorMixedOverlap.lean:87:0: automatically included section variable(s) unused in theorem `UnitDistance.Witness.mixedOverlapLaw_eq_product`:
  [∀ (i : ι), MeasurableNeg (G i)]
  [∀ (i : ι), (μ i).IsAddLeftInvariant]
  [∀ (i : ι), (μ i).IsNegInvariant]
consider restructuring your `variable` declarations so that the variables are not in scope or explicitly omit them:
  omit [∀ (i : ι),
  MeasurableNeg (G i)] [∀ (i : ι), (μ i).IsAddLeftInvariant] [∀ (i : ι), (μ i).IsNegInvariant] in theorem ...

Note: This linter can be disabled with `set_option linter.unusedSectionVars false`
warning: UnitDistance/TensorMixedOverlap.lean:101:0: automatically included section variable(s) unused in theorem `UnitDistance.Witness.mixedOverlap_exp_integrable`:
  [∀ (i : ι), MeasurableNeg (G i)]
  [∀ (i : ι), (μ i).IsAddLeftInvariant]
  [∀ (i : ι), (μ i).IsNegInvariant]
consider restructuring your `variable` declarations so that the variables are not in scope or explicitly omit them:
  omit [∀ (i : ι),
  MeasurableNeg (G i)] [∀ (i : ι), (μ i).IsAddLeftInvariant] [∀ (i : ι), (μ i).IsNegInvariant] in theorem ...

Note: This linter can be disabled with `set_option linter.unusedSectionVars false`
warning: UnitDistance/TensorMixedOverlap.lean:115:0: automatically included section variable(s) unused in theorem `UnitDistance.Witness.mixedOverlap_exp_integral`:
  [∀ (i : ι), MeasurableNeg (G i)]
  [∀ (i : ι), (μ i).IsAddLeftInvariant]
  [∀ (i : ι), (μ i).IsNegInvariant]
consider restructuring your `variable` declarations so that the variables are not in scope or explicitly omit them:
  omit [∀ (i : ι),
  MeasurableNeg (G i)] [∀ (i : ι), (μ i).IsAddLeftInvariant] [∀ (i : ι), (μ i).IsNegInvariant] in theorem ...

Note: This linter can be disabled with `set_option linter.unusedSectionVars false`
warning: UnitDistance/TensorMixedOverlap.lean:155:2: Try this: 
  letI̵

The goal is a proposition, so `let` is preferred over `letI`.
The difference between `let` and `letI` is that `letI` inlines the value.
But this is not relevant for proofs because of proof irrelevance.

Note: This linter can be disabled with `set_option linter.style.haveILetI false`
warning: UnitDistance/TensorMixedOverlap.lean:158:2: Try this: 
  letI̵

The goal is a proposition, so `let` is preferred over `letI`.
The difference between `let` and `letI` is that `letI` inlines the value.
But this is not relevant for proofs because of proof irrelevance.

Note: This linter can be disabled with `set_option linter.style.haveILetI false`
⚠ [4490/4548] Replayed UnitDistance.TensorMixedCoordinates
warning: UnitDistance/TensorMixedCoordinates.lean:73:8: automatically included section variable(s) unused in theorem `UnitDistance.Witness.mixedOverlapCoordinates_apply`:
  [Fintype β]
  [Fintype γ]
  [Fintype ι]
  [∀ (i : ι), MeasurableAdd₂ (G i)]
  [∀ (i : ι), MeasurableNeg (G i)]
consider restructuring your `variable` declarations so that the variables are not in scope or explicitly omit them:
  omit [Fintype
  β] [Fintype γ] [Fintype ι] [∀ (i : ι), MeasurableAdd₂ (G i)] [∀ (i : ι), MeasurableNeg (G i)] in theorem ...

Note: This linter can be disabled with `set_option linter.unusedSectionVars false`
warning: UnitDistance/TensorMixedCoordinates.lean:78:8: automatically included section variable(s) unused in theorem `UnitDistance.Witness.mixedFirstEnergy_coordinates`:
  [∀ (i : ι), MeasurableAdd₂ (G i)]
  [∀ (i : ι), MeasurableNeg (G i)]
  [∀ (i : ι), SigmaFinite (μ i)]
  [∀ (i : ι), (μ i).IsAddRightInvariant]
  [∀ (i : ι), (μ i).IsAddLeftInvariant]
  [∀ (i : ι), (μ i).IsNegInvariant]
consider restructuring your `variable` declarations so that the variables are not in scope or explicitly omit them:
  omit [∀ (i : ι),
  MeasurableAdd₂
    (G
      i)] [∀ (i : ι),
  MeasurableNeg
    (G
      i)] [∀ (i : ι),
  SigmaFinite
    (μ
      i)] [∀ (i : ι),
  (μ i).IsAddRightInvariant] [∀ (i : ι), (μ i).IsAddLeftInvariant] [∀ (i : ι), (μ i).IsNegInvariant] in theorem ...

Note: This linter can be disabled with `set_option linter.unusedSectionVars false`
warning: UnitDistance/TensorMixedCoordinates.lean:83:8: automatically included section variable(s) unused in theorem `UnitDistance.Witness.mixedSecondEnergy_coordinates`:
  [∀ (i : ι), MeasurableAdd₂ (G i)]
  [∀ (i : ι), MeasurableNeg (G i)]
  [∀ (i : ι), SigmaFinite (μ i)]
  [∀ (i : ι), (μ i).IsAddRightInvariant]
  [∀ (i : ι), (μ i).IsAddLeftInvariant]
  [∀ (i : ι), (μ i).IsNegInvariant]
consider restructuring your `variable` declarations so that the variables are not in scope or explicitly omit them:
  omit [∀ (i : ι),
  MeasurableAdd₂
    (G
      i)] [∀ (i : ι),
  MeasurableNeg
    (G
      i)] [∀ (i : ι),
  SigmaFinite
    (μ
      i)] [∀ (i : ι),
  (μ i).IsAddRightInvariant] [∀ (i : ι), (μ i).IsAddLeftInvariant] [∀ (i : ι), (μ i).IsNegInvariant] in theorem ...

Note: This linter can be disabled with `set_option linter.unusedSectionVars false`
warning: UnitDistance/TensorMixedCoordinates.lean:88:0: automatically included section variable(s) unused in theorem `UnitDistance.Witness.measurable_mixedPositionEnergy`:
  [∀ (i : ι), MeasurableAdd₂ (G i)]
  [∀ (i : ι), MeasurableNeg (G i)]
  [∀ (i : ι), SigmaFinite (μ i)]
  [∀ (i : ι), (μ i).IsAddRightInvariant]
  [∀ (i : ι), (μ i).IsAddLeftInvariant]
  [∀ (i : ι), (μ i).IsNegInvariant]
consider restructuring your `variable` declarations so that the variables are not in scope or explicitly omit them:
  omit [∀ (i : ι),
  MeasurableAdd₂
    (G
      i)] [∀ (i : ι),
  MeasurableNeg
    (G
      i)] [∀ (i : ι),
  SigmaFinite
    (μ
      i)] [∀ (i : ι),
  (μ i).IsAddRightInvariant] [∀ (i : ι), (μ i).IsAddLeftInvariant] [∀ (i : ι), (μ i).IsNegInvariant] in theorem ...

Note: This linter can be disabled with `set_option linter.unusedSectionVars false`
warning: UnitDistance/TensorMixedCoordinates.lean:97:0: automatically included section variable(s) unused in theorem `UnitDistance.Witness.measurableSet_mixedPositionSupport`:
  [Fintype β]
  [Fintype γ]
  [∀ (i : ι), MeasurableAdd₂ (G i)]
  [∀ (i : ι), MeasurableNeg (G i)]
  [∀ (i : ι), SigmaFinite (μ i)]
  [∀ (i : ι), (μ i).IsAddRightInvariant]
  [∀ (i : ι), (μ i).IsAddLeftInvariant]
  [∀ (i : ι), (μ i).IsNegInvariant]
consider restructuring your `variable` declarations so that the variables are not in scope or explicitly omit them:
  omit [Fintype
  β] [Fintype
  γ] [∀ (i : ι),
  MeasurableAdd₂
    (G
      i)] [∀ (i : ι),
  MeasurableNeg
    (G
      i)] [∀ (i : ι),
  SigmaFinite
    (μ
      i)] [∀ (i : ι),
  (μ i).IsAddRightInvariant] [∀ (i : ι), (μ i).IsAddLeftInvariant] [∀ (i : ι), (μ i).IsNegInvariant] in theorem ...

Note: This linter can be disabled with `set_option linter.unusedSectionVars false`
warning: UnitDistance/TensorMixedCoordinates.lean:101:0: automatically included section variable(s) unused in theorem `UnitDistance.Witness.measurable_mixedStep`:
  [Fintype ι]
  [∀ (i : ι), MeasurableNeg (G i)]
  [∀ (i : ι), (μ i).IsAddRightInvariant]
  [∀ (i : ι), (μ i).IsAddLeftInvariant]
  [∀ (i : ι), (μ i).IsNegInvariant]
consider restructuring your `variable` declarations so that the variables are not in scope or explicitly omit them:
  omit [Fintype
  ι] [∀ (i : ι),
  MeasurableNeg
    (G
      i)] [∀ (i : ι),
  (μ i).IsAddRightInvariant] [∀ (i : ι), (μ i).IsAddLeftInvariant] [∀ (i : ι), (μ i).IsNegInvariant] in theorem ...

Note: This linter can be disabled with `set_option linter.unusedSectionVars false`
warning: UnitDistance/TensorMixedCoordinates.lean:112:0: automatically included section variable(s) unused in theorem `UnitDistance.Witness.mixedOverlapCoordinates_unrestricted`:
  [∀ (i : ι), MeasurableAdd₂ (G i)]
  [∀ (i : ι), MeasurableNeg (G i)]
  [∀ (i : ι), (μ i).IsAddRightInvariant]
  [∀ (i : ι), (μ i).IsAddLeftInvariant]
  [∀ (i : ι), (μ i).IsNegInvariant]
consider restructuring your `variable` declarations so that the variables are not in scope or explicitly omit them:
  omit [∀ (i : ι),
  MeasurableAdd₂
    (G
      i)] [∀ (i : ι),
  MeasurableNeg
    (G
      i)] [∀ (i : ι),
  (μ i).IsAddRightInvariant] [∀ (i : ι), (μ i).IsAddLeftInvariant] [∀ (i : ι), (μ i).IsNegInvariant] in theorem ...

Note: This linter can be disabled with `set_option linter.unusedSectionVars false`
warning: UnitDistance/TensorMixedCoordinates.lean:139:4: `Set.mem_setOf_eq` has been deprecated: Use `Set.mem_ofPred_eq` instead

Hint: Replace the deprecated name:
  S̵e̵t̵.̵m̵e̵m̵_̵s̵e̵t̵O̵f̵_̵e̵q̵m̲e̲m̲_̲o̲f̲P̲r̲e̲d̲_̲e̲q̲
warning: UnitDistance/TensorMixedCoordinates.lean:131:0: automatically included section variable(s) unused in theorem `UnitDistance.Witness.mixedOverlapCoordinates_support`:
  [Fintype β]
  [Fintype γ]
  [∀ (i : ι), MeasurableAdd₂ (G i)]
  [∀ (i : ι), MeasurableNeg (G i)]
  [∀ (i : ι), SigmaFinite (μ i)]
  [∀ (i : ι), (μ i).IsAddRightInvariant]
  [∀ (i : ι), (μ i).IsAddLeftInvariant]
  [∀ (i : ι), (μ i).IsNegInvariant]
consider restructuring your `variable` declarations so that the variables are not in scope or explicitly omit them:
  omit [Fintype
  β] [Fintype
  γ] [∀ (i : ι),
  MeasurableAdd₂
    (G
      i)] [∀ (i : ι),
  MeasurableNeg
    (G
      i)] [∀ (i : ι),
  SigmaFinite
    (μ
      i)] [∀ (i : ι),
  (μ i).IsAddRightInvariant] [∀ (i : ι), (μ i).IsAddLeftInvariant] [∀ (i : ι), (μ i).IsNegInvariant] in theorem ...

Note: This linter can be disabled with `set_option linter.unusedSectionVars false`
warning: UnitDistance/TensorMixedCoordinates.lean:143:0: automatically included section variable(s) unused in theorem `UnitDistance.Witness.mixedOverlapBase_eq_restrict`:
  [∀ (i : ι), MeasurableAdd₂ (G i)]
  [∀ (i : ι), MeasurableNeg (G i)]
  [∀ (i : ι), (μ i).IsAddRightInvariant]
  [∀ (i : ι), (μ i).IsAddLeftInvariant]
  [∀ (i : ι), (μ i).IsNegInvariant]
consider restructuring your `variable` declarations so that the variables are not in scope or explicitly omit them:
  omit [∀ (i : ι),
  MeasurableAdd₂
    (G
      i)] [∀ (i : ι),
  MeasurableNeg
    (G
      i)] [∀ (i : ι),
  (μ i).IsAddRightInvariant] [∀ (i : ι), (μ i).IsAddLeftInvariant] [∀ (i : ι), (μ i).IsNegInvariant] in theorem ...

Note: This linter can be disabled with `set_option linter.unusedSectionVars false`
warning: UnitDistance/TensorMixedCoordinates.lean:175:14: `Set.preimage_setOf_eq` has been deprecated: Use `Set.preimage_ofPred_eq` instead

Hint: Replace the deprecated name:
  S̵e̵t̵.̵p̵r̵e̵i̵m̵a̵g̵e̵_̵s̵e̵t̵O̵f̵_̵e̵q̵p̲r̲e̲i̲m̲a̲g̲e̲_̲o̲f̲P̲r̲e̲d̲_̲e̲q̲
⚠ [4492/4548] Replayed UnitDistance.SIntegerMixedInvariance
warning: UnitDistance/SIntegerMixedInvariance.lean:45:0: automatically included section variable(s) unused in theorem `UnitDistance.SIntegerCRT.witnessMixedRotation_apply`:
  [Algebra.IsQuadraticExtension F K]
  [IsTotallyComplex K]
  [Fintype S]
consider restructuring your `variable` declarations so that the variables are not in scope or explicitly omit them:
  omit [Algebra.IsQuadraticExtension F K] [IsTotallyComplex K] [Fintype S] in theorem ...

Note: This linter can be disabled with `set_option linter.unusedSectionVars false`
warning: UnitDistance/SIntegerMixedInvariance.lean:50:0: automatically included section variable(s) unused in theorem `UnitDistance.SIntegerCRT.witnessMixedRotation_measurePreserving`:
  [Algebra.IsQuadraticExtension F K]
  [IsTotallyComplex K]
consider restructuring your `variable` declarations so that the variables are not in scope or explicitly omit them:
  omit [Algebra.IsQuadraticExtension F K] [IsTotallyComplex K] in theorem ...

Note: This linter can be disabled with `set_option linter.unusedSectionVars false`
warning: UnitDistance/SIntegerMixedInvariance.lean:58:0: automatically included section variable(s) unused in theorem `UnitDistance.SIntegerCRT.witnessMixedRotation_localProfile`:
  [IsTotallyComplex K]
consider restructuring your `variable` declarations so that the variables are not in scope or explicitly omit them:
  omit [IsTotallyComplex K] in theorem ...

Note: This linter can be disabled with `set_option linter.unusedSectionVars false`
⚠ [4494/4548] Replayed UnitDistance.SIntegerWitnessVertices
warning: UnitDistance/SIntegerWitnessVertices.lean:60:2: Try this: 
  letI̵

The goal is a proposition, so `let` is preferred over `letI`.
The difference between `let` and `letI` is that `letI` inlines the value.
But this is not relevant for proofs because of proof irrelevance.

Note: This linter can be disabled with `set_option linter.style.haveILetI false`
warning: UnitDistance/SIntegerWitnessVertices.lean:61:8: `AddSubgroup.isClosed_of_discrete` has been deprecated: Use `AddSubgroup.isClosed_of_discreteTopology` instead

Hint: Replace the deprecated name:
  AddSubgroup.isClosed_of_discreteT̲o̲p̲o̲l̲o̲g̲y̲
warning: UnitDistance/SIntegerWitnessVertices.lean:58:0: automatically included section variable(s) unused in theorem `UnitDistance.SIntegerCRT.diagonalSIntegers_closed`:
  [IsTotallyComplex K]
consider restructuring your `variable` declarations so that the variables are not in scope or explicitly omit them:
  omit [IsTotallyComplex K] in theorem ...

Note: This linter can be disabled with `set_option linter.unusedSectionVars false`
warning: UnitDistance/SIntegerWitnessVertices.lean:76:2: Try this: 
  letI̵

The goal is a proposition, so `let` is preferred over `letI`.
The difference between `let` and `letI` is that `letI` inlines the value.
But this is not relevant for proofs because of proof irrelevance.

Note: This linter can be disabled with `set_option linter.style.haveILetI false`
⚠ [4496/4548] Replayed UnitDistance.TensorMixedVolume
warning: UnitDistance/TensorMixedVolume.lean:38:0: automatically included section variable(s) unused in theorem `UnitDistance.Witness.mixedPositionWeight_nonneg`:
  [∀ (i : ι), SigmaFinite (μ i)]
consider restructuring your `variable` declarations so that the variables are not in scope or explicitly omit them:
  omit [∀ (i : ι), SigmaFinite (μ i)] in theorem ...

Note: This linter can be disabled with `set_option linter.unusedSectionVars false`
warning: UnitDistance/TensorMixedVolume.lean:42:0: automatically included section variable(s) unused in theorem `UnitDistance.Witness.mixedPositionEnergy_weight`:
  [∀ (i : ι), SigmaFinite (μ i)]
consider restructuring your `variable` declarations so that the variables are not in scope or explicitly omit them:
  omit [∀ (i : ι), SigmaFinite (μ i)] in theorem ...

Note: This linter can be disabled with `set_option linter.unusedSectionVars false`
warning: UnitDistance/TensorMixedVolume.lean:56:0: automatically included section variable(s) unused in theorem `UnitDistance.Witness.mixedPositionWeight_eq_zero`:
  [∀ (i : ι), SigmaFinite (μ i)]
consider restructuring your `variable` declarations so that the variables are not in scope or explicitly omit them:
  omit [∀ (i : ι), SigmaFinite (μ i)] in theorem ...

Note: This linter can be disabled with `set_option linter.unusedSectionVars false`
⚠ [4497/4548] Replayed UnitDistance.TensorMixedLabels
warning: UnitDistance/TensorMixedLabels.lean:59:0: automatically included section variable(s) unused in theorem `UnitDistance.Witness.mixedCanonicalOverlap_eq_zero`:
  [∀ (i : ι), MeasurableAdd₂ (G i)]
  [∀ (i : ι), MeasurableNeg (G i)]
  [(i : ι) → MeasurableSpace (U i)]
  [∀ (i : ι), SigmaFinite (μ i)]
  [∀ (i : ι), (μ i).IsAddRightInvariant]
  [∀ (i : ι), (μ i).IsAddLeftInvariant]
  [∀ (i : ι), (μ i).IsNegInvariant]
consider restructuring your `variable` declarations so that the variables are not in scope or explicitly omit them:
  omit [∀ (i : ι),
  MeasurableAdd₂
    (G
      i)] [∀ (i : ι),
  MeasurableNeg
    (G
      i)] [(i : ι) →
  MeasurableSpace
    (U
      i)] [∀ (i : ι),
  SigmaFinite
    (μ
      i)] [∀ (i : ι),
  (μ i).IsAddRightInvariant] [∀ (i : ι), (μ i).IsAddLeftInvariant] [∀ (i : ι), (μ i).IsNegInvariant] in theorem ...

Note: This linter can be disabled with `set_option linter.unusedSectionVars false`
warning: UnitDistance/TensorMixedLabels.lean:84:0: automatically included section variable(s) unused in theorem `UnitDistance.Witness.mixedCanonicalOverlap_finite`:
  [(i : ι) → MeasurableSpace (U i)]
consider restructuring your `variable` declarations so that the variables are not in scope or explicitly omit them:
  omit [(i : ι) → MeasurableSpace (U i)] in theorem ...

Note: This linter can be disabled with `set_option linter.unusedSectionVars false`
⚠ [4498/4548] Replayed UnitDistance.SIntegerMixedOverlap
warning: UnitDistance/SIntegerMixedOverlap.lean:40:0: automatically included section variable(s) unused in theorem `UnitDistance.SIntegerCRT.measurable_witnessOverlapProfile`:
  [IsTotallyComplex K]
consider restructuring your `variable` declarations so that the variables are not in scope or explicitly omit them:
  omit [IsTotallyComplex K] in theorem ...

Note: This linter can be disabled with `set_option linter.unusedSectionVars false`
warning: UnitDistance/SIntegerMixedOverlap.lean:47:0: automatically included section variable(s) unused in theorem `UnitDistance.SIntegerCRT.witnessOverlapProfile_eq_zero`:
  [IsTotallyComplex K]
consider restructuring your `variable` declarations so that the variables are not in scope or explicitly omit them:
  omit [IsTotallyComplex K] in theorem ...

Note: This linter can be disabled with `set_option linter.unusedSectionVars false`
⚠ [4500/4548] Replayed UnitDistance.SIntegerWitnessModel
warning: UnitDistance/SIntegerWitnessModel.lean:47:0: automatically included section variable(s) unused in theorem `UnitDistance.SIntegerCRT.compactSupport_witnessOverlapProfile`:
  [IsTotallyComplex K]
consider restructuring your `variable` declarations so that the variables are not in scope or explicitly omit them:
  omit [IsTotallyComplex K] in theorem ...

Note: This linter can be disabled with `set_option linter.unusedSectionVars false`
warning: UnitDistance/SIntegerWitnessModel.lean:79:33: `dif_pos` has been deprecated: Use `dite_eq_left` instead

Hint: Replace the deprecated name:
  d̵i̵f̵_̵p̵o̵s̵d̲i̲t̲e̲_̲e̲q̲_̲l̲e̲f̲t̲
warning: UnitDistance/SIntegerWitnessModel.lean:79:45: `dif_pos` has been deprecated: Use `dite_eq_left` instead

Hint: Replace the deprecated name:
  d̵i̵f̵_̵p̵o̵s̵d̲i̲t̲e̲_̲e̲q̲_̲l̲e̲f̲t̲
warning: UnitDistance/SIntegerWitnessModel.lean:97:26: `dif_pos` has been deprecated: Use `dite_eq_left` instead

Hint: Replace the deprecated name:
  d̵i̵f̵_̵p̵o̵s̵d̲i̲t̲e̲_̲e̲q̲_̲l̲e̲f̲t̲
warning: UnitDistance/SIntegerWitnessModel.lean:101:57: `dif_pos` has been deprecated: Use `dite_eq_left` instead

Hint: Replace the deprecated name:
  d̵i̵f̵_̵p̵o̵s̵d̲i̲t̲e̲_̲e̲q̲_̲l̲e̲f̲t̲
warning: UnitDistance/SIntegerWitnessModel.lean:88:0: automatically included section variable(s) unused in theorem `UnitDistance.SIntegerCRT.witnessLabeledStep_overlap`:
  [Fintype ↥(torsion K)]
consider restructuring your `variable` declarations so that the variables are not in scope or explicitly omit them:
  omit [Fintype ↥(torsion K)] in theorem ...

Note: This linter can be disabled with `set_option linter.unusedSectionVars false`
warning: UnitDistance/SIntegerWitnessModel.lean:147:28: `dif_pos` has been deprecated: Use `dite_eq_left` instead

Hint: Replace the deprecated name:
  d̵i̵f̵_̵p̵o̵s̵d̲i̲t̲e̲_̲e̲q̲_̲l̲e̲f̲t̲
⚠ [4502/4548] Replayed UnitDistance.SIntegerWitnessConcentration
warning: UnitDistance/SIntegerWitnessConcentration.lean:33:0: automatically included section variable(s) unused in theorem `UnitDistance.SIntegerCRT.witnessOverlapProfile_integral_finite`:
  [IsTotallyComplex K]
consider restructuring your `variable` declarations so that the variables are not in scope or explicitly omit them:
  omit [IsTotallyComplex K] in theorem ...

Note: This linter can be disabled with `set_option linter.unusedSectionVars false`
warning: UnitDistance/SIntegerWitnessConcentration.lean:40:0: automatically included section variable(s) unused in theorem `UnitDistance.SIntegerCRT.witnessOverlapProfile_concentration`:
  [IsTotallyComplex K]
consider restructuring your `variable` declarations so that the variables are not in scope or explicitly omit them:
  omit [IsTotallyComplex K] in theorem ...

Note: This linter can be disabled with `set_option linter.unusedSectionVars false`
⚠ [4503/4548] Replayed UnitDistance.FiniteCertificates.Prime2
warning: UnitDistance/FiniteCertificates/Prime2.lean:25:20: Used `tac1 <;> tac2` where `(tac1; tac2)` would suffice

Note: This linter can be disabled with `set_option linter.unnecessarySeqFocus false`
warning: UnitDistance/FiniteCertificates/Prime2.lean:45:20: Used `tac1 <;> tac2` where `(tac1; tac2)` would suffice

Note: This linter can be disabled with `set_option linter.unnecessarySeqFocus false`
warning: UnitDistance/FiniteCertificates/Prime2.lean:73:20: Used `tac1 <;> tac2` where `(tac1; tac2)` would suffice

Note: This linter can be disabled with `set_option linter.unnecessarySeqFocus false`
warning: UnitDistance/FiniteCertificates/Prime2.lean:93:20: Used `tac1 <;> tac2` where `(tac1; tac2)` would suffice

Note: This linter can be disabled with `set_option linter.unnecessarySeqFocus false`
warning: UnitDistance/FiniteCertificates/Prime2.lean:121:20: Used `tac1 <;> tac2` where `(tac1; tac2)` would suffice

Note: This linter can be disabled with `set_option linter.unnecessarySeqFocus false`
warning: UnitDistance/FiniteCertificates/Prime2.lean:141:20: Used `tac1 <;> tac2` where `(tac1; tac2)` would suffice

Note: This linter can be disabled with `set_option linter.unnecessarySeqFocus false`
warning: UnitDistance/FiniteCertificates/Prime2.lean:169:20: Used `tac1 <;> tac2` where `(tac1; tac2)` would suffice

Note: This linter can be disabled with `set_option linter.unnecessarySeqFocus false`
warning: UnitDistance/FiniteCertificates/Prime2.lean:189:20: Used `tac1 <;> tac2` where `(tac1; tac2)` would suffice

Note: This linter can be disabled with `set_option linter.unnecessarySeqFocus false`
warning: UnitDistance/FiniteCertificates/Prime2.lean:217:20: Used `tac1 <;> tac2` where `(tac1; tac2)` would suffice

Note: This linter can be disabled with `set_option linter.unnecessarySeqFocus false`
warning: UnitDistance/FiniteCertificates/Prime2.lean:237:20: Used `tac1 <;> tac2` where `(tac1; tac2)` would suffice

Note: This linter can be disabled with `set_option linter.unnecessarySeqFocus false`
warning: UnitDistance/FiniteCertificates/Prime2.lean:265:24: Unused tactic linter: `exact h` does nothing

Note: This linter can be disabled with `set_option linter.unusedTactic false`
warning: UnitDistance/FiniteCertificates/Prime2.lean:265:24: this tactic is never executed

Note: This linter can be disabled with `set_option linter.unreachableTactic false`
warning: UnitDistance/FiniteCertificates/Prime2.lean:285:20: Used `tac1 <;> tac2` where `(tac1; tac2)` would suffice

Note: This linter can be disabled with `set_option linter.unnecessarySeqFocus false`
warning: UnitDistance/FiniteCertificates/Prime2.lean:305:20: Used `tac1 <;> tac2` where `(tac1; tac2)` would suffice

Note: This linter can be disabled with `set_option linter.unnecessarySeqFocus false`
⚠ [4504/4548] Replayed UnitDistance.FiniteCertificates.Prime3
warning: UnitDistance/FiniteCertificates/Prime3.lean:25:20: Used `tac1 <;> tac2` where `(tac1; tac2)` would suffice

Note: This linter can be disabled with `set_option linter.unnecessarySeqFocus false`
warning: UnitDistance/FiniteCertificates/Prime3.lean:45:20: Used `tac1 <;> tac2` where `(tac1; tac2)` would suffice

Note: This linter can be disabled with `set_option linter.unnecessarySeqFocus false`
warning: UnitDistance/FiniteCertificates/Prime3.lean:73:20: Used `tac1 <;> tac2` where `(tac1; tac2)` would suffice

Note: This linter can be disabled with `set_option linter.unnecessarySeqFocus false`
warning: UnitDistance/FiniteCertificates/Prime3.lean:93:20: Used `tac1 <;> tac2` where `(tac1; tac2)` would suffice

Note: This linter can be disabled with `set_option linter.unnecessarySeqFocus false`
warning: UnitDistance/FiniteCertificates/Prime3.lean:121:20: Used `tac1 <;> tac2` where `(tac1; tac2)` would suffice

Note: This linter can be disabled with `set_option linter.unnecessarySeqFocus false`
warning: UnitDistance/FiniteCertificates/Prime3.lean:141:20: Used `tac1 <;> tac2` where `(tac1; tac2)` would suffice

Note: This linter can be disabled with `set_option linter.unnecessarySeqFocus false`
warning: UnitDistance/FiniteCertificates/Prime3.lean:169:20: Used `tac1 <;> tac2` where `(tac1; tac2)` would suffice

Note: This linter can be disabled with `set_option linter.unnecessarySeqFocus false`
warning: UnitDistance/FiniteCertificates/Prime3.lean:189:20: Used `tac1 <;> tac2` where `(tac1; tac2)` would suffice

Note: This linter can be disabled with `set_option linter.unnecessarySeqFocus false`
warning: UnitDistance/FiniteCertificates/Prime3.lean:217:20: Used `tac1 <;> tac2` where `(tac1; tac2)` would suffice

Note: This linter can be disabled with `set_option linter.unnecessarySeqFocus false`
warning: UnitDistance/FiniteCertificates/Prime3.lean:237:20: Used `tac1 <;> tac2` where `(tac1; tac2)` would suffice

Note: This linter can be disabled with `set_option linter.unnecessarySeqFocus false`
warning: UnitDistance/FiniteCertificates/Prime3.lean:265:20: Used `tac1 <;> tac2` where `(tac1; tac2)` would suffice

Note: This linter can be disabled with `set_option linter.unnecessarySeqFocus false`
warning: UnitDistance/FiniteCertificates/Prime3.lean:285:20: Used `tac1 <;> tac2` where `(tac1; tac2)` would suffice

Note: This linter can be disabled with `set_option linter.unnecessarySeqFocus false`
warning: UnitDistance/FiniteCertificates/Prime3.lean:305:20: Used `tac1 <;> tac2` where `(tac1; tac2)` would suffice

Note: This linter can be disabled with `set_option linter.unnecessarySeqFocus false`
⚠ [4505/4548] Replayed UnitDistance.FiniteCertificates.Prime5
warning: UnitDistance/FiniteCertificates/Prime5.lean:25:20: Used `tac1 <;> tac2` where `(tac1; tac2)` would suffice

Note: This linter can be disabled with `set_option linter.unnecessarySeqFocus false`
warning: UnitDistance/FiniteCertificates/Prime5.lean:45:20: Used `tac1 <;> tac2` where `(tac1; tac2)` would suffice

Note: This linter can be disabled with `set_option linter.unnecessarySeqFocus false`
warning: UnitDistance/FiniteCertificates/Prime5.lean:73:20: Used `tac1 <;> tac2` where `(tac1; tac2)` would suffice

Note: This linter can be disabled with `set_option linter.unnecessarySeqFocus false`
warning: UnitDistance/FiniteCertificates/Prime5.lean:93:20: Used `tac1 <;> tac2` where `(tac1; tac2)` would suffice

Note: This linter can be disabled with `set_option linter.unnecessarySeqFocus false`
warning: UnitDistance/FiniteCertificates/Prime5.lean:121:20: Used `tac1 <;> tac2` where `(tac1; tac2)` would suffice

Note: This linter can be disabled with `set_option linter.unnecessarySeqFocus false`
warning: UnitDistance/FiniteCertificates/Prime5.lean:141:20: Used `tac1 <;> tac2` where `(tac1; tac2)` would suffice

Note: This linter can be disabled with `set_option linter.unnecessarySeqFocus false`
warning: UnitDistance/FiniteCertificates/Prime5.lean:169:20: Used `tac1 <;> tac2` where `(tac1; tac2)` would suffice

Note: This linter can be disabled with `set_option linter.unnecessarySeqFocus false`
warning: UnitDistance/FiniteCertificates/Prime5.lean:189:20: Used `tac1 <;> tac2` where `(tac1; tac2)` would suffice

Note: This linter can be disabled with `set_option linter.unnecessarySeqFocus false`
warning: UnitDistance/FiniteCertificates/Prime5.lean:217:20: Used `tac1 <;> tac2` where `(tac1; tac2)` would suffice

Note: This linter can be disabled with `set_option linter.unnecessarySeqFocus false`
warning: UnitDistance/FiniteCertificates/Prime5.lean:237:20: Used `tac1 <;> tac2` where `(tac1; tac2)` would suffice

Note: This linter can be disabled with `set_option linter.unnecessarySeqFocus false`
warning: UnitDistance/FiniteCertificates/Prime5.lean:265:20: Used `tac1 <;> tac2` where `(tac1; tac2)` would suffice

Note: This linter can be disabled with `set_option linter.unnecessarySeqFocus false`
warning: UnitDistance/FiniteCertificates/Prime5.lean:285:20: Used `tac1 <;> tac2` where `(tac1; tac2)` would suffice

Note: This linter can be disabled with `set_option linter.unnecessarySeqFocus false`
warning: UnitDistance/FiniteCertificates/Prime5.lean:305:20: Used `tac1 <;> tac2` where `(tac1; tac2)` would suffice

Note: This linter can be disabled with `set_option linter.unnecessarySeqFocus false`
⚠ [4510/4548] Replayed UnitDistance.SIntegerWitnessGraph
warning: UnitDistance/SIntegerWitnessGraph.lean:53:2: Try this: 
  letI̵

The goal is a proposition, so `let` is preferred over `letI`.
The difference between `let` and `letI` is that `letI` inlines the value.
But this is not relevant for proofs because of proof irrelevance.

Note: This linter can be disabled with `set_option linter.style.haveILetI false`
warning: UnitDistance/SIntegerWitnessGraph.lean:54:2: Try this: 
  letI̵

The goal is a proposition, so `let` is preferred over `letI`.
The difference between `let` and `letI` is that `letI` inlines the value.
But this is not relevant for proofs because of proof irrelevance.

Note: This linter can be disabled with `set_option linter.style.haveILetI false`
warning: UnitDistance/SIntegerWitnessGraph.lean:55:2: Try this: 
  letI̵

The goal is a proposition, so `let` is preferred over `letI`.
The difference between `let` and `letI` is that `letI` inlines the value.
But this is not relevant for proofs because of proof irrelevance.

Note: This linter can be disabled with `set_option linter.style.haveILetI false`
warning: UnitDistance/SIntegerWitnessGraph.lean:56:2: Try this: 
  letI̵

The goal is a proposition, so `let` is preferred over `letI`.
The difference between `let` and `letI` is that `letI` inlines the value.
But this is not relevant for proofs because of proof irrelevance.

Note: This linter can be disabled with `set_option linter.style.haveILetI false`
warning: UnitDistance/SIntegerWitnessGraph.lean:57:2: Try this: 
  letI̵

The goal is a proposition, so `let` is preferred over `letI`.
The difference between `let` and `letI` is that `letI` inlines the value.
But this is not relevant for proofs because of proof irrelevance.

Note: This linter can be disabled with `set_option linter.style.haveILetI false`
⚠ [4524/4548] Replayed UnitDistance.DedekindEuler
warning: UnitDistance/DedekindEuler.lean:67:7: `Ideal.finite_setOf_absNorm_eq` has been deprecated: Use `Ideal.finite_setOfPred_absNorm_eq` instead

Hint: Replace the deprecated name:
  Ideal.finite_setOfP̲r̲e̲d̲_absNorm_eq
warning: UnitDistance/DedekindEuler.lean:66:4: Try this: 
  haveI̵

The goal is a proposition, so `have` is preferred over `haveI`.
The difference between `have` and `haveI` is that `haveI` inlines the value.
But this is not relevant for proofs because of proof irrelevance.

Note: This linter can be disabled with `set_option linter.style.haveILetI false`
warning: UnitDistance/DedekindEuler.lean:100:4: Try this: 
  haveI̵

The goal is a proposition, so `have` is preferred over `haveI`.
The difference between `have` and `haveI` is that `haveI` inlines the value.
But this is not relevant for proofs because of proof irrelevance.

Note: This linter can be disabled with `set_option linter.style.haveILetI false`
warning: UnitDistance/DedekindEuler.lean:101:4: Try this: 
  haveI̵

The goal is a proposition, so `have` is preferred over `haveI`.
The difference between `have` and `haveI` is that `haveI` inlines the value.
But this is not relevant for proofs because of proof irrelevance.

Note: This linter can be disabled with `set_option linter.style.haveILetI false`
warning: UnitDistance/DedekindEuler.lean:110:6: Try this: 
  haveI̵

The goal is a proposition, so `have` is preferred over `haveI`.
The difference between `have` and `haveI` is that `haveI` inlines the value.
But this is not relevant for proofs because of proof irrelevance.

Note: This linter can be disabled with `set_option linter.style.haveILetI false`
warning: UnitDistance/DedekindEuler.lean:141:6: Try this: 
  haveI̵

The goal is a proposition, so `have` is preferred over `haveI`.
The difference between `have` and `haveI` is that `haveI` inlines the value.
But this is not relevant for proofs because of proof irrelevance.

Note: This linter can be disabled with `set_option linter.style.haveILetI false`
warning: UnitDistance/DedekindEuler.lean:146:8: Try this: 
  haveI̵

The goal is a proposition, so `have` is preferred over `haveI`.
The difference between `have` and `haveI` is that `haveI` inlines the value.
But this is not relevant for proofs because of proof irrelevance.

Note: This linter can be disabled with `set_option linter.style.haveILetI false`
warning: UnitDistance/DedekindEuler.lean:156:8: Try this: 
  haveI̵

The goal is a proposition, so `have` is preferred over `haveI`.
The difference between `have` and `haveI` is that `haveI` inlines the value.
But this is not relevant for proofs because of proof irrelevance.

Note: This linter can be disabled with `set_option linter.style.haveILetI false`
warning: UnitDistance/DedekindEuler.lean:157:8: Try this: 
  haveI̵

The goal is a proposition, so `have` is preferred over `haveI`.
The difference between `have` and `haveI` is that `haveI` inlines the value.
But this is not relevant for proofs because of proof irrelevance.

Note: This linter can be disabled with `set_option linter.style.haveILetI false`
warning: UnitDistance/DedekindEuler.lean:160:34: `if_neg` has been deprecated: Use `ite_eq_right` instead

Hint: Replace the deprecated name:
  i̵f̵_̵n̵e̵g̵i̲t̲e̲_̲e̲q̲_̲r̲i̲g̲h̲t̲
warning: UnitDistance/DedekindEuler.lean:168:36: Try this: 
  haveI̵

The goal is a proposition, so `have` is preferred over `haveI`.
The difference between `have` and `haveI` is that `haveI` inlines the value.
But this is not relevant for proofs because of proof irrelevance.

Note: This linter can be disabled with `set_option linter.style.haveILetI false`
warning: UnitDistance/DedekindEuler.lean:264:55: `if_neg` has been deprecated: Use `ite_eq_right` instead

Hint: Replace the deprecated name:
  i̵f̵_̵n̵e̵g̵i̲t̲e̲_̲e̲q̲_̲r̲i̲g̲h̲t̲
warning: UnitDistance/DedekindEuler.lean:565:68: `Set.mem_setOf_eq` has been deprecated: Use `Set.mem_ofPred_eq` instead

Hint: Replace the deprecated name:
  S̵e̵t̵.̵m̵e̵m̵_̵s̵e̵t̵O̵f̵_̵e̵q̵S̲e̲t̲.̲m̲e̲m̲_̲o̲f̲P̲r̲e̲d̲_̲e̲q̲
warning: UnitDistance/DedekindEuler.lean:579:42: `Set.mem_setOf_eq` has been deprecated: Use `Set.mem_ofPred_eq` instead

Hint: Replace the deprecated name:
  S̵e̵t̵.̵m̵e̵m̵_̵s̵e̵t̵O̵f̵_̵e̵q̵S̲e̲t̲.̲m̲e̲m̲_̲o̲f̲P̲r̲e̲d̲_̲e̲q̲
⚠ [4538/4597] Replayed UnitDistance.RelativeEuler
warning: UnitDistance/RelativeEuler.lean:3:0: Use RingTheory.RamificationInertia.Basic
'Mathlib.NumberTheory.RamificationInertia.Basic' has been deprecated: please replace this import by

import Mathlib.LinearAlgebra.Dimension.DivisionRing
import Mathlib.NumberTheory.RamificationInertia.Inertia
import Mathlib.NumberTheory.RamificationInertia.Ramification
import Mathlib.RingTheory.Ideal.Norm.AbsNorm
import Mathlib.RingTheory.SimpleModule.Basic
warning: UnitDistance/RelativeEuler.lean:66:2: Try this: 
  letI̵

The goal is a proposition, so `let` is preferred over `letI`.
The difference between `let` and `letI` is that `letI` inlines the value.
But this is not relevant for proofs because of proof irrelevance.

Note: This linter can be disabled with `set_option linter.style.haveILetI false`
warning: UnitDistance/RelativeEuler.lean:73:8: `Ideal.card_primesOverFinset_le_finrank` has been deprecated: Use results of RingTheory.RamificationInertia.Basic
warning: UnitDistance/RelativeEuler.lean:77:2: Try this: 
  letI̵

The goal is a proposition, so `let` is preferred over `letI`.
The difference between `let` and `letI` is that `letI` inlines the value.
But this is not relevant for proofs because of proof irrelevance.

Note: This linter can be disabled with `set_option linter.style.haveILetI false`
warning: UnitDistance/RelativeEuler.lean:78:6: `Ideal.absNorm_eq_pow_inertiaDeg'_of_liesOver` has been deprecated: Use `Ideal.absNorm_pow_inertiaDeg` instead.
warning: UnitDistance/RelativeEuler.lean:79:25: `Ideal.inertiaDeg'_pos` has been deprecated: Use `Ideal.inertiaDeg_pos` instead.
⚠ [4539/4597] Replayed UnitDistance.PrimeNormCounts
warning: UnitDistance/PrimeNormCounts.lean:3:0: Use RingTheory.RamificationInertia.Basic
'Mathlib.NumberTheory.RamificationInertia.Basic' has been deprecated: please replace this import by

import Mathlib.LinearAlgebra.Dimension.DivisionRing
import Mathlib.NumberTheory.RamificationInertia.Inertia
import Mathlib.NumberTheory.RamificationInertia.Ramification
import Mathlib.RingTheory.Ideal.Norm.AbsNorm
import Mathlib.RingTheory.SimpleModule.Basic
warning: UnitDistance/PrimeNormCounts.lean:36:5: `Ideal.finite_setOf_absNorm_eq` has been deprecated: Use `Ideal.finite_setOfPred_absNorm_eq` instead

Hint: Replace the deprecated name:
  Ideal.finite_setOfP̲r̲e̲d̲_absNorm_eq
warning: UnitDistance/PrimeNormCounts.lean:35:2: Try this: 
  letI̵

The goal is a proposition, so `let` is preferred over `letI`.
The difference between `let` and `letI` is that `letI` inlines the value.
But this is not relevant for proofs because of proof irrelevance.

Note: This linter can be disabled with `set_option linter.style.haveILetI false`
warning: UnitDistance/PrimeNormCounts.lean:46:2: Try this: 
  haveI̵

The goal is a proposition, so `have` is preferred over `haveI`.
The difference between `have` and `haveI` is that `haveI` inlines the value.
But this is not relevant for proofs because of proof irrelevance.

Note: This linter can be disabled with `set_option linter.style.haveILetI false`
warning: UnitDistance/PrimeNormCounts.lean:54:2: Try this: 
  letI̵

The goal is a proposition, so `let` is preferred over `letI`.
The difference between `let` and `letI` is that `letI` inlines the value.
But this is not relevant for proofs because of proof irrelevance.

Note: This linter can be disabled with `set_option linter.style.haveILetI false`
warning: UnitDistance/PrimeNormCounts.lean:55:2: Try this: 
  letI̵

The goal is a proposition, so `let` is preferred over `letI`.
The difference between `let` and `letI` is that `letI` inlines the value.
But this is not relevant for proofs because of proof irrelevance.

Note: This linter can be disabled with `set_option linter.style.haveILetI false`
warning: UnitDistance/PrimeNormCounts.lean:64:2: Try this: 
  letI̵

The goal is a proposition, so `let` is preferred over `letI`.
The difference between `let` and `letI` is that `letI` inlines the value.
But this is not relevant for proofs because of proof irrelevance.

Note: This linter can be disabled with `set_option linter.style.haveILetI false`
warning: UnitDistance/PrimeNormCounts.lean:65:2: Try this: 
  letI̵

The goal is a proposition, so `let` is preferred over `letI`.
The difference between `let` and `letI` is that `letI` inlines the value.
But this is not relevant for proofs because of proof irrelevance.

Note: This linter can be disabled with `set_option linter.style.haveILetI false`
warning: UnitDistance/PrimeNormCounts.lean:78:2: Try this: 
  letI̵

The goal is a proposition, so `let` is preferred over `letI`.
The difference between `let` and `letI` is that `letI` inlines the value.
But this is not relevant for proofs because of proof irrelevance.

Note: This linter can be disabled with `set_option linter.style.haveILetI false`
warning: UnitDistance/PrimeNormCounts.lean:92:13: `Ideal.card_primesOverFinset_le_finrank` has been deprecated: Use results of RingTheory.RamificationInertia.Basic
⚠ [4561/4597] Replayed UnitDistance.Upstream.AINTLIB.AuxiliaryFunction
warning: UnitDistance/Upstream/AINTLIB/AuxiliaryFunction.lean:53:21: `if_pos` has been deprecated: Use `ite_eq_left` instead

Hint: Replace the deprecated name:
  i̵f̵_̵p̵o̵s̵i̲t̲e̲_̲e̲q̲_̲l̲e̲f̲t̲
⚠ [4625/4653] Replayed UnitDistance.Upstream.AINTLIB.CompletedZeta.FunctionalEquation
warning: UnitDistance/Upstream/AINTLIB/CompletedZeta/FunctionalEquation.lean:90:18: `Set.mem_setOf_eq` has been deprecated: Use `Set.mem_ofPred_eq` instead

Hint: Replace the deprecated name:
  S̵e̵t̵.̵m̵e̵m̵_̵s̵e̵t̵O̵f̵_̵e̵q̵S̲e̲t̲.̲m̲e̲m̲_̲o̲f̲P̲r̲e̲d̲_̲e̲q̲
warning: UnitDistance/Upstream/AINTLIB/CompletedZeta/FunctionalEquation.lean:93:18: `Set.mem_setOf_eq` has been deprecated: Use `Set.mem_ofPred_eq` instead

Hint: Replace the deprecated name:
  S̵e̵t̵.̵m̵e̵m̵_̵s̵e̵t̵O̵f̵_̵e̵q̵S̲e̲t̲.̲m̲e̲m̲_̲o̲f̲P̲r̲e̲d̲_̲e̲q̲
⚠ [4635/4701] Replayed UnitDistance.Upstream.AINTLIB.CompletedZeta.PoissonSummation
warning: UnitDistance/Upstream/AINTLIB/CompletedZeta/PoissonSummation.lean:139:15: `Set.mem_setOf_eq` has been deprecated: Use `Set.mem_ofPred_eq` instead

Hint: Replace the deprecated name:
  S̵e̵t̵.̵m̵e̵m̵_̵s̵e̵t̵O̵f̵_̵e̵q̵S̲e̲t̲.̲m̲e̲m̲_̲o̲f̲P̲r̲e̲d̲_̲e̲q̲
warning: UnitDistance/Upstream/AINTLIB/CompletedZeta/PoissonSummation.lean:154:15: `Set.mem_setOf_eq` has been deprecated: Use `Set.mem_ofPred_eq` instead

Hint: Replace the deprecated name:
  S̵e̵t̵.̵m̵e̵m̵_̵s̵e̵t̵O̵f̵_̵e̵q̵S̲e̲t̲.̲m̲e̲m̲_̲o̲f̲P̲r̲e̲d̲_̲e̲q̲
warning: UnitDistance/Upstream/AINTLIB/CompletedZeta/PoissonSummation.lean:160:15: `Set.mem_setOf_eq` has been deprecated: Use `Set.mem_ofPred_eq` instead

Hint: Replace the deprecated name:
  S̵e̵t̵.̵m̵e̵m̵_̵s̵e̵t̵O̵f̵_̵e̵q̵S̲e̲t̲.̲m̲e̲m̲_̲o̲f̲P̲r̲e̲d̲_̲e̲q̲
warning: UnitDistance/Upstream/AINTLIB/CompletedZeta/PoissonSummation.lean:167:15: `Set.mem_setOf_eq` has been deprecated: Use `Set.mem_ofPred_eq` instead

Hint: Replace the deprecated name:
  S̵e̵t̵.̵m̵e̵m̵_̵s̵e̵t̵O̵f̵_̵e̵q̵S̲e̲t̲.̲m̲e̲m̲_̲o̲f̲P̲r̲e̲d̲_̲e̲q̲
warning: UnitDistance/Upstream/AINTLIB/CompletedZeta/PoissonSummation.lean:173:15: `Set.mem_setOf_eq` has been deprecated: Use `Set.mem_ofPred_eq` instead

Hint: Replace the deprecated name:
  S̵e̵t̵.̵m̵e̵m̵_̵s̵e̵t̵O̵f̵_̵e̵q̵S̲e̲t̲.̲m̲e̲m̲_̲o̲f̲P̲r̲e̲d̲_̲e̲q̲
warning: UnitDistance/Upstream/AINTLIB/CompletedZeta/PoissonSummation.lean:212:10: `measurableSet_setOf` has been deprecated: Use `measurableSet_setOfPred` instead

Hint: Replace the deprecated name:
  measurableSet_setOfP̲r̲e̲d̲
warning: UnitDistance/Upstream/AINTLIB/CompletedZeta/PoissonSummation.lean:399:46: `AddSubgroup.isClosed_of_discrete` has been deprecated: Use `AddSubgroup.isClosed_of_discreteTopology` instead

Hint: Replace the deprecated name:
  AddSubgroup.isClosed_of_discreteT̲o̲p̲o̲l̲o̲g̲y̲
warning: UnitDistance/Upstream/AINTLIB/CompletedZeta/PoissonSummation.lean:410:13: `Set.mem_setOf_eq` has been deprecated: Use `Set.mem_ofPred_eq` instead

Hint: Replace the deprecated name:
  S̵e̵t̵.̵m̵e̵m̵_̵s̵e̵t̵O̵f̵_̵e̵q̵S̲e̲t̲.̲m̲e̲m̲_̲o̲f̲P̲r̲e̲d̲_̲e̲q̲
warning: UnitDistance/Upstream/AINTLIB/CompletedZeta/PoissonSummation.lean:510:4: `measurableSet_setOf` has been deprecated: Use `measurableSet_setOfPred` instead

Hint: Replace the deprecated name:
  measurableSet_setOfP̲r̲e̲d̲
⚠ [4636/4701] Replayed UnitDistance.Upstream.AINTLIB.CompletedZeta.PoissonLattice
warning: UnitDistance/Upstream/AINTLIB/CompletedZeta/PoissonLattice.lean:171:85: `if_true` has been deprecated: Use `ite_true` instead

Hint: Replace the deprecated name:
  i̵f̵_̵t̵r̵u̵e̵i̲t̲e̲_̲t̲r̲u̲e̲
⚠ [4637/4701] Replayed UnitDistance.Upstream.AINTLIB.CompletedZeta.ThetaLattice
warning: UnitDistance/Upstream/AINTLIB/CompletedZeta/ThetaLattice.lean:87:46: `AddSubgroup.isClosed_of_discrete` has been deprecated: Use `AddSubgroup.isClosed_of_discreteTopology` instead

Hint: Replace the deprecated name:
  AddSubgroup.isClosed_of_discreteT̲o̲p̲o̲l̲o̲g̲y̲
warning: UnitDistance/Upstream/AINTLIB/CompletedZeta/ThetaLattice.lean:117:15: `Set.mem_setOf_eq` has been deprecated: Use `Set.mem_ofPred_eq` instead

Hint: Replace the deprecated name:
  S̵e̵t̵.̵m̵e̵m̵_̵s̵e̵t̵O̵f̵_̵e̵q̵S̲e̲t̲.̲m̲e̲m̲_̲o̲f̲P̲r̲e̲d̲_̲e̲q̲
⚠ [4639/4701] Replayed UnitDistance.Upstream.AINTLIB.CompletedZeta.HeckeTheta
warning: UnitDistance/Upstream/AINTLIB/CompletedZeta/HeckeTheta.lean:208:77: `if_pos` has been deprecated: Use `ite_eq_left` instead

Hint: Replace the deprecated name:
  i̵f̵_̵p̵o̵s̵i̲t̲e̲_̲e̲q̲_̲l̲e̲f̲t̲
warning: UnitDistance/Upstream/AINTLIB/CompletedZeta/HeckeTheta.lean:211:8: `if_neg` has been deprecated: Use `ite_eq_right` instead

Hint: Replace the deprecated name:
  i̵f̵_̵n̵e̵g̵i̲t̲e̲_̲e̲q̲_̲r̲i̲g̲h̲t̲
warning: UnitDistance/Upstream/AINTLIB/CompletedZeta/HeckeTheta.lean:332:10: `dif_pos` has been deprecated: Use `dite_eq_left` instead

Hint: Replace the deprecated name:
  d̵i̵f̵_̵p̵o̵s̵d̲i̲t̲e̲_̲e̲q̲_̲l̲e̲f̲t̲
warning: UnitDistance/Upstream/AINTLIB/CompletedZeta/HeckeTheta.lean:336:17: `dif_neg` has been deprecated: Use `dite_eq_right` instead

Hint: Replace the deprecated name:
  d̵i̵f̵_̵n̵e̵g̵d̲i̲t̲e̲_̲e̲q̲_̲r̲i̲g̲h̲t̲
warning: UnitDistance/Upstream/AINTLIB/CompletedZeta/HeckeTheta.lean:414:14: `if_pos` has been deprecated: Use `ite_eq_left` instead

Hint: Replace the deprecated name:
  i̵f̵_̵p̵o̵s̵i̲t̲e̲_̲e̲q̲_̲l̲e̲f̲t̲
warning: UnitDistance/Upstream/AINTLIB/CompletedZeta/HeckeTheta.lean:423:14: `if_neg` has been deprecated: Use `ite_eq_right` instead

Hint: Replace the deprecated name:
  i̵f̵_̵n̵e̵g̵i̲t̲e̲_̲e̲q̲_̲r̲i̲g̲h̲t̲
warning: UnitDistance/Upstream/AINTLIB/CompletedZeta/HeckeTheta.lean:481:12: `if_pos` has been deprecated: Use `ite_eq_left` instead

Hint: Replace the deprecated name:
  i̵f̵_̵p̵o̵s̵i̲t̲e̲_̲e̲q̲_̲l̲e̲f̲t̲
warning: UnitDistance/Upstream/AINTLIB/CompletedZeta/HeckeTheta.lean:490:14: `if_neg` has been deprecated: Use `ite_eq_right` instead

Hint: Replace the deprecated name:
  i̵f̵_̵n̵e̵g̵i̲t̲e̲_̲e̲q̲_̲r̲i̲g̲h̲t̲
warning: UnitDistance/Upstream/AINTLIB/CompletedZeta/HeckeTheta.lean:490:32: `if_neg` has been deprecated: Use `ite_eq_right` instead

Hint: Replace the deprecated name:
  i̵f̵_̵n̵e̵g̵i̲t̲e̲_̲e̲q̲_̲r̲i̲g̲h̲t̲
⚠ [4641/4701] Replayed UnitDistance.Upstream.AINTLIB.CompletedZeta.ThetaEstimates
warning: UnitDistance/Upstream/AINTLIB/CompletedZeta/ThetaEstimates.lean:99:10: `if_pos` has been deprecated: Use `ite_eq_left` instead

Hint: Replace the deprecated name:
  i̵f̵_̵p̵o̵s̵i̲t̲e̲_̲e̲q̲_̲l̲e̲f̲t̲
warning: UnitDistance/Upstream/AINTLIB/CompletedZeta/ThetaEstimates.lean:104:10: `if_neg` has been deprecated: Use `ite_eq_right` instead

Hint: Replace the deprecated name:
  i̵f̵_̵n̵e̵g̵i̲t̲e̲_̲e̲q̲_̲r̲i̲g̲h̲t̲
⚠ [4643/4701] Replayed UnitDistance.Upstream.AINTLIB.CompletedZeta.MellinAgreement
warning: UnitDistance/Upstream/AINTLIB/CompletedZeta/MellinAgreement.lean:350:2: Try this: 
  haveI̵

The goal is a proposition, so `have` is preferred over `haveI`.
The difference between `have` and `haveI` is that `haveI` inlines the value.
But this is not relevant for proofs because of proof irrelevance.

Note: This linter can be disabled with `set_option linter.style.haveILetI false`
warning: UnitDistance/Upstream/AINTLIB/CompletedZeta/MellinAgreement.lean:462:11: `if_neg` has been deprecated: Use `ite_eq_right` instead

Hint: Replace the deprecated name:
  i̵f̵_̵n̵e̵g̵i̲t̲e̲_̲e̲q̲_̲r̲i̲g̲h̲t̲
warning: UnitDistance/Upstream/AINTLIB/CompletedZeta/MellinAgreement.lean:466:8: `if_neg` has been deprecated: Use `ite_eq_right` instead

Hint: Replace the deprecated name:
  i̵f̵_̵n̵e̵g̵i̲t̲e̲_̲e̲q̲_̲r̲i̲g̲h̲t̲
warning: UnitDistance/Upstream/AINTLIB/CompletedZeta/MellinAgreement.lean:586:17: `if_pos` has been deprecated: Use `ite_eq_left` instead

Hint: Replace the deprecated name:
  i̵f̵_̵p̵o̵s̵i̲t̲e̲_̲e̲q̲_̲l̲e̲f̲t̲
warning: UnitDistance/Upstream/AINTLIB/CompletedZeta/MellinAgreement.lean:588:17: `if_neg` has been deprecated: Use `ite_eq_right` instead

Hint: Replace the deprecated name:
  i̵f̵_̵n̵e̵g̵i̲t̲e̲_̲e̲q̲_̲r̲i̲g̲h̲t̲
warning: UnitDistance/Upstream/AINTLIB/CompletedZeta/MellinAgreement.lean:598:10: `if_pos` has been deprecated: Use `ite_eq_left` instead

Hint: Replace the deprecated name:
  i̵f̵_̵p̵o̵s̵i̲t̲e̲_̲e̲q̲_̲l̲e̲f̲t̲
warning: UnitDistance/Upstream/AINTLIB/CompletedZeta/MellinAgreement.lean:600:20: `if_pos` has been deprecated: Use `ite_eq_left` instead

Hint: Replace the deprecated name:
  i̵f̵_̵p̵o̵s̵i̲t̲e̲_̲e̲q̲_̲l̲e̲f̲t̲
warning: UnitDistance/Upstream/AINTLIB/CompletedZeta/MellinAgreement.lean:601:10: `if_neg` has been deprecated: Use `ite_eq_right` instead

Hint: Replace the deprecated name:
  i̵f̵_̵n̵e̵g̵i̲t̲e̲_̲e̲q̲_̲r̲i̲g̲h̲t̲
warning: UnitDistance/Upstream/AINTLIB/CompletedZeta/MellinAgreement.lean:603:20: `if_neg` has been deprecated: Use `ite_eq_right` instead

Hint: Replace the deprecated name:
  i̵f̵_̵n̵e̵g̵i̲t̲e̲_̲e̲q̲_̲r̲i̲g̲h̲t̲
warning: UnitDistance/Upstream/AINTLIB/CompletedZeta/MellinAgreement.lean:701:8: `dif_neg` has been deprecated: Use `dite_eq_right` instead

Hint: Replace the deprecated name:
  d̵i̵f̵_̵n̵e̵g̵d̲i̲t̲e̲_̲e̲q̲_̲r̲i̲g̲h̲t̲
warning: UnitDistance/Upstream/AINTLIB/CompletedZeta/MellinAgreement.lean:915:4: Try this: 
  letI̵

The goal is a proposition, so `let` is preferred over `letI`.
The difference between `let` and `letI` is that `letI` inlines the value.
But this is not relevant for proofs because of proof irrelevance.

Note: This linter can be disabled with `set_option linter.style.haveILetI false`
warning: UnitDistance/Upstream/AINTLIB/CompletedZeta/MellinAgreement.lean:1376:2: Try this: 
  haveI̵

The goal is a proposition, so `have` is preferred over `haveI`.
The difference between `have` and `haveI` is that `haveI` inlines the value.
But this is not relevant for proofs because of proof irrelevance.

Note: This linter can be disabled with `set_option linter.style.haveILetI false`
warning: UnitDistance/Upstream/AINTLIB/CompletedZeta/MellinAgreement.lean:1784:14: `Ideal.finite_setOf_absNorm_eq` has been deprecated: Use `Ideal.finite_setOfPred_absNorm_eq` instead

Hint: Replace the deprecated name:
  Ideal.finite_setOfP̲r̲e̲d̲_absNorm_eq
warning: UnitDistance/Upstream/AINTLIB/CompletedZeta/MellinAgreement.lean:1783:2: Try this: 
  haveI̵

The goal is a proposition, so `have` is preferred over `haveI`.
The difference between `have` and `haveI` is that `haveI` inlines the value.
But this is not relevant for proofs because of proof irrelevance.

Note: This linter can be disabled with `set_option linter.style.haveILetI false`
warning: UnitDistance/Upstream/AINTLIB/CompletedZeta/MellinAgreement.lean:1894:10: `if_pos` has been deprecated: Use `ite_eq_left` instead

Hint: Replace the deprecated name:
  i̵f̵_̵p̵o̵s̵i̲t̲e̲_̲e̲q̲_̲l̲e̲f̲t̲
warning: UnitDistance/Upstream/AINTLIB/CompletedZeta/MellinAgreement.lean:1896:10: `if_neg` has been deprecated: Use `ite_eq_right` instead

Hint: Replace the deprecated name:
  i̵f̵_̵n̵e̵g̵i̲t̲e̲_̲e̲q̲_̲r̲i̲g̲h̲t̲
warning: UnitDistance/Upstream/AINTLIB/CompletedZeta/MellinAgreement.lean:1905:7: `Ideal.finite_setOf_absNorm_eq` has been deprecated: Use `Ideal.finite_setOfPred_absNorm_eq` instead

Hint: Replace the deprecated name:
  Ideal.finite_setOfP̲r̲e̲d̲_absNorm_eq
warning: UnitDistance/Upstream/AINTLIB/CompletedZeta/MellinAgreement.lean:1904:4: Try this: 
  haveI̵

The goal is a proposition, so `have` is preferred over `haveI`.
The difference between `have` and `haveI` is that `haveI` inlines the value.
But this is not relevant for proofs because of proof irrelevance.

Note: This linter can be disabled with `set_option linter.style.haveILetI false`
warning: UnitDistance/Upstream/AINTLIB/CompletedZeta/MellinAgreement.lean:1902:2: Try this: 
  haveI̵

The goal is a proposition, so `have` is preferred over `haveI`.
The difference between `have` and `haveI` is that `haveI` inlines the value.
But this is not relevant for proofs because of proof irrelevance.

Note: This linter can be disabled with `set_option linter.style.haveILetI false`
warning: UnitDistance/Upstream/AINTLIB/CompletedZeta/MellinAgreement.lean:1918:2: Try this: 
  haveI̵

The goal is a proposition, so `have` is preferred over `haveI`.
The difference between `have` and `haveI` is that `haveI` inlines the value.
But this is not relevant for proofs because of proof irrelevance.

Note: This linter can be disabled with `set_option linter.style.haveILetI false`
warning: UnitDistance/Upstream/AINTLIB/CompletedZeta/MellinAgreement.lean:1973:7: `Ideal.finite_setOf_absNorm_eq` has been deprecated: Use `Ideal.finite_setOfPred_absNorm_eq` instead

Hint: Replace the deprecated name:
  Ideal.finite_setOfP̲r̲e̲d̲_absNorm_eq
warning: UnitDistance/Upstream/AINTLIB/CompletedZeta/MellinAgreement.lean:1972:4: Try this: 
  haveI̵

The goal is a proposition, so `have` is preferred over `haveI`.
The difference between `have` and `haveI` is that `haveI` inlines the value.
But this is not relevant for proofs because of proof irrelevance.

Note: This linter can be disabled with `set_option linter.style.haveILetI false`
warning: UnitDistance/Upstream/AINTLIB/CompletedZeta/MellinAgreement.lean:1970:2: Try this: 
  haveI̵

The goal is a proposition, so `have` is preferred over `haveI`.
The difference between `have` and `haveI` is that `haveI` inlines the value.
But this is not relevant for proofs because of proof irrelevance.

Note: This linter can be disabled with `set_option linter.style.haveILetI false`
warning: UnitDistance/Upstream/AINTLIB/CompletedZeta/MellinAgreement.lean:1995:2: Try this: 
  haveI̵

The goal is a proposition, so `have` is preferred over `haveI`.
The difference between `have` and `haveI` is that `haveI` inlines the value.
But this is not relevant for proofs because of proof irrelevance.

Note: This linter can be disabled with `set_option linter.style.haveILetI false`
warning: UnitDistance/Upstream/AINTLIB/CompletedZeta/MellinAgreement.lean:2006:8: `if_pos` has been deprecated: Use `ite_eq_left` instead

Hint: Replace the deprecated name:
  i̵f̵_̵p̵o̵s̵i̲t̲e̲_̲e̲q̲_̲l̲e̲f̲t̲
warning: UnitDistance/Upstream/AINTLIB/CompletedZeta/MellinAgreement.lean:2007:8: `if_neg` has been deprecated: Use `ite_eq_right` instead

Hint: Replace the deprecated name:
  i̵f̵_̵n̵e̵g̵i̲t̲e̲_̲e̲q̲_̲r̲i̲g̲h̲t̲
⚠ [4644/4701] Replayed UnitDistance.Upstream.AINTLIB.CompletedZeta.Existence
warning: UnitDistance/Upstream/AINTLIB/CompletedZeta/Existence.lean:59:16: `if_pos` has been deprecated: Use `ite_eq_left` instead

Hint: Replace the deprecated name:
  i̵f̵_̵p̵o̵s̵i̲t̲e̲_̲e̲q̲_̲l̲e̲f̲t̲
warning: UnitDistance/Upstream/AINTLIB/CompletedZeta/Existence.lean:71:16: `if_neg` has been deprecated: Use `ite_eq_right` instead

Hint: Replace the deprecated name:
  i̵f̵_̵n̵e̵g̵i̲t̲e̲_̲e̲q̲_̲r̲i̲g̲h̲t̲
warning: UnitDistance/Upstream/AINTLIB/CompletedZeta/Existence.lean:242:14: `Set.mem_setOf_eq` has been deprecated: Use `Set.mem_ofPred_eq` instead

Hint: Replace the deprecated name:
  S̵e̵t̵.̵m̵e̵m̵_̵s̵e̵t̵O̵f̵_̵e̵q̵S̲e̲t̲.̲m̲e̲m̲_̲o̲f̲P̲r̲e̲d̲_̲e̲q̲
warning: UnitDistance/Upstream/AINTLIB/CompletedZeta/Existence.lean:250:14: `Set.mem_setOf_eq` has been deprecated: Use `Set.mem_ofPred_eq` instead

Hint: Replace the deprecated name:
  S̵e̵t̵.̵m̵e̵m̵_̵s̵e̵t̵O̵f̵_̵e̵q̵S̲e̲t̲.̲m̲e̲m̲_̲o̲f̲P̲r̲e̲d̲_̲e̲q̲
warning: UnitDistance/Upstream/AINTLIB/CompletedZeta/Existence.lean:369:14: `Set.mem_setOf_eq` has been deprecated: Use `Set.mem_ofPred_eq` instead

Hint: Replace the deprecated name:
  S̵e̵t̵.̵m̵e̵m̵_̵s̵e̵t̵O̵f̵_̵e̵q̵S̲e̲t̲.̲m̲e̲m̲_̲o̲f̲P̲r̲e̲d̲_̲e̲q̲
⚠ [4645/4701] Replayed UnitDistance.Upstream.AINTLIB.CompletedZeta.AnalyticControl
warning: UnitDistance/Upstream/AINTLIB/CompletedZeta/AnalyticControl.lean:244:8: `if_neg` has been deprecated: Use `ite_eq_right` instead

Hint: Replace the deprecated name:
  i̵f̵_̵n̵e̵g̵i̲t̲e̲_̲e̲q̲_̲r̲i̲g̲h̲t̲
warning: UnitDistance/Upstream/AINTLIB/CompletedZeta/AnalyticControl.lean:244:64: `if_neg` has been deprecated: Use `ite_eq_right` instead

Hint: Replace the deprecated name:
  i̵f̵_̵n̵e̵g̵i̲t̲e̲_̲e̲q̲_̲r̲i̲g̲h̲t̲
warning: UnitDistance/Upstream/AINTLIB/CompletedZeta/AnalyticControl.lean:244:76: `if_neg` has been deprecated: Use `ite_eq_right` instead

Hint: Replace the deprecated name:
  i̵f̵_̵n̵e̵g̵i̲t̲e̲_̲e̲q̲_̲r̲i̲g̲h̲t̲
warning: UnitDistance/Upstream/AINTLIB/CompletedZeta/AnalyticControl.lean:275:10: `if_neg` has been deprecated: Use `ite_eq_right` instead

Hint: Replace the deprecated name:
  i̵f̵_̵n̵e̵g̵i̲t̲e̲_̲e̲q̲_̲r̲i̲g̲h̲t̲
warning: UnitDistance/Upstream/AINTLIB/CompletedZeta/AnalyticControl.lean:479:52: `if_neg` has been deprecated: Use `ite_eq_right` instead

Hint: Replace the deprecated name:
  i̵f̵_̵n̵e̵g̵i̲t̲e̲_̲e̲q̲_̲r̲i̲g̲h̲t̲
warning: UnitDistance/Upstream/AINTLIB/CompletedZeta/AnalyticControl.lean:479:64: `if_neg` has been deprecated: Use `ite_eq_right` instead

Hint: Replace the deprecated name:
  i̵f̵_̵n̵e̵g̵i̲t̲e̲_̲e̲q̲_̲r̲i̲g̲h̲t̲
warning: UnitDistance/Upstream/AINTLIB/CompletedZeta/AnalyticControl.lean:1874:34: `if_neg` has been deprecated: Use `ite_eq_right` instead

Hint: Replace the deprecated name:
  i̵f̵_̵n̵e̵g̵i̲t̲e̲_̲e̲q̲_̲r̲i̲g̲h̲t̲
warning: UnitDistance/Upstream/AINTLIB/CompletedZeta/AnalyticControl.lean:2314:34: `if_neg` has been deprecated: Use `ite_eq_right` instead

Hint: Replace the deprecated name:
  i̵f̵_̵n̵e̵g̵i̲t̲e̲_̲e̲q̲_̲r̲i̲g̲h̲t̲
warning: UnitDistance/Upstream/AINTLIB/CompletedZeta/AnalyticControl.lean:2551:17: `Set.mem_setOf_eq` has been deprecated: Use `Set.mem_ofPred_eq` instead

Hint: Replace the deprecated name:
  S̵e̵t̵.̵m̵e̵m̵_̵s̵e̵t̵O̵f̵_̵e̵q̵S̲e̲t̲.̲m̲e̲m̲_̲o̲f̲P̲r̲e̲d̲_̲e̲q̲
⚠ [4657/4701] Replayed UnitDistance.Upstream.AINTLIB.CebotarevDensity.NumberFieldEulerProduct
warning: UnitDistance/Upstream/AINTLIB/CebotarevDensity/NumberFieldEulerProduct.lean:16:0: 'Mathlib.Data.Finite.Vector' has been deprecated: please replace this import by

import Mathlib.Data.Fintype.Vector
warning: UnitDistance/Upstream/AINTLIB/CebotarevDensity/NumberFieldEulerProduct.lean:264:7: `Ideal.finite_setOf_absNorm_eq` has been deprecated: Use `Ideal.finite_setOfPred_absNorm_eq` instead

Hint: Replace the deprecated name:
  Ideal.finite_setOfP̲r̲e̲d̲_absNorm_eq
warning: UnitDistance/Upstream/AINTLIB/CebotarevDensity/NumberFieldEulerProduct.lean:272:64: `Set.mem_setOf_eq` has been deprecated: Use `Set.mem_ofPred_eq` instead

Hint: Replace the deprecated name:
  S̵e̵t̵.̵m̵e̵m̵_̵s̵e̵t̵O̵f̵_̵e̵q̵S̲e̲t̲.̲m̲e̲m̲_̲o̲f̲P̲r̲e̲d̲_̲e̲q̲
warning: UnitDistance/Upstream/AINTLIB/CebotarevDensity/NumberFieldEulerProduct.lean:516:6: `Ideal.finite_setOf_absNorm_eq` has been deprecated: Use `Ideal.finite_setOfPred_absNorm_eq` instead

Hint: Replace the deprecated name:
  Ideal.finite_setOfP̲r̲e̲d̲_absNorm_eq
warning: UnitDistance/Upstream/AINTLIB/CebotarevDensity/NumberFieldEulerProduct.lean:598:8: `if_pos` has been deprecated: Use `ite_eq_left` instead

Hint: Replace the deprecated name:
  i̵f̵_̵p̵o̵s̵i̲t̲e̲_̲e̲q̲_̲l̲e̲f̲t̲
warning: UnitDistance/Upstream/AINTLIB/CebotarevDensity/NumberFieldEulerProduct.lean:599:10: `if_pos` has been deprecated: Use `ite_eq_left` instead

Hint: Replace the deprecated name:
  i̵f̵_̵p̵o̵s̵i̲t̲e̲_̲e̲q̲_̲l̲e̲f̲t̲
warning: UnitDistance/Upstream/AINTLIB/CebotarevDensity/NumberFieldEulerProduct.lean:601:10: `if_neg` has been deprecated: Use `ite_eq_right` instead

Hint: Replace the deprecated name:
  i̵f̵_̵n̵e̵g̵i̲t̲e̲_̲e̲q̲_̲r̲i̲g̲h̲t̲
warning: UnitDistance/Upstream/AINTLIB/CebotarevDensity/NumberFieldEulerProduct.lean:603:8: `if_neg` has been deprecated: Use `ite_eq_right` instead

Hint: Replace the deprecated name:
  i̵f̵_̵n̵e̵g̵i̲t̲e̲_̲e̲q̲_̲r̲i̲g̲h̲t̲
warning: UnitDistance/Upstream/AINTLIB/CebotarevDensity/NumberFieldEulerProduct.lean:605:8: `if_neg` has been deprecated: Use `ite_eq_right` instead

Hint: Replace the deprecated name:
  i̵f̵_̵n̵e̵g̵i̲t̲e̲_̲e̲q̲_̲r̲i̲g̲h̲t̲
warning: UnitDistance/Upstream/AINTLIB/CebotarevDensity/NumberFieldEulerProduct.lean:639:50: `dif_pos` has been deprecated: Use `dite_eq_left` instead

Hint: Replace the deprecated name:
  d̵i̵f̵_̵p̵o̵s̵d̲i̲t̲e̲_̲e̲q̲_̲l̲e̲f̲t̲
warning: UnitDistance/Upstream/AINTLIB/CebotarevDensity/NumberFieldEulerProduct.lean:641:53: `if_pos` has been deprecated: Use `ite_eq_left` instead

Hint: Replace the deprecated name:
  i̵f̵_̵p̵o̵s̵i̲t̲e̲_̲e̲q̲_̲l̲e̲f̲t̲
warning: UnitDistance/Upstream/AINTLIB/CebotarevDensity/NumberFieldEulerProduct.lean:641:65: `dif_pos` has been deprecated: Use `dite_eq_left` instead

Hint: Replace the deprecated name:
  d̵i̵f̵_̵p̵o̵s̵d̲i̲t̲e̲_̲e̲q̲_̲l̲e̲f̲t̲
⚠ [4658/4701] Replayed UnitDistance.Upstream.AINTLIB.ExplicitFormula.ZeroCapture
warning: UnitDistance/Upstream/AINTLIB/ExplicitFormula/ZeroCapture.lean:324:10: `if_pos` has been deprecated: Use `ite_eq_left` instead

Hint: Replace the deprecated name:
  i̵f̵_̵p̵o̵s̵i̲t̲e̲_̲e̲q̲_̲l̲e̲f̲t̲
warning: UnitDistance/Upstream/AINTLIB/ExplicitFormula/ZeroCapture.lean:328:10: `if_neg` has been deprecated: Use `ite_eq_right` instead

Hint: Replace the deprecated name:
  i̵f̵_̵n̵e̵g̵i̲t̲e̲_̲e̲q̲_̲r̲i̲g̲h̲t̲
warning: UnitDistance/Upstream/AINTLIB/ExplicitFormula/ZeroCapture.lean:379:8: `if_pos` has been deprecated: Use `ite_eq_left` instead

Hint: Replace the deprecated name:
  i̵f̵_̵p̵o̵s̵i̲t̲e̲_̲e̲q̲_̲l̲e̲f̲t̲
warning: UnitDistance/Upstream/AINTLIB/ExplicitFormula/ZeroCapture.lean:381:8: `if_neg` has been deprecated: Use `ite_eq_right` instead

Hint: Replace the deprecated name:
  i̵f̵_̵n̵e̵g̵i̲t̲e̲_̲e̲q̲_̲r̲i̲g̲h̲t̲
warning: UnitDistance/Upstream/AINTLIB/ExplicitFormula/ZeroCapture.lean:628:8: `if_pos` has been deprecated: Use `ite_eq_left` instead

Hint: Replace the deprecated name:
  i̵f̵_̵p̵o̵s̵i̲t̲e̲_̲e̲q̲_̲l̲e̲f̲t̲
warning: UnitDistance/Upstream/AINTLIB/ExplicitFormula/ZeroCapture.lean:632:8: `if_neg` has been deprecated: Use `ite_eq_right` instead

Hint: Replace the deprecated name:
  i̵f̵_̵n̵e̵g̵i̲t̲e̲_̲e̲q̲_̲r̲i̲g̲h̲t̲
⚠ [4659/4701] Replayed UnitDistance.Upstream.AINTLIB.ExplicitFormula.PrimeSide
warning: UnitDistance/Upstream/AINTLIB/ExplicitFormula/PrimeSide.lean:568:45: `Set.mem_setOf_eq` has been deprecated: Use `Set.mem_ofPred_eq` instead

Hint: Replace the deprecated name:
  S̵e̵t̵.̵m̵e̵m̵_̵s̵e̵t̵O̵f̵_̵e̵q̵S̲e̲t̲.̲m̲e̲m̲_̲o̲f̲P̲r̲e̲d̲_̲e̲q̲
warning: UnitDistance/Upstream/AINTLIB/ExplicitFormula/PrimeSide.lean:572:42: `Ideal.finite_setOf_absNorm_eq` has been deprecated: Use `Ideal.finite_setOfPred_absNorm_eq` instead

Hint: Replace the deprecated name:
  Ideal.finite_setOfP̲r̲e̲d̲_absNorm_eq
⚠ [4660/4701] Replayed UnitDistance.TsfasmanVladutHalfProfile
warning: UnitDistance/TsfasmanVladutHalfProfile.lean:79:45: Variable name `hx` is not explicitly referenced.

Hint: The binding can be removed (if unused) or named `_` (if used implicitly). Alternatively, prefix the name with `_` to silence this warning:
  [apply] _hx

Note: This linter can be disabled with `set_option linter.unusedVariables false`
⚠ [4670/4701] Replayed UnitDistance.Upstream.AINTLIB.Lemma2
warning: UnitDistance/Upstream/AINTLIB/Lemma2.lean:583:12: `if_neg` has been deprecated: Use `ite_eq_right` instead

Hint: Replace the deprecated name:
  i̵f̵_̵n̵e̵g̵i̲t̲e̲_̲e̲q̲_̲r̲i̲g̲h̲t̲
⚠ [4671/4701] Replayed UnitDistance.Upstream.AINTLIB.ExplicitFormula.AuxAdmissible
warning: UnitDistance/Upstream/AINTLIB/ExplicitFormula/AuxAdmissible.lean:54:8: `if_pos` has been deprecated: Use `ite_eq_left` instead

Hint: Replace the deprecated name:
  i̵f̵_̵p̵o̵s̵i̲t̲e̲_̲e̲q̲_̲l̲e̲f̲t̲
warning: UnitDistance/Upstream/AINTLIB/ExplicitFormula/AuxAdmissible.lean:58:8: `if_neg` has been deprecated: Use `ite_eq_right` instead

Hint: Replace the deprecated name:
  i̵f̵_̵n̵e̵g̵i̲t̲e̲_̲e̲q̲_̲r̲i̲g̲h̲t̲
warning: UnitDistance/Upstream/AINTLIB/ExplicitFormula/AuxAdmissible.lean:107:12: `if_neg` has been deprecated: Use `ite_eq_right` instead

Hint: Replace the deprecated name:
  i̵f̵_̵n̵e̵g̵i̲t̲e̲_̲e̲q̲_̲r̲i̲g̲h̲t̲
warning: UnitDistance/Upstream/AINTLIB/ExplicitFormula/AuxAdmissible.lean:185:8: `if_pos` has been deprecated: Use `ite_eq_left` instead

Hint: Replace the deprecated name:
  i̵f̵_̵p̵o̵s̵i̲t̲e̲_̲e̲q̲_̲l̲e̲f̲t̲
warning: UnitDistance/Upstream/AINTLIB/ExplicitFormula/AuxAdmissible.lean:204:8: `if_neg` has been deprecated: Use `ite_eq_right` instead

Hint: Replace the deprecated name:
  i̵f̵_̵n̵e̵g̵i̲t̲e̲_̲e̲q̲_̲r̲i̲g̲h̲t̲
warning: UnitDistance/Upstream/AINTLIB/ExplicitFormula/AuxAdmissible.lean:227:28: `Set.setOf_eq_eq_singleton` has been deprecated: Use `Set.ofPred_eq_eq_singleton` instead

Hint: Replace the deprecated name:
  S̵e̵t̵.̵s̵e̵t̵O̵f̵_̵e̵q̵_̵e̵q̵_̵s̵i̵n̵g̵l̵e̵t̵o̵n̵S̲e̲t̲.̲o̲f̲P̲r̲e̲d̲_̲e̲q̲_̲e̲q̲_̲s̲i̲n̲g̲l̲e̲t̲o̲n̲
warning: UnitDistance/Upstream/AINTLIB/ExplicitFormula/AuxAdmissible.lean:230:10: `if_pos` has been deprecated: Use `ite_eq_left` instead

Hint: Replace the deprecated name:
  i̵f̵_̵p̵o̵s̵i̲t̲e̲_̲e̲q̲_̲l̲e̲f̲t̲
warning: UnitDistance/Upstream/AINTLIB/ExplicitFormula/AuxAdmissible.lean:239:10: `if_neg` has been deprecated: Use `ite_eq_right` instead

Hint: Replace the deprecated name:
  i̵f̵_̵n̵e̵g̵i̲t̲e̲_̲e̲q̲_̲r̲i̲g̲h̲t̲
warning: UnitDistance/Upstream/AINTLIB/ExplicitFormula/AuxAdmissible.lean:383:14: `if_neg` has been deprecated: Use `ite_eq_right` instead

Hint: Replace the deprecated name:
  i̵f̵_̵n̵e̵g̵i̲t̲e̲_̲e̲q̲_̲r̲i̲g̲h̲t̲
warning: UnitDistance/Upstream/AINTLIB/ExplicitFormula/AuxAdmissible.lean:524:26: `Set.setOf_eq_eq_singleton` has been deprecated: Use `Set.ofPred_eq_eq_singleton` instead

Hint: Replace the deprecated name:
  S̵e̵t̵.̵s̵e̵t̵O̵f̵_̵e̵q̵_̵e̵q̵_̵s̵i̵n̵g̵l̵e̵t̵o̵n̵S̲e̲t̲.̲o̲f̲P̲r̲e̲d̲_̲e̲q̲_̲e̲q̲_̲s̲i̲n̲g̲l̲e̲t̲o̲n̲
warning: UnitDistance/Upstream/AINTLIB/ExplicitFormula/AuxAdmissible.lean:527:8: `if_pos` has been deprecated: Use `ite_eq_left` instead

Hint: Replace the deprecated name:
  i̵f̵_̵p̵o̵s̵i̲t̲e̲_̲e̲q̲_̲l̲e̲f̲t̲
warning: UnitDistance/Upstream/AINTLIB/ExplicitFormula/AuxAdmissible.lean:544:8: `if_neg` has been deprecated: Use `ite_eq_right` instead

Hint: Replace the deprecated name:
  i̵f̵_̵n̵e̵g̵i̲t̲e̲_̲e̲q̲_̲r̲i̲g̲h̲t̲
warning: UnitDistance/Upstream/AINTLIB/ExplicitFormula/AuxAdmissible.lean:561:8: `if_pos` has been deprecated: Use `ite_eq_left` instead

Hint: Replace the deprecated name:
  i̵f̵_̵p̵o̵s̵i̲t̲e̲_̲e̲q̲_̲l̲e̲f̲t̲
warning: UnitDistance/Upstream/AINTLIB/ExplicitFormula/AuxAdmissible.lean:572:8: `if_neg` has been deprecated: Use `ite_eq_right` instead

Hint: Replace the deprecated name:
  i̵f̵_̵n̵e̵g̵i̲t̲e̲_̲e̲q̲_̲r̲i̲g̲h̲t̲
⚠ [4676/4701] Replayed UnitDistance.TsfasmanVladutDecay
warning: UnitDistance/TsfasmanVladutDecay.lean:42:35: this tactic is never executed

Note: This linter can be disabled with `set_option linter.unreachableTactic false`
warning: UnitDistance/TsfasmanVladutDecay.lean:42:35: Unused tactic linter: `ring` does nothing

Note: This linter can be disabled with `set_option linter.unusedTactic false`
warning: UnitDistance/TsfasmanVladutDecay.lean:66:6: `simp` already closes the goal

Hint: Use `simp` instead of `simpa`:
  [apply] simp

Note: This linter can be disabled with `set_option linter.unnecessarySimpa false`
info: UnitDistance/TsfasmanVladutDecay.lean:76:25: Try this:
  [apply] ring_nf
  
  The `ring` tactic failed to close the goal. Use `ring_nf` to obtain a normal form.
    
  Note that `ring` works primarily in *commutative* rings. If you have a noncommutative ring, abelian group or module, consider using `noncomm_ring`, `abel` or `module` instead.
warning: UnitDistance/TsfasmanVladutDecay.lean:76:21: Used `tac1 <;> tac2` where `(tac1; tac2)` would suffice

Note: This linter can be disabled with `set_option linter.unnecessarySeqFocus false`
⚠ [4683/4701] Replayed UnitDistance.KummerInvariantRadicand
warning: UnitDistance/KummerInvariantRadicand.lean:65:53: This simp argument is unused:
  map_zero

Hint: Omit it from the simp argument list.
  [apply] simp only [re_mul, im_mul, map_add, map_mul, zero_mul, add_zero]

Note: This linter can be disabled with `set_option linter.unusedSimpArgs false`
warning: UnitDistance/KummerInvariantRadicand.lean:70:49: This simp argument is unused:
  AlgEquiv.commutes

Hint: Omit it from the simp argument list.
  [apply] simp [Algebra.algebraMap_eq_smul_one]

Note: This linter can be disabled with `set_option linter.unusedSimpArgs false`
warning: UnitDistance/KummerInvariantRadicand.lean:144:2: Try this: 
  letI̵

The goal is a proposition, so `let` is preferred over `letI`.
The difference between `let` and `letI` is that `letI` inlines the value.
But this is not relevant for proofs because of proof irrelevance.

Note: This linter can be disabled with `set_option linter.style.haveILetI false`
warning: UnitDistance/KummerInvariantRadicand.lean:179:2: Try this: 
  letI̵

The goal is a proposition, so `let` is preferred over `letI`.
The difference between `let` and `letI` is that `letI` inlines the value.
But this is not relevant for proofs because of proof irrelevance.

Note: This linter can be disabled with `set_option linter.style.haveILetI false`
warning: UnitDistance/KummerInvariantRadicand.lean:180:2: Try this: 
  letI̵

The goal is a proposition, so `let` is preferred over `letI`.
The difference between `let` and `letI` is that `letI` inlines the value.
But this is not relevant for proofs because of proof irrelevance.

Note: This linter can be disabled with `set_option linter.style.haveILetI false`
⚠ [4684/4701] Replayed UnitDistance.GaussianQuadraticOrder
warning: UnitDistance/GaussianQuadraticOrder.lean:48:1: automatically included section variable(s) unused in theorem `UnitDistance.GaussianQuadraticOrder.double_coordinates`:
  [IsDomain R]
consider restructuring your `variable` declarations so that the variables are not in scope or explicitly omit them:
  omit [IsDomain R] in theorem ...

Note: This linter can be disabled with `set_option linter.unusedSectionVars false`
warning: UnitDistance/GaussianQuadraticOrder.lean:63:8: automatically included section variable(s) unused in theorem `UnitDistance.GaussianQuadraticOrder.integralRoot_coe`:
  [NumberField F]
consider restructuring your `variable` declarations so that the variables are not in scope or explicitly omit them:
  omit [NumberField F] in theorem ...

Note: This linter can be disabled with `set_option linter.unusedSectionVars false`
⚠ [4686/4748] Replayed UnitDistance.Upstream.AINTLIB.ExplicitFormula.FourierJordan
warning: UnitDistance/Upstream/AINTLIB/ExplicitFormula/FourierJordan.lean:499:31: `Set.setOf_eq_eq_singleton` has been deprecated: Use `Set.ofPred_eq_eq_singleton` instead

Hint: Replace the deprecated name:
  S̵e̵t̵.̵s̵e̵t̵O̵f̵_̵e̵q̵_̵e̵q̵_̵s̵i̵n̵g̵l̵e̵t̵o̵n̵S̲e̲t̲.̲o̲f̲P̲r̲e̲d̲_̲e̲q̲_̲e̲q̲_̲s̲i̲n̲g̲l̲e̲t̲o̲n̲
warning: UnitDistance/Upstream/AINTLIB/ExplicitFormula/FourierJordan.lean:749:15: `Set.mem_setOf_eq` has been deprecated: Use `Set.mem_ofPred_eq` instead

Hint: Replace the deprecated name:
  S̵e̵t̵.̵m̵e̵m̵_̵s̵e̵t̵O̵f̵_̵e̵q̵S̲e̲t̲.̲m̲e̲m̲_̲o̲f̲P̲r̲e̲d̲_̲e̲q̲
warning: UnitDistance/Upstream/AINTLIB/ExplicitFormula/FourierJordan.lean:1032:12: `if_pos` has been deprecated: Use `ite_eq_left` instead

Hint: Replace the deprecated name:
  i̵f̵_̵p̵o̵s̵i̲t̲e̲_̲e̲q̲_̲l̲e̲f̲t̲
warning: UnitDistance/Upstream/AINTLIB/ExplicitFormula/FourierJordan.lean:1032:23: `if_pos` has been deprecated: Use `ite_eq_left` instead

Hint: Replace the deprecated name:
  i̵f̵_̵p̵o̵s̵i̲t̲e̲_̲e̲q̲_̲l̲e̲f̲t̲
warning: UnitDistance/Upstream/AINTLIB/ExplicitFormula/FourierJordan.lean:1033:12: `if_neg` has been deprecated: Use `ite_eq_right` instead

Hint: Replace the deprecated name:
  i̵f̵_̵n̵e̵g̵i̲t̲e̲_̲e̲q̲_̲r̲i̲g̲h̲t̲
warning: UnitDistance/Upstream/AINTLIB/ExplicitFormula/FourierJordan.lean:1033:23: `if_neg` has been deprecated: Use `ite_eq_right` instead

Hint: Replace the deprecated name:
  i̵f̵_̵n̵e̵g̵i̲t̲e̲_̲e̲q̲_̲r̲i̲g̲h̲t̲
⚠ [4687/4748] Replayed UnitDistance.Upstream.AINTLIB.ExplicitFormula.GammaSide
warning: UnitDistance/Upstream/AINTLIB/ExplicitFormula/GammaSide.lean:17:0: 'Mathlib.Data.Real.Sign' has been deprecated: please replace this import by

import Mathlib.Basic.Real.Sign
warning: UnitDistance/Upstream/AINTLIB/ExplicitFormula/GammaSide.lean:1228:33: `Set.setOf_eq_eq_singleton` has been deprecated: Use `Set.ofPred_eq_eq_singleton` instead

Hint: Replace the deprecated name:
  S̵e̵t̵.̵s̵e̵t̵O̵f̵_̵e̵q̵_̵e̵q̵_̵s̵i̵n̵g̵l̵e̵t̵o̵n̵S̲e̲t̲.̲o̲f̲P̲r̲e̲d̲_̲e̲q̲_̲e̲q̲_̲s̲i̲n̲g̲l̲e̲t̲o̲n̲
warning: UnitDistance/Upstream/AINTLIB/ExplicitFormula/GammaSide.lean:1376:35: `Set.setOf_eq_eq_singleton` has been deprecated: Use `Set.ofPred_eq_eq_singleton` instead

Hint: Replace the deprecated name:
  S̵e̵t̵.̵s̵e̵t̵O̵f̵_̵e̵q̵_̵e̵q̵_̵s̵i̵n̵g̵l̵e̵t̵o̵n̵S̲e̲t̲.̲o̲f̲P̲r̲e̲d̲_̲e̲q̲_̲e̲q̲_̲s̲i̲n̲g̲l̲e̲t̲o̲n̲
warning: UnitDistance/Upstream/AINTLIB/ExplicitFormula/GammaSide.lean:1530:33: `Set.setOf_eq_eq_singleton` has been deprecated: Use `Set.ofPred_eq_eq_singleton` instead

Hint: Replace the deprecated name:
  S̵e̵t̵.̵s̵e̵t̵O̵f̵_̵e̵q̵_̵e̵q̵_̵s̵i̵n̵g̵l̵e̵t̵o̵n̵S̲e̲t̲.̲o̲f̲P̲r̲e̲d̲_̲e̲q̲_̲e̲q̲_̲s̲i̲n̲g̲l̲e̲t̲o̲n̲
warning: UnitDistance/Upstream/AINTLIB/ExplicitFormula/GammaSide.lean:2649:31: `Set.setOf_eq_eq_singleton` has been deprecated: Use `Set.ofPred_eq_eq_singleton` instead

Hint: Replace the deprecated name:
  S̵e̵t̵.̵s̵e̵t̵O̵f̵_̵e̵q̵_̵e̵q̵_̵s̵i̵n̵g̵l̵e̵t̵o̵n̵S̲e̲t̲.̲o̲f̲P̲r̲e̲d̲_̲e̲q̲_̲e̲q̲_̲s̲i̲n̲g̲l̲e̲t̲o̲n̲
warning: UnitDistance/Upstream/AINTLIB/ExplicitFormula/GammaSide.lean:4287:8: `Set.mem_setOf_eq` has been deprecated: Use `Set.mem_ofPred_eq` instead

Hint: Replace the deprecated name:
  S̵e̵t̵.̵m̵e̵m̵_̵s̵e̵t̵O̵f̵_̵e̵q̵S̲e̲t̲.̲m̲e̲m̲_̲o̲f̲P̲r̲e̲d̲_̲e̲q̲
⚠ [4688/4748] Replayed UnitDistance.Upstream.AINTLIB.ExplicitFormula.WeilAssembly
warning: UnitDistance/Upstream/AINTLIB/ExplicitFormula/WeilAssembly.lean:13:0: 'Mathlib.Data.Real.Sign' has been deprecated: please replace this import by

import Mathlib.Basic.Real.Sign
warning: UnitDistance/Upstream/AINTLIB/ExplicitFormula/WeilAssembly.lean:1995:18: `if_pos` has been deprecated: Use `ite_eq_left` instead

Hint: Replace the deprecated name:
  i̵f̵_̵p̵o̵s̵i̲t̲e̲_̲e̲q̲_̲l̲e̲f̲t̲
⚠ [4698/4748] Replayed UnitDistance.QuotientPolynomialCorrespondence
warning: UnitDistance/QuotientPolynomialCorrespondence.lean:44:2: Try this: 
  letI̵

The goal is a proposition, so `let` is preferred over `letI`.
The difference between `let` and `letI` is that `letI` inlines the value.
But this is not relevant for proofs because of proof irrelevance.

Note: This linter can be disabled with `set_option linter.style.haveILetI false`
⚠ [4700/4748] Replayed UnitDistance.FiniteGaussianEuler
warning: UnitDistance/FiniteGaussianEuler.lean:3:0: 'Mathlib.Data.Complex.Basic' has been deprecated: please replace this import by

import Mathlib.Basic.Complex.Basic
⚠ [4704/4748] Replayed UnitDistance.HeckeNormCharacter
warning: UnitDistance/HeckeNormCharacter.lean:46:47: `if_neg` has been deprecated: Use `ite_eq_right` instead

Hint: Replace the deprecated name:
  i̵f̵_̵n̵e̵g̵i̲t̲e̲_̲e̲q̲_̲r̲i̲g̲h̲t̲
warning: UnitDistance/HeckeNormCharacter.lean:50:47: `if_pos` has been deprecated: Use `ite_eq_left` instead

Hint: Replace the deprecated name:
  i̵f̵_̵p̵o̵s̵i̲t̲e̲_̲e̲q̲_̲l̲e̲f̲t̲
⚠ [4705/4748] Replayed UnitDistance.GaussianPrimeFactors
warning: UnitDistance/GaussianPrimeFactors.lean:28:0: automatically included section variable(s) unused in theorem `UnitDistance.GaussianQuadraticOrder.primeMap_ne_bot`:
  [NumberField F]
  [P.IsMaximal]
consider restructuring your `variable` declarations so that the variables are not in scope or explicitly omit them:
  omit [NumberField F] [P.IsMaximal] in theorem ...

Note: This linter can be disabled with `set_option linter.unusedSectionVars false`
warning: UnitDistance/GaussianPrimeFactors.lean:32:0: automatically included section variable(s) unused in theorem `UnitDistance.GaussianQuadraticOrder.residuePolynomial_ne_zero`:
  [NumberField F]
  [Fact (KummerInvariant.Nonsquare (-1))]
consider restructuring your `variable` declarations so that the variables are not in scope or explicitly omit them:
  omit [NumberField F] [Fact (KummerInvariant.Nonsquare (-1))] in theorem ...

Note: This linter can be disabled with `set_option linter.unusedSectionVars false`
warning: UnitDistance/GaussianPrimeFactors.lean:48:0: automatically included section variable(s) unused in theorem `UnitDistance.GaussianQuadraticOrder.residue_ringChar_ne_two`:
  [NumberField F]
  [Fact (KummerInvariant.Nonsquare (-1))]
  [P.IsMaximal]
consider restructuring your `variable` declarations so that the variables are not in scope or explicitly omit them:
  omit [NumberField F] [Fact (KummerInvariant.Nonsquare (-1))] [P.IsMaximal] in theorem ...

Note: This linter can be disabled with `set_option linter.unusedSectionVars false`
warning: UnitDistance/GaussianPrimeFactors.lean:64:2: Try this: 
  letI̵

The goal is a proposition, so `let` is preferred over `letI`.
The difference between `let` and `letI` is that `letI` inlines the value.
But this is not relevant for proofs because of proof irrelevance.

Note: This linter can be disabled with `set_option linter.style.haveILetI false`
⚠ [4706/4748] Replayed UnitDistance.GaloisConjugationFixedField
warning: UnitDistance/GaloisConjugationFixedField.lean:144:22: `IsAlgClosed.surjective_restrictDomain_of_isAlgebraic` has been deprecated: Use `IsAlgClosed.surjective_domRestrict_of_isAlgebraic` instead

Hint: Replace the deprecated name:
  I̵s̵A̵l̵g̵C̵l̵o̵s̵e̵d̵.̵s̵u̵r̵j̵e̵c̵t̵i̵v̵e̵_̵r̵e̵s̵t̵r̵i̵c̵t̵D̵o̵m̵a̵i̵n̵_̵o̵f̵_̵i̵s̵A̵l̵g̵e̵b̵r̵a̵i̵c̵I̲s̲A̲l̲g̲C̲l̲o̲s̲e̲d̲.̲s̲u̲r̲j̲e̲c̲t̲i̲v̲e̲_̲d̲o̲m̲R̲e̲s̲t̲r̲i̲c̲t̲_̲o̲f̲_̲i̲s̲A̲l̲g̲e̲b̲r̲a̲i̲c̲
warning: UnitDistance/GaloisConjugationFixedField.lean:203:2: Try this: 
  letI̵

The goal is a proposition, so `let` is preferred over `letI`.
The difference between `let` and `letI` is that `letI` inlines the value.
But this is not relevant for proofs because of proof irrelevance.

Note: This linter can be disabled with `set_option linter.style.haveILetI false`
warning: UnitDistance/GaloisConjugationFixedField.lean:325:0: automatically included section variable(s) unused in theorem `UnitDistance.GaloisConjugation.not_isReal_of_sqrt_neg_one`:
  [IsGalois ℚ K]
consider restructuring your `variable` declarations so that the variables are not in scope or explicitly omit them:
  omit [IsGalois ℚ K] in theorem ...

Note: This linter can be disabled with `set_option linter.unusedSectionVars false`
⚠ [4707/4748] Replayed UnitDistance.ConjugationQuadraticPresentation
warning: UnitDistance/ConjugationQuadraticPresentation.lean:29:8: automatically included section variable(s) unused in theorem `UnitDistance.ConjugationQuadratic.imaginaryHom_root`:
  [CharZero F]
consider restructuring your `variable` declarations so that the variables are not in scope or explicitly omit them:
  omit [CharZero F] in theorem ...

Note: This linter can be disabled with `set_option linter.unusedSectionVars false`
warning: UnitDistance/ConjugationQuadraticPresentation.lean:82:2: Try this: 
  letI̵

The goal is a proposition, so `let` is preferred over `letI`.
The difference between `let` and `letI` is that `letI` inlines the value.
But this is not relevant for proofs because of proof irrelevance.

Note: This linter can be disabled with `set_option linter.style.haveILetI false`
⚠ [4710/4748] Replayed UnitDistance.PrimeFiberFactors
warning: UnitDistance/PrimeFiberFactors.lean:43:2: Try this: 
  letI̵

The goal is a proposition, so `let` is preferred over `letI`.
The difference between `let` and `letI` is that `letI` inlines the value.
But this is not relevant for proofs because of proof irrelevance.

Note: This linter can be disabled with `set_option linter.style.haveILetI false`
⚠ [4712/4748] Replayed UnitDistance.SignedArchimedeanNorm
warning: UnitDistance/SignedArchimedeanNorm.lean:5:0: 'Mathlib.Data.Sign.Basic' has been deprecated: please replace this import by

import Mathlib.Basic.Sign.Basic
warning: UnitDistance/SignedArchimedeanNorm.lean:41:8: `dif_pos` has been deprecated: Use `dite_eq_left` instead

Hint: Replace the deprecated name:
  d̵i̵f̵_̵p̵o̵s̵d̲i̲t̲e̲_̲e̲q̲_̲l̲e̲f̲t̲
warning: UnitDistance/SignedArchimedeanNorm.lean:44:8: `dif_neg` has been deprecated: Use `dite_eq_right` instead

Hint: Replace the deprecated name:
  d̵i̵f̵_̵n̵e̵g̵d̲i̲t̲e̲_̲e̲q̲_̲r̲i̲g̲h̲t̲
⚠ [4718/4748] Replayed UnitDistance.QuadraticSevenNormCongruence
warning: UnitDistance/QuadraticSevenNormCongruence.lean:79:2: Try this: 
  letI̵

The goal is a proposition, so `let` is preferred over `letI`.
The difference between `let` and `letI` is that `letI` inlines the value.
But this is not relevant for proofs because of proof irrelevance.

Note: This linter can be disabled with `set_option linter.style.haveILetI false`
warning: UnitDistance/QuadraticSevenNormCongruence.lean:80:2: Try this: 
  letI̵

The goal is a proposition, so `let` is preferred over `letI`.
The difference between `let` and `letI` is that `letI` inlines the value.
But this is not relevant for proofs because of proof irrelevance.

Note: This linter can be disabled with `set_option linter.style.haveILetI false`
warning: UnitDistance/QuadraticSevenNormCongruence.lean:87:2: Try this: 
  letI̵

The goal is a proposition, so `let` is preferred over `letI`.
The difference between `let` and `letI` is that `letI` inlines the value.
But this is not relevant for proofs because of proof irrelevance.

Note: This linter can be disabled with `set_option linter.style.haveILetI false`
warning: UnitDistance/QuadraticSevenNormCongruence.lean:88:2: Try this: 
  letI̵

The goal is a proposition, so `let` is preferred over `letI`.
The difference between `let` and `letI` is that `letI` inlines the value.
But this is not relevant for proofs because of proof irrelevance.

Note: This linter can be disabled with `set_option linter.style.haveILetI false`
⚠ [4720/4748] Replayed UnitDistance.HeckeSignedSeries
warning: UnitDistance/HeckeSignedSeries.lean:44:41: Variable name `hs` is not explicitly referenced.

Hint: The binding can be removed (if unused) or named `_` (if used implicitly). Alternatively, prefix the name with `_` to silence this warning:
  [apply] _hs

Note: This linter can be disabled with `set_option linter.unusedVariables false`
⚠ [4721/4748] Replayed UnitDistance.HeckeNormCharacterEuler
warning: UnitDistance/HeckeNormCharacterEuler.lean:116:50: `if_neg` has been deprecated: Use `ite_eq_right` instead

Hint: Replace the deprecated name:
  i̵f̵_̵n̵e̵g̵i̲t̲e̲_̲e̲q̲_̲r̲i̲g̲h̲t̲
warning: UnitDistance/HeckeNormCharacterEuler.lean:116:79: `if_pos` has been deprecated: Use `ite_eq_left` instead

Hint: Replace the deprecated name:
  i̵f̵_̵p̵o̵s̵i̲t̲e̲_̲e̲q̲_̲l̲e̲f̲t̲
warning: UnitDistance/HeckeNormCharacterEuler.lean:120:50: `if_neg` has been deprecated: Use `ite_eq_right` instead

Hint: Replace the deprecated name:
  i̵f̵_̵n̵e̵g̵i̲t̲e̲_̲e̲q̲_̲r̲i̲g̲h̲t̲
warning: UnitDistance/HeckeNormCharacterEuler.lean:120:79: `if_neg` has been deprecated: Use `ite_eq_right` instead

Hint: Replace the deprecated name:
  i̵f̵_̵n̵e̵g̵i̲t̲e̲_̲e̲q̲_̲r̲i̲g̲h̲t̲
⚠ [4723/4748] Replayed UnitDistance.RelativeHeckeNormalization
warning: UnitDistance/RelativeHeckeNormalization.lean:124:56: `if_neg` has been deprecated: Use `ite_eq_right` instead

Hint: Replace the deprecated name:
  i̵f̵_̵n̵e̵g̵i̲t̲e̲_̲e̲q̲_̲r̲i̲g̲h̲t̲
⚠ [4725/4748] Replayed UnitDistance.EntireReflectionGlue
warning: UnitDistance/EntireReflectionGlue.lean:59:34: `if_pos` has been deprecated: Use `ite_eq_left` instead

Hint: Replace the deprecated name:
  i̵f̵_̵p̵o̵s̵i̲t̲e̲_̲e̲q̲_̲l̲e̲f̲t̲
warning: UnitDistance/EntireReflectionGlue.lean:67:36: `if_neg` has been deprecated: Use `ite_eq_right` instead

Hint: Replace the deprecated name:
  i̵f̵_̵n̵e̵g̵i̲t̲e̲_̲e̲q̲_̲r̲i̲g̲h̲t̲
⚠ [4727/4748] Replayed UnitDistance.ClassGroupCoprime
warning: UnitDistance/ClassGroupCoprime.lean:61:2: Try this: 
  letI̵

The goal is a proposition, so `let` is preferred over `letI`.
The difference between `let` and `letI` is that `letI` inlines the value.
But this is not relevant for proofs because of proof irrelevance.

Note: This linter can be disabled with `set_option linter.style.haveILetI false`
warning: UnitDistance/ClassGroupCoprime.lean:94:2: Try this: 
  letI̵

The goal is a proposition, so `let` is preferred over `letI`.
The difference between `let` and `letI` is that `letI` inlines the value.
But this is not relevant for proofs because of proof irrelevance.

Note: This linter can be disabled with `set_option linter.style.haveILetI false`
⚠ [4728/4748] Replayed UnitDistance.OddNormDyadicIdeals
warning: UnitDistance/OddNormDyadicIdeals.lean:36:2: Try this: 
  letI̵

The goal is a proposition, so `let` is preferred over `letI`.
The difference between `let` and `letI` is that `letI` inlines the value.
But this is not relevant for proofs because of proof irrelevance.

Note: This linter can be disabled with `set_option linter.style.haveILetI false`
⚠ [4730/4748] Replayed UnitDistance.QuadraticUnramifiedEuler
warning: UnitDistance/QuadraticUnramifiedEuler.lean:30:4: Try this: 
  haveI̵

The goal is a proposition, so `have` is preferred over `haveI`.
The difference between `have` and `haveI` is that `haveI` inlines the value.
But this is not relevant for proofs because of proof irrelevance.

Note: This linter can be disabled with `set_option linter.style.haveILetI false`
warning: UnitDistance/QuadraticUnramifiedEuler.lean:74:2: Try this: 
  letI̵

The goal is a proposition, so `let` is preferred over `letI`.
The difference between `let` and `letI` is that `letI` inlines the value.
But this is not relevant for proofs because of proof irrelevance.

Note: This linter can be disabled with `set_option linter.style.haveILetI false`
warning: UnitDistance/QuadraticUnramifiedEuler.lean:75:2: Try this: 
  letI̵

The goal is a proposition, so `let` is preferred over `letI`.
The difference between `let` and `letI` is that `letI` inlines the value.
But this is not relevant for proofs because of proof irrelevance.

Note: This linter can be disabled with `set_option linter.style.haveILetI false`
warning: UnitDistance/QuadraticUnramifiedEuler.lean:76:2: Try this: 
  letI̵

The goal is a proposition, so `let` is preferred over `letI`.
The difference between `let` and `letI` is that `letI` inlines the value.
But this is not relevant for proofs because of proof irrelevance.

Note: This linter can be disabled with `set_option linter.style.haveILetI false`
warning: UnitDistance/QuadraticUnramifiedEuler.lean:83:29: `Ideal.inertiaDeg'` has been deprecated: Use `Ideal.inertiaDeg` instead.
warning: UnitDistance/QuadraticUnramifiedEuler.lean:84:2: Try this: 
  letI̵

The goal is a proposition, so `let` is preferred over `letI`.
The difference between `let` and `letI` is that `letI` inlines the value.
But this is not relevant for proofs because of proof irrelevance.

Note: This linter can be disabled with `set_option linter.style.haveILetI false`
warning: UnitDistance/QuadraticUnramifiedEuler.lean:86:53: `Ideal.inertiaDeg'` has been deprecated: Use `Ideal.inertiaDeg` instead.
warning: UnitDistance/QuadraticUnramifiedEuler.lean:90:49: `Ideal.inertiaDeg'` has been deprecated: Use `Ideal.inertiaDeg` instead.
warning: UnitDistance/QuadraticUnramifiedEuler.lean:93:47: `Ideal.inertiaDeg'` has been deprecated: Use `Ideal.inertiaDeg` instead.
warning: UnitDistance/QuadraticUnramifiedEuler.lean:96:32: `Ideal.sum_ramification_inertia` has been deprecated: Use results of RingTheory.RamificationInertia.Basic
warning: UnitDistance/QuadraticUnramifiedEuler.lean:95:47: `Ideal.inertiaDeg'` has been deprecated: Use `Ideal.inertiaDeg` instead.
warning: UnitDistance/QuadraticUnramifiedEuler.lean:102:44: `Ideal.inertiaDeg'` has been deprecated: Use `Ideal.inertiaDeg` instead.
warning: UnitDistance/QuadraticUnramifiedEuler.lean:103:2: Try this: 
  letI̵

The goal is a proposition, so `let` is preferred over `letI`.
The difference between `let` and `letI` is that `letI` inlines the value.
But this is not relevant for proofs because of proof irrelevance.

Note: This linter can be disabled with `set_option linter.style.haveILetI false`
warning: UnitDistance/QuadraticUnramifiedEuler.lean:104:6: `Ideal.absNorm_eq_pow_inertiaDeg'_of_liesOver` has been deprecated: Use `Ideal.absNorm_pow_inertiaDeg` instead.
warning: UnitDistance/QuadraticUnramifiedEuler.lean:118:4: Try this: 
  letI̵

The goal is a proposition, so `let` is preferred over `letI`.
The difference between `let` and `letI` is that `letI` inlines the value.
But this is not relevant for proofs because of proof irrelevance.

Note: This linter can be disabled with `set_option linter.style.haveILetI false`
warning: UnitDistance/QuadraticUnramifiedEuler.lean:119:10: `Ideal.inertiaDeg'_pos` has been deprecated: Use `Ideal.inertiaDeg_pos` instead.
⚠ [4733/4748] Replayed UnitDistance.HeckeSignedScaling
warning: UnitDistance/HeckeSignedScaling.lean:86:44: Variable name `ht` is not explicitly referenced.

Hint: The binding can be removed (if unused) or named `_` (if used implicitly). Alternatively, prefix the name with `_` to silence this warning:
  [apply] _ht

Note: This linter can be disabled with `set_option linter.unusedVariables false`
⚠ [4734/4748] Replayed UnitDistance.HeckeSignedGammaIntegral
warning: UnitDistance/HeckeSignedGammaIntegral.lean:90:35: `if_pos` has been deprecated: Use `ite_eq_left` instead

Hint: Replace the deprecated name:
  i̵f̵_̵p̵o̵s̵i̲t̲e̲_̲e̲q̲_̲l̲e̲f̲t̲
warning: UnitDistance/HeckeSignedGammaIntegral.lean:92:35: `if_neg` has been deprecated: Use `ite_eq_right` instead

Hint: Replace the deprecated name:
  i̵f̵_̵n̵e̵g̵i̲t̲e̲_̲e̲q̲_̲r̲i̲g̲h̲t̲
⚠ [4735/4748] Replayed UnitDistance.HeckeSignedIdealRegroup
warning: UnitDistance/HeckeSignedIdealRegroup.lean:101:4: Try this: 
  letI̵

The goal is a proposition, so `let` is preferred over `letI`.
The difference between `let` and `letI` is that `letI` inlines the value.
But this is not relevant for proofs because of proof irrelevance.

Note: This linter can be disabled with `set_option linter.style.haveILetI false`
⚠ [4739/4806] Replayed UnitDistance.HeckeSignedUnfolding
warning: UnitDistance/HeckeSignedUnfolding.lean:47:17: `if_pos` has been deprecated: Use `ite_eq_left` instead

Hint: Replace the deprecated name:
  i̵f̵_̵p̵o̵s̵i̲t̲e̲_̲e̲q̲_̲l̲e̲f̲t̲
warning: UnitDistance/HeckeSignedUnfolding.lean:49:17: `if_neg` has been deprecated: Use `ite_eq_right` instead

Hint: Replace the deprecated name:
  i̵f̵_̵n̵e̵g̵i̲t̲e̲_̲e̲q̲_̲r̲i̲g̲h̲t̲
warning: UnitDistance/HeckeSignedUnfolding.lean:59:10: `if_pos` has been deprecated: Use `ite_eq_left` instead

Hint: Replace the deprecated name:
  i̵f̵_̵p̵o̵s̵i̲t̲e̲_̲e̲q̲_̲l̲e̲f̲t̲
warning: UnitDistance/HeckeSignedUnfolding.lean:61:20: `if_pos` has been deprecated: Use `ite_eq_left` instead

Hint: Replace the deprecated name:
  i̵f̵_̵p̵o̵s̵i̲t̲e̲_̲e̲q̲_̲l̲e̲f̲t̲
warning: UnitDistance/HeckeSignedUnfolding.lean:62:10: `if_neg` has been deprecated: Use `ite_eq_right` instead

Hint: Replace the deprecated name:
  i̵f̵_̵n̵e̵g̵i̲t̲e̲_̲e̲q̲_̲r̲i̲g̲h̲t̲
warning: UnitDistance/HeckeSignedUnfolding.lean:64:20: `if_neg` has been deprecated: Use `ite_eq_right` instead

Hint: Replace the deprecated name:
  i̵f̵_̵n̵e̵g̵i̲t̲e̲_̲e̲q̲_̲r̲i̲g̲h̲t̲
⚠ [4746/4806] Replayed UnitDistance.HeckeParityTheta
warning: UnitDistance/HeckeParityTheta.lean:145:12: `if_neg` has been deprecated: Use `ite_eq_right` instead

Hint: Replace the deprecated name:
  i̵f̵_̵n̵e̵g̵i̲t̲e̲_̲e̲q̲_̲r̲i̲g̲h̲t̲
warning: UnitDistance/HeckeParityTheta.lean:168:15: `Set.setOf_forall` has been deprecated: Use `Set.ofPred_forall` instead

Hint: Replace the deprecated name:
  S̵e̵t̵.̵s̵e̵t̵O̵f̵_̵f̵o̵r̵a̵l̵l̵S̲e̲t̲.̲o̲f̲P̲r̲e̲d̲_̲f̲o̲r̲a̲l̲l̲
⚠ [4750/4806] Replayed UnitDistance.HeckeParityUnitAverage
warning: UnitDistance/HeckeParityUnitAverage.lean:78:2: Try this: 
  haveI̵

The goal is a proposition, so `have` is preferred over `haveI`.
The difference between `have` and `haveI` is that `haveI` inlines the value.
But this is not relevant for proofs because of proof irrelevance.

Note: This linter can be disabled with `set_option linter.style.haveILetI false`
warning: UnitDistance/HeckeParityUnitAverage.lean:80:2: Try this: 
  haveI̵

The goal is a proposition, so `have` is preferred over `haveI`.
The difference between `have` and `haveI` is that `haveI` inlines the value.
But this is not relevant for proofs because of proof irrelevance.

Note: This linter can be disabled with `set_option linter.style.haveILetI false`
warning: UnitDistance/HeckeParityUnitAverage.lean:128:2: Try this: 
  haveI̵

The goal is a proposition, so `have` is preferred over `haveI`.
The difference between `have` and `haveI` is that `haveI` inlines the value.
But this is not relevant for proofs because of proof irrelevance.

Note: This linter can be disabled with `set_option linter.style.haveILetI false`
warning: UnitDistance/HeckeParityUnitAverage.lean:130:2: Try this: 
  haveI̵

The goal is a proposition, so `have` is preferred over `haveI`.
The difference between `have` and `haveI` is that `haveI` inlines the value.
But this is not relevant for proofs because of proof irrelevance.

Note: This linter can be disabled with `set_option linter.style.haveILetI false`
⚠ [4752/4806] Replayed UnitDistance.HeckeSignedThetaIdentities
warning: UnitDistance/HeckeSignedThetaIdentities.lean:88:2: Try this: 
  haveI̵

The goal is a proposition, so `have` is preferred over `haveI`.
The difference between `have` and `haveI` is that `haveI` inlines the value.
But this is not relevant for proofs because of proof irrelevance.

Note: This linter can be disabled with `set_option linter.style.haveILetI false`
⚠ [4753/4806] Replayed UnitDistance.HeckeSignedNormalization
warning: UnitDistance/HeckeSignedNormalization.lean:33:16: `if_pos` has been deprecated: Use `ite_eq_left` instead

Hint: Replace the deprecated name:
  i̵f̵_̵p̵o̵s̵i̲t̲e̲_̲e̲q̲_̲l̲e̲f̲t̲
warning: UnitDistance/HeckeSignedNormalization.lean:45:16: `if_neg` has been deprecated: Use `ite_eq_right` instead

Hint: Replace the deprecated name:
  i̵f̵_̵n̵e̵g̵i̲t̲e̲_̲e̲q̲_̲r̲i̲g̲h̲t̲
⚠ [4760/4806] Replayed UnitDistance.Upstream.Hadamard.ComplexAnalysis.AntiHerglotz
warning: UnitDistance/Upstream/Hadamard/ComplexAnalysis/AntiHerglotz.lean:8:0: 'Mathlib.Data.Complex.Basic' has been deprecated: please replace this import by

import Mathlib.Basic.Complex.Basic
⚠ [4761/4806] Replayed UnitDistance.Upstream.Hadamard.ComplexAnalysis.LogDerivative
warning: UnitDistance/Upstream/Hadamard/ComplexAnalysis/LogDerivative.lean:504:4: Try this: 
  haveI̵

The goal is a proposition, so `have` is preferred over `haveI`.
The difference between `have` and `haveI` is that `haveI` inlines the value.
But this is not relevant for proofs because of proof irrelevance.

Note: This linter can be disabled with `set_option linter.style.haveILetI false`
⚠ [4767/4806] Replayed UnitDistance.CanonicalEntireDivisor
warning: UnitDistance/CanonicalEntireDivisor.lean:441:4: Try this: 
  letI̵

The goal is a proposition, so `let` is preferred over `letI`.
The difference between `let` and `letI` is that `letI` inlines the value.
But this is not relevant for proofs because of proof irrelevance.

Note: This linter can be disabled with `set_option linter.style.haveILetI false`
warning: UnitDistance/CanonicalEntireDivisor.lean:444:8: `if_neg` has been deprecated: Use `ite_eq_right` instead

Hint: Replace the deprecated name:
  i̵f̵_̵n̵e̵g̵i̲t̲e̲_̲e̲q̲_̲r̲i̲g̲h̲t̲
warning: UnitDistance/CanonicalEntireDivisor.lean:448:6: Try this: 
  letI̵

The goal is a proposition, so `let` is preferred over `letI`.
The difference between `let` and `letI` is that `letI` inlines the value.
But this is not relevant for proofs because of proof irrelevance.

Note: This linter can be disabled with `set_option linter.style.haveILetI false`
⚠ [4778/4806] Replayed UnitDistance.Upstream.Hadamard.HadamardProduct.CanonicalProductDivisor
warning: UnitDistance/Upstream/Hadamard/HadamardProduct/CanonicalProductDivisor.lean:125:2: Try this: 
  letI̵

The goal is a proposition, so `let` is preferred over `letI`.
The difference between `let` and `letI` is that `letI` inlines the value.
But this is not relevant for proofs because of proof irrelevance.

Note: This linter can be disabled with `set_option linter.style.haveILetI false`
warning: UnitDistance/Upstream/Hadamard/HadamardProduct/CanonicalProductDivisor.lean:174:6: Try this: 
  letI̵

The goal is a proposition, so `let` is preferred over `letI`.
The difference between `let` and `letI` is that `letI` inlines the value.
But this is not relevant for proofs because of proof irrelevance.

Note: This linter can be disabled with `set_option linter.style.haveILetI false`
⚠ [4787/4845] Replayed UnitDistance.Upstream.Hadamard.HadamardProduct.CanonicalProductGrowth
warning: UnitDistance/Upstream/Hadamard/HadamardProduct/CanonicalProductGrowth.lean:212:31: `Finset.le_eq_subset` has been deprecated: This is now a syntactic equality
warning: UnitDistance/Upstream/Hadamard/HadamardProduct/CanonicalProductGrowth.lean:212:31: This simp argument is unused:
  Finset.le_eq_subset

Hint: Omit it from the simp argument list.
  [apply] simp only [eventually_atTop] at htail_event

Note: This linter can be disabled with `set_option linter.unusedSimpArgs false`
⚠ [4788/4845] Replayed UnitDistance.HadamardFactorization
warning: UnitDistance/HadamardFactorization.lean:40:15: `if_pos` has been deprecated: Use `ite_eq_left` instead

Hint: Replace the deprecated name:
  i̵f̵_̵p̵o̵s̵i̲t̲e̲_̲e̲q̲_̲l̲e̲f̲t̲
warning: UnitDistance/HadamardFactorization.lean:44:8: `if_neg` has been deprecated: Use `ite_eq_right` instead

Hint: Replace the deprecated name:
  i̵f̵_̵n̵e̵g̵i̲t̲e̲_̲e̲q̲_̲r̲i̲g̲h̲t̲
warning: UnitDistance/HadamardFactorization.lean:40:15: This simp argument is unused:
  if_pos rfl

Hint: Omit it from the simp argument list.
  [apply] simp only

Note: This linter can be disabled with `set_option linter.unusedSimpArgs false`
⚠ [4795/4845] Replayed UnitDistance.ImaginaryQuadraticContinuation
warning: UnitDistance/ImaginaryQuadraticContinuation.lean:24:2: Try this: 
  haveI̵

The goal is a proposition, so `have` is preferred over `haveI`.
The difference between `have` and `haveI` is that `haveI` inlines the value.
But this is not relevant for proofs because of proof irrelevance.

Note: This linter can be disabled with `set_option linter.style.haveILetI false`
warning: UnitDistance/ImaginaryQuadraticContinuation.lean:46:8: `if_pos` has been deprecated: Use `ite_eq_left` instead

Hint: Replace the deprecated name:
  i̵f̵_̵p̵o̵s̵i̲t̲e̲_̲e̲q̲_̲l̲e̲f̲t̲
warning: UnitDistance/ImaginaryQuadraticContinuation.lean:48:8: `if_neg` has been deprecated: Use `ite_eq_right` instead

Hint: Replace the deprecated name:
  i̵f̵_̵n̵e̵g̵i̲t̲e̲_̲e̲q̲_̲r̲i̲g̲h̲t̲
warning: UnitDistance/ImaginaryQuadraticContinuation.lean:61:2: Try this: 
  letI̵

The goal is a proposition, so `let` is preferred over `letI`.
The difference between `let` and `letI` is that `letI` inlines the value.
But this is not relevant for proofs because of proof irrelevance.

Note: This linter can be disabled with `set_option linter.style.haveILetI false`
⚠ [4803/4845] Replayed UnitDistance.GaloisQuotientTower
warning: UnitDistance/GaloisQuotientTower.lean:59:4: Try this: 
  letI̵

The goal is a proposition, so `let` is preferred over `letI`.
The difference between `let` and `letI` is that `letI` inlines the value.
But this is not relevant for proofs because of proof irrelevance.

Note: This linter can be disabled with `set_option linter.style.haveILetI false`
warning: UnitDistance/GaloisQuotientTower.lean:62:4: Try this: 
  letI̵

The goal is a proposition, so `let` is preferred over `letI`.
The difference between `let` and `letI` is that `letI` inlines the value.
But this is not relevant for proofs because of proof irrelevance.

Note: This linter can be disabled with `set_option linter.style.haveILetI false`
warning: UnitDistance/GaloisQuotientTower.lean:71:6: Try this: 
  letI̵

The goal is a proposition, so `let` is preferred over `letI`.
The difference between `let` and `letI` is that `letI` inlines the value.
But this is not relevant for proofs because of proof irrelevance.

Note: This linter can be disabled with `set_option linter.style.haveILetI false`
warning: UnitDistance/GaloisQuotientTower.lean:72:6: Try this: 
  letI̵

The goal is a proposition, so `let` is preferred over `letI`.
The difference between `let` and `letI` is that `letI` inlines the value.
But this is not relevant for proofs because of proof irrelevance.

Note: This linter can be disabled with `set_option linter.style.haveILetI false`
warning: UnitDistance/GaloisQuotientTower.lean:131:4: Try this: 
  letI̵

The goal is a proposition, so `let` is preferred over `letI`.
The difference between `let` and `letI` is that `letI` inlines the value.
But this is not relevant for proofs because of proof irrelevance.

Note: This linter can be disabled with `set_option linter.style.haveILetI false`
warning: UnitDistance/GaloisQuotientTower.lean:132:4: Try this: 
  letI̵

The goal is a proposition, so `let` is preferred over `letI`.
The difference between `let` and `letI` is that `letI` inlines the value.
But this is not relevant for proofs because of proof irrelevance.

Note: This linter can be disabled with `set_option linter.style.haveILetI false`
⚠ [4804/4845] Replayed UnitDistance.GaloisEmbeddingRestriction
warning: UnitDistance/GaloisEmbeddingRestriction.lean:56:2: Try this: 
  letI̵

The goal is a proposition, so `let` is preferred over `letI`.
The difference between `let` and `letI` is that `letI` inlines the value.
But this is not relevant for proofs because of proof irrelevance.

Note: This linter can be disabled with `set_option linter.style.haveILetI false`
warning: UnitDistance/GaloisEmbeddingRestriction.lean:57:2: Try this: 
  letI̵

The goal is a proposition, so `let` is preferred over `letI`.
The difference between `let` and `letI` is that `letI` inlines the value.
But this is not relevant for proofs because of proof irrelevance.

Note: This linter can be disabled with `set_option linter.style.haveILetI false`
⚠ [4805/4845] Replayed UnitDistance.GaloisFiniteQuotientField
warning: UnitDistance/GaloisFiniteQuotientField.lean:22:0: automatically included section variable(s) unused in theorem `UnitDistance.GaloisQuotient.finiteQuotientField_fixing`:
  [Fintype C]
consider restructuring your `variable` declarations so that the variables are not in scope or explicitly omit them:
  omit [Fintype C] in theorem ...

Note: This linter can be disabled with `set_option linter.unusedSectionVars false`
warning: UnitDistance/GaloisFiniteQuotientField.lean:45:0: automatically included section variable(s) unused in theorem `UnitDistance.GaloisQuotient.restriction_kernel`:
  [IsGalois k Ω]
consider restructuring your `variable` declarations so that the variables are not in scope or explicitly omit them:
  omit [IsGalois k Ω] in theorem ...

Note: This linter can be disabled with `set_option linter.unusedSectionVars false`
⚠ [4807/4845] Replayed UnitDistance.IndependentQuadraticTower
warning: UnitDistance/IndependentQuadraticTower.lean:28:0: automatically included section variable(s) unused in theorem `UnitDistance.Multiquadratic.squareKernel_self`:
  [DecidableEq ι]
  [CharZero E]
consider restructuring your `variable` declarations so that the variables are not in scope or explicitly omit them:
  omit [DecidableEq ι] [CharZero E] in theorem ...

Note: This linter can be disabled with `set_option linter.unusedSectionVars false`
warning: UnitDistance/IndependentQuadraticTower.lean:30:8: This simp argument is unused:
  SquareKernel

Hint: Omit it from the simp argument list.
  [apply] simp

Note: This linter can be disabled with `set_option linter.unusedSimpArgs false`
warning: UnitDistance/IndependentQuadraticTower.lean:34:0: automatically included section variable(s) unused in theorem `UnitDistance.Multiquadratic.squareKernel_extension`:
  [CharZero E]
consider restructuring your `variable` declarations so that the variables are not in scope or explicitly omit them:
  omit [CharZero E] in theorem ...

Note: This linter can be disabled with `set_option linter.unusedSectionVars false`
warning: UnitDistance/IndependentQuadraticTower.lean:64:0: automatically included section variable(s) unused in theorem `UnitDistance.Multiquadratic.nonsquare_next_of_squareKernel`:
  [CharZero E]
  [CharZero L]
consider restructuring your `variable` declarations so that the variables are not in scope or explicitly omit them:
  omit [CharZero E] [CharZero L] in theorem ...

Note: This linter can be disabled with `set_option linter.unusedSectionVars false`
warning: UnitDistance/IndependentQuadraticTower.lean:109:2: `simp` already closes the goal

Hint: Use `simp` instead of `simpa`:
  [apply] simp [ha]

Note: This linter can be disabled with `set_option linter.unnecessarySimpa false`
warning: UnitDistance/IndependentQuadraticTower.lean:104:0: automatically included section variable(s) unused in theorem `UnitDistance.Multiquadratic.ActualTower.isSquare_radical`:
  [DecidableEq ι]
  [CharZero E]
consider restructuring your `variable` declarations so that the variables are not in scope or explicitly omit them:
  omit [DecidableEq ι] [CharZero E] in theorem ...

Note: This linter can be disabled with `set_option linter.unusedSectionVars false`
warning: UnitDistance/IndependentQuadraticTower.lean:126:4: Try this: 
  letI̵

The goal is a proposition, so `let` is preferred over `letI`.
The difference between `let` and `letI` is that `letI` inlines the value.
But this is not relevant for proofs because of proof irrelevance.

Note: This linter can be disabled with `set_option linter.style.haveILetI false`
warning: UnitDistance/IndependentQuadraticTower.lean:129:4: Try this: 
  letI̵

The goal is a proposition, so `let` is preferred over `letI`.
The difference between `let` and `letI` is that `letI` inlines the value.
But this is not relevant for proofs because of proof irrelevance.

Note: This linter can be disabled with `set_option linter.style.haveILetI false`
warning: UnitDistance/IndependentQuadraticTower.lean:130:4: Try this: 
  letI̵

The goal is a proposition, so `let` is preferred over `letI`.
The difference between `let` and `letI` is that `letI` inlines the value.
But this is not relevant for proofs because of proof irrelevance.

Note: This linter can be disabled with `set_option linter.style.haveILetI false`
warning: UnitDistance/IndependentQuadraticTower.lean:175:4: Try this: 
  letI̵

The goal is a proposition, so `let` is preferred over `letI`.
The difference between `let` and `letI` is that `letI` inlines the value.
But this is not relevant for proofs because of proof irrelevance.

Note: This linter can be disabled with `set_option linter.style.haveILetI false`
warning: UnitDistance/IndependentQuadraticTower.lean:178:4: Try this: 
  letI̵

The goal is a proposition, so `let` is preferred over `letI`.
The difference between `let` and `letI` is that `letI` inlines the value.
But this is not relevant for proofs because of proof irrelevance.

Note: This linter can be disabled with `set_option linter.style.haveILetI false`
warning: UnitDistance/IndependentQuadraticTower.lean:179:4: Try this: 
  letI̵

The goal is a proposition, so `let` is preferred over `letI`.
The difference between `let` and `letI` is that `letI` inlines the value.
But this is not relevant for proofs because of proof irrelevance.

Note: This linter can be disabled with `set_option linter.style.haveILetI false`
warning: UnitDistance/IndependentQuadraticTower.lean:180:4: Try this: 
  letI̵

The goal is a proposition, so `let` is preferred over `letI`.
The difference between `let` and `letI` is that `letI` inlines the value.
But this is not relevant for proofs because of proof irrelevance.

Note: This linter can be disabled with `set_option linter.style.haveILetI false`
warning: UnitDistance/IndependentQuadraticTower.lean:183:4: Try this: 
  letI̵

The goal is a proposition, so `let` is preferred over `letI`.
The difference between `let` and `letI` is that `letI` inlines the value.
But this is not relevant for proofs because of proof irrelevance.

Note: This linter can be disabled with `set_option linter.style.haveILetI false`
⚠ [4808/4845] Replayed UnitDistance.GeneratedQuadraticTower
warning: UnitDistance/GeneratedQuadraticTower.lean:30:0: automatically included section variable(s) unused in theorem `UnitDistance.Multiquadratic.adjoin_radicalSet_extension`:
  [CharZero E]
  [CharZero L]
consider restructuring your `variable` declarations so that the variables are not in scope or explicitly omit them:
  omit [CharZero E] [CharZero L] in theorem ...

Note: This linter can be disabled with `set_option linter.unusedSectionVars false`
warning: UnitDistance/GeneratedQuadraticTower.lean:95:4: Try this: 
  letI̵

The goal is a proposition, so `let` is preferred over `letI`.
The difference between `let` and `letI` is that `letI` inlines the value.
But this is not relevant for proofs because of proof irrelevance.

Note: This linter can be disabled with `set_option linter.style.haveILetI false`
warning: UnitDistance/GeneratedQuadraticTower.lean:98:4: Try this: 
  letI̵

The goal is a proposition, so `let` is preferred over `letI`.
The difference between `let` and `letI` is that `letI` inlines the value.
But this is not relevant for proofs because of proof irrelevance.

Note: This linter can be disabled with `set_option linter.style.haveILetI false`
warning: UnitDistance/GeneratedQuadraticTower.lean:99:4: Try this: 
  letI̵

The goal is a proposition, so `let` is preferred over `letI`.
The difference between `let` and `letI` is that `letI` inlines the value.
But this is not relevant for proofs because of proof irrelevance.

Note: This linter can be disabled with `set_option linter.style.haveILetI false`
warning: UnitDistance/GeneratedQuadraticTower.lean:100:4: Try this: 
  letI̵

The goal is a proposition, so `let` is preferred over `letI`.
The difference between `let` and `letI` is that `letI` inlines the value.
But this is not relevant for proofs because of proof irrelevance.

Note: This linter can be disabled with `set_option linter.style.haveILetI false`
warning: UnitDistance/GeneratedQuadraticTower.lean:103:4: Try this: 
  letI̵

The goal is a proposition, so `let` is preferred over `letI`.
The difference between `let` and `letI` is that `letI` inlines the value.
But this is not relevant for proofs because of proof irrelevance.

Note: This linter can be disabled with `set_option linter.style.haveILetI false`
⚠ [4809/4845] Replayed UnitDistance.GeneratedQuadraticGalois
warning: UnitDistance/GeneratedQuadraticGalois.lean:27:0: automatically included section variable(s) unused in theorem `UnitDistance.Multiquadratic.GeneratedGaloisTower.aut_ext`:
  [DecidableEq ι]
  [CharZero E]
consider restructuring your `variable` declarations so that the variables are not in scope or explicitly omit them:
  omit [DecidableEq ι] [CharZero E] in theorem ...

Note: This linter can be disabled with `set_option linter.unusedSectionVars false`
⚠ [4810/4845] Replayed UnitDistance.QuadraticSignLift
warning: UnitDistance/QuadraticSignLift.lean:29:8: automatically included section variable(s) unused in theorem `UnitDistance.Multiquadratic.binarySign_zero`:
  [CharZero E]
consider restructuring your `variable` declarations so that the variables are not in scope or explicitly omit them:
  omit [CharZero E] in theorem ...

Note: This linter can be disabled with `set_option linter.unusedSectionVars false`
warning: UnitDistance/QuadraticSignLift.lean:60:0: automatically included section variable(s) unused in theorem `UnitDistance.Multiquadratic.root_sq`:
  [CharZero E]
consider restructuring your `variable` declarations so that the variables are not in scope or explicitly omit them:
  omit [CharZero E] in theorem ...

Note: This linter can be disabled with `set_option linter.unusedSectionVars false`
warning: UnitDistance/QuadraticSignLift.lean:110:71: `QuadraticAlgebra.omega_im` has been deprecated: Use `QuadraticAlgebra.im_omega` instead

Hint: Replace the deprecated name:
  i̲m̲_̲omega_̵i̵m̵
⚠ [4811/4845] Replayed UnitDistance.QuadraticRationalSignLift
warning: UnitDistance/QuadraticRationalSignLift.lean:24:8: automatically included section variable(s) unused in theorem `UnitDistance.Multiquadratic.rational_map_binarySign`:
  [CharZero E]
consider restructuring your `variable` declarations so that the variables are not in scope or explicitly omit them:
  omit [CharZero E] in theorem ...

Note: This linter can be disabled with `set_option linter.unusedSectionVars false`
⚠ [4812/4845] Replayed UnitDistance.ArithmeticChosenGenusField
warning: UnitDistance/ArithmeticChosenGenusField.lean:41:2: `simp` already closes the goal

Hint: Use `simp` instead of `simpa`:
  [apply] simp

Note: This linter can be disabled with `set_option linter.unnecessarySimpa false`
⚠ [4813/4845] Replayed UnitDistance.QuadraticRootFamily
warning: UnitDistance/QuadraticRootFamily.lean:39:17: `if_neg` has been deprecated: Use `ite_eq_right` instead

Hint: Replace the deprecated name:
  i̵f̵_̵n̵e̵g̵i̲t̲e̲_̲e̲q̲_̲r̲i̲g̲h̲t̲
warning: UnitDistance/QuadraticRootFamily.lean:47:17: `if_neg` has been deprecated: Use `ite_eq_right` instead

Hint: Replace the deprecated name:
  i̵f̵_̵n̵e̵g̵i̲t̲e̲_̲e̲q̲_̲r̲i̲g̲h̲t̲
⚠ [4814/4845] Replayed UnitDistance.QuadraticGeneratedRootFamily
warning: UnitDistance/QuadraticGeneratedRootFamily.lean:27:0: automatically included section variable(s) unused in theorem `UnitDistance.Multiquadratic.actualRootCharacter_action`:
  [CharZero E]
consider restructuring your `variable` declarations so that the variables are not in scope or explicitly omit them:
  omit [CharZero E] in theorem ...

Note: This linter can be disabled with `set_option linter.unusedSectionVars false`
warning: UnitDistance/QuadraticGeneratedRootFamily.lean:35:32: This simp argument is unused:
  he

Hint: Omit it from the simp argument list.
  [apply] simp [actualRootCharacter, binarySign, binarySignInteger, h]

Note: This linter can be disabled with `set_option linter.unusedSimpArgs false`
warning: UnitDistance/QuadraticGeneratedRootFamily.lean:86:33: This simp argument is unused:
  Fintype.card_fun

Hint: Omit it from the simp argument list.
  [apply] simp [Nat.card_eq_fintype_card, ZMod.card]

Note: This linter can be disabled with `set_option linter.unusedSimpArgs false`
⚠ [4815/4845] Replayed UnitDistance.QuadraticRootFamilyGalois
warning: UnitDistance/QuadraticRootFamilyGalois.lean:35:2: Try this: 
  letI̵

The goal is a proposition, so `let` is preferred over `letI`.
The difference between `let` and `letI` is that `letI` inlines the value.
But this is not relevant for proofs because of proof irrelevance.

Note: This linter can be disabled with `set_option linter.style.haveILetI false`
warning: UnitDistance/QuadraticRootFamilyGalois.lean:39:33: This simp argument is unused:
  Fintype.card_fun

Hint: Omit it from the simp argument list.
  [apply] simp [Nat.card_eq_fintype_card, ZMod.card]

Note: This linter can be disabled with `set_option linter.unusedSimpArgs false`
⚠ [4817/4845] Replayed UnitDistance.NormExtensionCatalog
warning: UnitDistance/NormExtensionCatalog.lean:130:51: `if_false` has been deprecated: Use `ite_false` instead

Hint: Replace the deprecated name:
  i̵f̵_̵f̵a̵l̵s̵e̵i̲t̲e̲_̲f̲a̲l̲s̲e̲
warning: UnitDistance/NormExtensionCatalog.lean:130:60: `if_true` has been deprecated: Use `ite_true` instead

Hint: Replace the deprecated name:
  i̵f̵_̵t̵r̵u̵e̵i̲t̲e̲_̲t̲r̲u̲e̲
warning: UnitDistance/NormExtensionCatalog.lean:130:51: `if_false` has been deprecated: Use `ite_false` instead

Hint: Replace the deprecated name:
  i̵f̵_̵f̵a̵l̵s̵e̵i̲t̲e̲_̲f̲a̲l̲s̲e̲
warning: UnitDistance/NormExtensionCatalog.lean:130:60: `if_true` has been deprecated: Use `ite_true` instead

Hint: Replace the deprecated name:
  i̵f̵_̵t̵r̵u̵e̵i̲t̲e̲_̲t̲r̲u̲e̲
⚠ [4818/4845] Replayed UnitDistance.CatalogSquareclassData
warning: UnitDistance/CatalogSquareclassData.lean:156:2: `push_neg` has been deprecated. Prefer using `push Not` instead.
If you'd rather continue using `push_neg` in your project, you can implement it as follows:
```
open Lean.Parser.Tactic in
macro "push_neg" cfg:optConfig loc:(location)? : tactic =>
  `(tactic| push $cfg:optConfig Not $[$loc]?)
```
⚠ [4820/4845] Replayed UnitDistance.ArithmeticRetainedSquareclasses
warning: UnitDistance/ArithmeticRetainedSquareclasses.lean:110:4: `simp` already closes the goal

Hint: Use `simp` instead of `simpa`:
  [apply] simp [v, hj] at hh

Note: This linter can be disabled with `set_option linter.unnecessarySimpa false`
⚠ [4822/4845] Replayed UnitDistance.CatalogCompletedSquareclassData
warning: UnitDistance/CatalogCompletedSquareclassData.lean:78:2: `push_neg` has been deprecated. Prefer using `push Not` instead.
If you'd rather continue using `push_neg` in your project, you can implement it as follows:
```
open Lean.Parser.Tactic in
macro "push_neg" cfg:optConfig loc:(location)? : tactic =>
  `(tactic| push $cfg:optConfig Not $[$loc]?)
```
⚠ [4823/4845] Replayed UnitDistance.ArithmeticCompletedSquareclasses
warning: UnitDistance/ArithmeticCompletedSquareclasses.lean:111:4: `simp` already closes the goal

Hint: Use `simp` instead of `simpa`:
  [apply] simp [v, hj] at hh

Note: This linter can be disabled with `set_option linter.unnecessarySimpa false`
⚠ [4827/4845] Replayed UnitDistance.ImaginarySevenUnramified
warning: UnitDistance/ImaginarySevenUnramified.lean:42:0: automatically included section variable(s) unused in theorem `UnitDistance.ImaginarySeven.polynomial_monic`:
  [NumberField F]
consider restructuring your `variable` declarations so that the variables are not in scope or explicitly omit them:
  omit [NumberField F] in theorem ...

Note: This linter can be disabled with `set_option linter.unusedSectionVars false`
warning: UnitDistance/ImaginarySevenUnramified.lean:47:0: automatically included section variable(s) unused in theorem `UnitDistance.ImaginarySeven.tau_equation`:
  [NumberField F]
consider restructuring your `variable` declarations so that the variables are not in scope or explicitly omit them:
  omit [NumberField F] in theorem ...

Note: This linter can be disabled with `set_option linter.unusedSectionVars false`
warning: UnitDistance/ImaginarySevenUnramified.lean:67:0: automatically included section variable(s) unused in theorem `UnitDistance.ImaginarySeven.tau_twice_sub`:
  [NumberField F]
consider restructuring your `variable` declarations so that the variables are not in scope or explicitly omit them:
  omit [NumberField F] in theorem ...

Note: This linter can be disabled with `set_option linter.unusedSectionVars false`
warning: UnitDistance/ImaginarySevenUnramified.lean:80:35: `simp` already closes the goal

Hint: Use `simp` instead of `simpa`:
  [apply] simp

Note: This linter can be disabled with `set_option linter.unnecessarySimpa false`
warning: UnitDistance/ImaginarySevenUnramified.lean:118:2: Try this: 
  letI̵

The goal is a proposition, so `let` is preferred over `letI`.
The difference between `let` and `letI` is that `letI` inlines the value.
But this is not relevant for proofs because of proof irrelevance.

Note: This linter can be disabled with `set_option linter.style.haveILetI false`
warning: UnitDistance/ImaginarySevenUnramified.lean:136:2: Try this: 
  haveI̵

The goal is a proposition, so `have` is preferred over `haveI`.
The difference between `have` and `haveI` is that `haveI` inlines the value.
But this is not relevant for proofs because of proof irrelevance.

Note: This linter can be disabled with `set_option linter.style.haveILetI false`
warning: UnitDistance/ImaginarySevenUnramified.lean:139:2: Try this: 
  letI̵

The goal is a proposition, so `let` is preferred over `letI`.
The difference between `let` and `letI` is that `letI` inlines the value.
But this is not relevant for proofs because of proof irrelevance.

Note: This linter can be disabled with `set_option linter.style.haveILetI false`
⚠ [4829/4845] Replayed UnitDistance.ConjugatePrimePairs
warning: UnitDistance/ConjugatePrimePairs.lean:25:4: Try this: 
  letI̵

The goal is a proposition, so `let` is preferred over `letI`.
The difference between `let` and `letI` is that `letI` inlines the value.
But this is not relevant for proofs because of proof irrelevance.

Note: This linter can be disabled with `set_option linter.style.haveILetI false`
warning: UnitDistance/ConjugatePrimePairs.lean:84:8: automatically included section variable(s) unused in theorem `UnitDistance.RelativeIdealCosets.normPrimePairFamily_norm`:
  [Fintype A]
consider restructuring your `variable` declarations so that the variables are not in scope or explicitly omit them:
  omit [Fintype A] in theorem ...

Note: This linter can be disabled with `set_option linter.unusedSectionVars false`
⚠ [4830/4845] Replayed UnitDistance.GaloisPrimeNormCounts
warning: UnitDistance/GaloisPrimeNormCounts.lean:37:4: Try this: 
  letI̵

The goal is a proposition, so `let` is preferred over `letI`.
The difference between `let` and `letI` is that `letI` inlines the value.
But this is not relevant for proofs because of proof irrelevance.

Note: This linter can be disabled with `set_option linter.style.haveILetI false`
warning: UnitDistance/GaloisPrimeNormCounts.lean:38:4: Try this: 
  letI̵

The goal is a proposition, so `let` is preferred over `letI`.
The difference between `let` and `letI` is that `letI` inlines the value.
But this is not relevant for proofs because of proof irrelevance.

Note: This linter can be disabled with `set_option linter.style.haveILetI false`
warning: UnitDistance/GaloisPrimeNormCounts.lean:39:4: Try this: 
  letI̵

The goal is a proposition, so `let` is preferred over `letI`.
The difference between `let` and `letI` is that `letI` inlines the value.
But this is not relevant for proofs because of proof irrelevance.

Note: This linter can be disabled with `set_option linter.style.haveILetI false`
warning: UnitDistance/GaloisPrimeNormCounts.lean:40:8: `Ideal.absNorm_eq_pow_inertiaDeg'` has been deprecated: Use `Ideal.natAbs_pow_inertiaDeg` instead.
warning: UnitDistance/GaloisPrimeNormCounts.lean:41:8: `Ideal.inertiaDeg'_eq_inertiaDeg` has been deprecated: Use `inertiaDeg_eq_of_isMaximal` instead.
warning: UnitDistance/GaloisPrimeNormCounts.lean:50:2: Try this: 
  letI̵

The goal is a proposition, so `let` is preferred over `letI`.
The difference between `let` and `letI` is that `letI` inlines the value.
But this is not relevant for proofs because of proof irrelevance.

Note: This linter can be disabled with `set_option linter.style.haveILetI false`
⚠ [4831/4845] Replayed UnitDistance.WitnessPrimePairs
warning: UnitDistance/WitnessPrimePairs.lean:43:8: automatically included section variable(s) unused in theorem `UnitDistance.Witness.actualPrimePairs_norm`:
  [IsGalois ℚ K]
consider restructuring your `variable` declarations so that the variables are not in scope or explicitly omit them:
  omit [IsGalois ℚ K] in theorem ...

Note: This linter can be disabled with `set_option linter.unusedSectionVars false`
⚠ [4833/4845] Replayed UnitDistance.Upstream.Yamaguchi.SawinTotallyRealTowers.GaloisPCompositum
warning: UnitDistance/Upstream/Yamaguchi/SawinTotallyRealTowers/GaloisPCompositum.lean:69:4: `IntermediateField.restrict_algEquiv` has been deprecated: Use `IntermediateField.restrictAlgEquiv` instead

Hint: Replace the deprecated name:
  IntermediateField.restrict_̵a̵A̲lgEquiv
warning: UnitDistance/Upstream/Yamaguchi/SawinTotallyRealTowers/GaloisPCompositum.lean:71:4: `IntermediateField.restrict_algEquiv` has been deprecated: Use `IntermediateField.restrictAlgEquiv` instead

Hint: Replace the deprecated name:
  IntermediateField.restrict_̵a̵A̲lgEquiv
⚠ [4836/4901] Replayed UnitDistance.GaloisFixedArithmetic
warning: UnitDistance/GaloisFixedArithmetic.lean:26:0: automatically included section variable(s) unused in theorem `UnitDistance.GaloisConjugation.fixedAutomorphism_ne_one`:
  [IsGalois ℚ K]
  [Algebra RetainedField K]
consider restructuring your `variable` declarations so that the variables are not in scope or explicitly omit them:
  omit [IsGalois ℚ K] [Algebra RetainedField K] in theorem ...

Note: This linter can be disabled with `set_option linter.unusedSectionVars false`
warning: UnitDistance/GaloisFixedArithmetic.lean:34:0: automatically included section variable(s) unused in theorem `UnitDistance.GaloisConjugation.fixedFieldQuadratic`:
  [Algebra RetainedField K]
consider restructuring your `variable` declarations so that the variables are not in scope or explicitly omit them:
  omit [Algebra RetainedField K] in theorem ...

Note: This linter can be disabled with `set_option linter.unusedSectionVars false`
warning: UnitDistance/GaloisFixedArithmetic.lean:46:0: automatically included section variable(s) unused in theorem `UnitDistance.GaloisConjugation.fixedField_finiteUnramified`:
  [IsGalois ℚ K]
consider restructuring your `variable` declarations so that the variables are not in scope or explicitly omit them:
  omit [IsGalois ℚ K] in theorem ...

Note: This linter can be disabled with `set_option linter.unusedSectionVars false`
warning: UnitDistance/GaloisFixedArithmetic.lean:65:0: automatically included section variable(s) unused in theorem `UnitDistance.GaloisConjugation.fixedField_signature_lower`:
  [Algebra RetainedField K]
consider restructuring your `variable` declarations so that the variables are not in scope or explicitly omit them:
  omit [Algebra RetainedField K] in theorem ...

Note: This linter can be disabled with `set_option linter.unusedSectionVars false`
⚠ [4849/4901] Replayed UnitDistance.Upstream.Yamaguchi.ClassFieldTheory.AlgebraicNumberTheory.Idele.Extension.BaseChange
warning: UnitDistance/Upstream/Yamaguchi/ClassFieldTheory/AlgebraicNumberTheory/Idele/Extension/BaseChange.lean:387:20: `TensorProduct.induction_on` has been deprecated: Use `TensorProduction.inductionOn` instead
⚠ [4850/4901] Replayed UnitDistance.Upstream.Yamaguchi.ClassFieldTheory.AlgebraicNumberTheory.Idele.Extension.NormProperties
warning: UnitDistance/Upstream/Yamaguchi/ClassFieldTheory/AlgebraicNumberTheory/Idele/Extension/NormProperties.lean:57:12: Used `tac1 <;> tac2` where `(tac1; tac2)` would suffice

Note: This linter can be disabled with `set_option linter.unnecessarySeqFocus false`
⚠ [4881/4901] Replayed UnitDistance.Upstream.Yamaguchi.ValuedFieldTheory.Valuation.AbsoluteValue.Extension
warning: UnitDistance/Upstream/Yamaguchi/ValuedFieldTheory/Valuation/AbsoluteValue/Extension.lean:12:0: 'Mathlib.Data.Real.Basic' has been deprecated: please replace this import by

import Mathlib.Basic.Real.Basic
⚠ [4885/4959] Replayed UnitDistance.Upstream.Yamaguchi.ClassFieldTheory.AlgebraicNumberTheory.Idele.Extension.GaloisNorm
warning: UnitDistance/Upstream/Yamaguchi/ClassFieldTheory/AlgebraicNumberTheory/Idele/Extension/GaloisNorm.lean:156:20: `TensorProduct.induction_on` has been deprecated: Use `TensorProduction.inductionOn` instead
warning: UnitDistance/Upstream/Yamaguchi/ClassFieldTheory/AlgebraicNumberTheory/Idele/Extension/GaloisNorm.lean:163:24: `TensorProduct.induction_on` has been deprecated: Use `TensorProduction.inductionOn` instead
⚠ [4886/4959] Replayed UnitDistance.Upstream.Yamaguchi.ClassFieldTheory.AlgebraicNumberTheory.Idele.Extension.LocalComponent
warning: UnitDistance/Upstream/Yamaguchi/ClassFieldTheory/AlgebraicNumberTheory/Idele/Extension/LocalComponent.lean:170:22: `TensorProduct.induction_on` has been deprecated: Use `TensorProduction.inductionOn` instead
warning: UnitDistance/Upstream/Yamaguchi/ClassFieldTheory/AlgebraicNumberTheory/Idele/Extension/LocalComponent.lean:152:0: automatically included section variable(s) unused in theorem `map_norm_tensorProduct_baseChange`:
  [NumberField K]
consider restructuring your `variable` declarations so that the variables are not in scope or explicitly omit them:
  omit [NumberField K] in theorem ...

Note: This linter can be disabled with `set_option linter.unusedSectionVars false`
⚠ [4889/4959] Replayed UnitDistance.Upstream.Yamaguchi.GaloisCohomology.Cyclic.Herbrand.HerbrandLowDegree.TateComparison
warning: UnitDistance/Upstream/Yamaguchi/GaloisCohomology/Cyclic/Herbrand/HerbrandLowDegree/TateComparison.lean:204:8: Private declaration `fixedCyclesAddEquiv` accessed publicly; this is allowed only because the `backward.privateInPublic` option is enabled. 

Disable `backward.privateInPublic.warn` to silence this warning.
warning: UnitDistance/Upstream/Yamaguchi/GaloisCohomology/Cyclic/Herbrand/HerbrandLowDegree/TateComparison.lean:221:17: Private declaration `fixedCyclesAddEquiv` accessed publicly; this is allowed only because the `backward.privateInPublic` option is enabled. 

Disable `backward.privateInPublic.warn` to silence this warning.
warning: UnitDistance/Upstream/Yamaguchi/GaloisCohomology/Cyclic/Herbrand/HerbrandLowDegree/TateComparison.lean:221:17: Private declaration `fixedCyclesAddEquiv` accessed publicly; this is allowed only because the `backward.privateInPublic` option is enabled. 

Disable `backward.privateInPublic.warn` to silence this warning.
warning: UnitDistance/Upstream/Yamaguchi/GaloisCohomology/Cyclic/Herbrand/HerbrandLowDegree/TateComparison.lean:222:13: Private declaration `repNorm_toMul` accessed publicly; this is allowed only because the `backward.privateInPublic` option is enabled. 

Disable `backward.privateInPublic.warn` to silence this warning.
warning: UnitDistance/Upstream/Yamaguchi/GaloisCohomology/Cyclic/Herbrand/HerbrandLowDegree/TateComparison.lean:244:17: Private declaration `fixedCyclesAddEquiv` accessed publicly; this is allowed only because the `backward.privateInPublic` option is enabled. 

Disable `backward.privateInPublic.warn` to silence this warning.
warning: UnitDistance/Upstream/Yamaguchi/GaloisCohomology/Cyclic/Herbrand/HerbrandLowDegree/TateComparison.lean:244:17: Private declaration `fixedCyclesAddEquiv` accessed publicly; this is allowed only because the `backward.privateInPublic` option is enabled. 

Disable `backward.privateInPublic.warn` to silence this warning.
warning: UnitDistance/Upstream/Yamaguchi/GaloisCohomology/Cyclic/Herbrand/HerbrandLowDegree/TateComparison.lean:368:8: Private declaration `tateHMinusOneIsoHerbrandHMinusOne_of_commGroup` accessed publicly; this is allowed only because the `backward.privateInPublic` option is enabled. 

Disable `backward.privateInPublic.warn` to silence this warning.
⚠ [4890/4959] Replayed UnitDistance.Upstream.Yamaguchi.GaloisCohomology.Cyclic.Herbrand.HerbrandLowDegree.Cardinality
warning: UnitDistance/Upstream/Yamaguchi/GaloisCohomology/Cyclic/Herbrand/HerbrandLowDegree/Cardinality.lean:68:47: This simp argument is unused:
  hf

Hint: Omit it from the simp argument list.
  [apply] simp [Rep.FiniteCyclicGroup.subCompNormHom, Rep.norm, Representation.norm, Rep.hom_comm_apply]

Note: This linter can be disabled with `set_option linter.unusedSimpArgs false`
⚠ [4892/4959] Replayed UnitDistance.Upstream.Yamaguchi.GaloisCohomology.Cyclic.Herbrand.Induced
warning: UnitDistance/Upstream/Yamaguchi/GaloisCohomology/Cyclic/Herbrand/Induced.lean:76:18: `if_pos` has been deprecated: Use `ite_eq_left` instead

Hint: Replace the deprecated name:
  i̵f̵_̵p̵o̵s̵i̲t̲e̲_̲e̲q̲_̲l̲e̲f̲t̲
⚠ [4893/4959] Replayed UnitDistance.Upstream.Yamaguchi.ValuedFieldTheory.Valuation.AbsoluteValue.Completion
warning: UnitDistance/Upstream/Yamaguchi/ValuedFieldTheory/Valuation/AbsoluteValue/Completion.lean:164:3: Private declaration `baseToExtensionCompletion_isometry` accessed publicly; this is allowed only because the `backward.privateInPublic` option is enabled. 

Disable `backward.privateInPublic.warn` to silence this warning.
warning: UnitDistance/Upstream/Yamaguchi/ValuedFieldTheory/Valuation/AbsoluteValue/Completion.lean:164:48: `Isometry.extensionHom` has been deprecated: Use `UniformSpace.Completion.extensionHom` instead

Note: The updated constant has a different type:
  {α : Type u_1} →
    [inst : Ring α] →
      [inst_1 : UniformSpace α] →
        [inst_2 : IsTopologicalRing α] →
          [inst_3 : IsUniformAddGroup α] →
            {β : Type u} →
              [inst_4 : UniformSpace β] →
                [inst_5 : Ring β] →
                  [IsUniformAddGroup β] →
                    [IsTopologicalRing β] →
                      (f : α →+* β) → Continuous ⇑f → [CompleteSpace β] → [T0Space β] → UniformSpace.Completion α →+* β
instead of
  {α : Type u} →
    {β : Type v} →
      [inst : PseudoMetricSpace α] →
        [inst_1 : Ring α] →
          [inst_2 : IsTopologicalRing α] →
            [inst_3 : IsUniformAddGroup α] →
              [inst_4 : Ring β] →
                [inst_5 : PseudoMetricSpace β] →
                  [IsUniformAddGroup β] →
                    [IsTopologicalRing β] →
                      [CompleteSpace β] → [T0Space β] → {f : α →+* β} → Isometry ⇑f → UniformSpace.Completion α →+* β

Note: The updated constant is in a different namespace. Dot notation may need to be changed (e.g., from `x.extensionHom` to `UniformSpace.Completion.extensionHom x`).
warning: UnitDistance/Upstream/Yamaguchi/ValuedFieldTheory/Valuation/AbsoluteValue/Completion.lean:172:48: `Isometry.extensionHom_coe` has been deprecated: Use `UniformSpace.Completion.extensionHom_coe` instead

Note: The updated constant has a different type:
  ∀ {α : Type u_1} [inst : Ring α] [inst_1 : UniformSpace α] [inst_2 : IsTopologicalRing α]
    [inst_3 : IsUniformAddGroup α] {β : Type u} [inst_4 : UniformSpace β] [inst_5 : Ring β]
    [inst_6 : IsUniformAddGroup β] [inst_7 : IsTopologicalRing β] (f : α →+* β) (hf : Continuous ⇑f)
    [inst_8 : CompleteSpace β] [inst_9 : T0Space β] (a : α), (UniformSpace.Completion.extensionHom f hf) ↑a = f a
instead of
  ∀ {α : Type u} {β : Type v} [inst : PseudoMetricSpace α] [inst_1 : Ring α] [inst_2 : IsTopologicalRing α]
    [inst_3 : IsUniformAddGroup α] [inst_4 : Ring β] [inst_5 : PseudoMetricSpace β] [inst_6 : IsUniformAddGroup β]
    [inst_7 : IsTopologicalRing β] [inst_8 : CompleteSpace β] [inst_9 : T0Space β] {f : α →+* β} (h : Isometry ⇑f)
    (x : α), h.extensionHom ↑x = f x

Note: The updated constant is in a different namespace. Dot notation may need to be changed (e.g., from `x.extensionHom_coe` to `UniformSpace.Completion.extensionHom_coe x`).
warning: UnitDistance/Upstream/Yamaguchi/ValuedFieldTheory/Valuation/AbsoluteValue/Completion.lean:355:3: Private declaration `toCompleteTargetRingHom_isometry` accessed publicly; this is allowed only because the `backward.privateInPublic` option is enabled. 

Disable `backward.privateInPublic.warn` to silence this warning.
warning: UnitDistance/Upstream/Yamaguchi/ValuedFieldTheory/Valuation/AbsoluteValue/Completion.lean:355:48: `Isometry.extensionHom` has been deprecated: Use `UniformSpace.Completion.extensionHom` instead

Note: The updated constant has a different type:
  {α : Type u_1} →
    [inst : Ring α] →
      [inst_1 : UniformSpace α] →
        [inst_2 : IsTopologicalRing α] →
          [inst_3 : IsUniformAddGroup α] →
            {β : Type u} →
              [inst_4 : UniformSpace β] →
                [inst_5 : Ring β] →
                  [IsUniformAddGroup β] →
                    [IsTopologicalRing β] →
                      (f : α →+* β) → Continuous ⇑f → [CompleteSpace β] → [T0Space β] → UniformSpace.Completion α →+* β
instead of
  {α : Type u} →
    {β : Type v} →
      [inst : PseudoMetricSpace α] →
        [inst_1 : Ring α] →
          [inst_2 : IsTopologicalRing α] →
            [inst_3 : IsUniformAddGroup α] →
              [inst_4 : Ring β] →
                [inst_5 : PseudoMetricSpace β] →
                  [IsUniformAddGroup β] →
                    [IsTopologicalRing β] →
                      [CompleteSpace β] → [T0Space β] → {f : α →+* β} → Isometry ⇑f → UniformSpace.Completion α →+* β

Note: The updated constant is in a different namespace. Dot notation may need to be changed (e.g., from `x.extensionHom` to `UniformSpace.Completion.extensionHom x`).
warning: UnitDistance/Upstream/Yamaguchi/ValuedFieldTheory/Valuation/AbsoluteValue/Completion.lean:365:48: `Isometry.extensionHom_coe` has been deprecated: Use `UniformSpace.Completion.extensionHom_coe` instead

Note: The updated constant has a different type:
  ∀ {α : Type u_1} [inst : Ring α] [inst_1 : UniformSpace α] [inst_2 : IsTopologicalRing α]
    [inst_3 : IsUniformAddGroup α] {β : Type u} [inst_4 : UniformSpace β] [inst_5 : Ring β]
    [inst_6 : IsUniformAddGroup β] [inst_7 : IsTopologicalRing β] (f : α →+* β) (hf : Continuous ⇑f)
    [inst_8 : CompleteSpace β] [inst_9 : T0Space β] (a : α), (UniformSpace.Completion.extensionHom f hf) ↑a = f a
instead of
  ∀ {α : Type u} {β : Type v} [inst : PseudoMetricSpace α] [inst_1 : Ring α] [inst_2 : IsTopologicalRing α]
    [inst_3 : IsUniformAddGroup α] [inst_4 : Ring β] [inst_5 : PseudoMetricSpace β] [inst_6 : IsUniformAddGroup β]
    [inst_7 : IsTopologicalRing β] [inst_8 : CompleteSpace β] [inst_9 : T0Space β] {f : α →+* β} (h : Isometry ⇑f)
    (x : α), h.extensionHom ↑x = f x

Note: The updated constant is in a different namespace. Dot notation may need to be changed (e.g., from `x.extensionHom_coe` to `UniformSpace.Completion.extensionHom_coe x`).
⚠ [4894/4959] Replayed UnitDistance.Upstream.Yamaguchi.ValuedFieldTheory.Valuation.AbsoluteValue.AlgebraicLocalization
warning: UnitDistance/Upstream/Yamaguchi/ValuedFieldTheory/Valuation/AbsoluteValue/AlgebraicLocalization.lean:67:5: Private declaration `toCompletion_mem_algebraicLocalization` accessed publicly; this is allowed only because the `backward.privateInPublic` option is enabled. 

Disable `backward.privateInPublic.warn` to silence this warning.
⚠ [4900/4959] Replayed UnitDistance.Upstream.Yamaguchi.ValuedFieldTheory.Valuation.AbsoluteValue.Ostrowski
warning: UnitDistance/Upstream/Yamaguchi/ValuedFieldTheory/Valuation/AbsoluteValue/Ostrowski.lean:764:24: `Set.compl_setOf` has been deprecated: Use `Set.compl_ofPred` instead

Hint: Replace the deprecated name:
  S̵e̵t̵.̵c̵o̵m̵p̵l̵_̵s̵e̵t̵O̵f̵c̲o̲m̲p̲l̲_̲o̲f̲P̲r̲e̲d̲
warning: UnitDistance/Upstream/Yamaguchi/ValuedFieldTheory/Valuation/AbsoluteValue/Ostrowski.lean:845:26: `Set.compl_setOf` has been deprecated: Use `Set.compl_ofPred` instead

Hint: Replace the deprecated name:
  S̵e̵t̵.̵c̵o̵m̵p̵l̵_̵s̵e̵t̵O̵f̵c̲o̲m̲p̲l̲_̲o̲f̲P̲r̲e̲d̲
⚠ [4913/4959] Replayed UnitDistance.Upstream.Yamaguchi.ValuedFieldTheory.Valuation.AbsoluteValue.SpectralExtension
warning: UnitDistance/Upstream/Yamaguchi/ValuedFieldTheory/Valuation/AbsoluteValue/SpectralExtension.lean:147:4: Private declaration `spectral_spectralNorm_mul` accessed publicly; this is allowed only because the `backward.privateInPublic` option is enabled. 

Disable `backward.privateInPublic.warn` to silence this warning.
warning: UnitDistance/Upstream/Yamaguchi/ValuedFieldTheory/Valuation/AbsoluteValue/SpectralExtension.lean:150:16: Private declaration `spectral_spectralNorm_eq_zero_iff` accessed publicly; this is allowed only because the `backward.privateInPublic` option is enabled. 

Disable `backward.privateInPublic.warn` to silence this warning.
⚠ [4915/4959] Replayed UnitDistance.Upstream.Yamaguchi.ValuedFieldTheory.Valuation.AbsoluteValue.Theory.AbsoluteValues
warning: UnitDistance/Upstream/Yamaguchi/ValuedFieldTheory/Valuation/AbsoluteValue/Theory/AbsoluteValues.lean:347:10: `if_pos` has been deprecated: Use `ite_eq_left` instead

Hint: Replace the deprecated name:
  i̵f̵_̵p̵o̵s̵i̲t̲e̲_̲e̲q̲_̲l̲e̲f̲t̲
warning: UnitDistance/Upstream/Yamaguchi/ValuedFieldTheory/Valuation/AbsoluteValue/Theory/AbsoluteValues.lean:349:10: `if_neg` has been deprecated: Use `ite_eq_right` instead

Hint: Replace the deprecated name:
  i̵f̵_̵n̵e̵g̵i̲t̲e̲_̲e̲q̲_̲r̲i̲g̲h̲t̲
⚠ [4922/4959] Replayed UnitDistance.Upstream.Yamaguchi.ValuedFieldTheory.Valuation.AbsoluteValue.ValuationSubring
warning: UnitDistance/Upstream/Yamaguchi/ValuedFieldTheory/Valuation/AbsoluteValue/ValuationSubring.lean:56:10: `mul_le_one₀` has been deprecated: No replacement, use constituent lemmas from proof.
⚠ [4941/5017] Replayed UnitDistance.Upstream.Yamaguchi.ValuedFieldTheory.Valuation.DiscreteValuationField.HenselianFinite
warning: UnitDistance/Upstream/Yamaguchi/ValuedFieldTheory/Valuation/DiscreteValuationField/HenselianFinite.lean:79:6: `SetLike.le_def` has been deprecated: Use `IsConcreteLE.le_iff` instead

Note: The updated constant is in a different namespace. Dot notation may need to be changed (e.g., from `x.le_def` to `IsConcreteLE.le_iff x`).

Hint: Replace the deprecated name:
  S̵e̵t̵L̵i̵k̵e̵.̵l̵e̵_̵d̵e̵f̵I̲s̲C̲o̲n̲c̲r̲e̲t̲e̲L̲E̲.̲l̲e̲_̲i̲f̲f̲
⚠ [4945/5017] Replayed UnitDistance.Upstream.Yamaguchi.ValuedFieldTheory.Valuation.DiscreteValuationField.FiniteExtension.Defectless
warning: UnitDistance/Upstream/Yamaguchi/ValuedFieldTheory/Valuation/DiscreteValuationField/FiniteExtension/Defectless.lean:67:6: `Algebra.IsAlgebraic.finrank_of_isFractionRing` has been deprecated: Use `IsFractionRing.finrank_eq` instead

Note: The updated constant is in a different namespace. Dot notation may need to be changed (e.g., from `x.finrank_of_isFractionRing` to `IsFractionRing.finrank_eq x`).

Hint: Replace the deprecated name:
  A̵l̵g̵e̵b̵r̵a̵.̵I̵s̵A̵l̵g̵e̵b̵r̵a̵i̵c̵.̵f̵i̵n̵r̵a̵n̵k̵_̵o̵f̵_̵i̵s̵F̵r̵a̵c̵t̵i̵o̵n̵R̵i̵n̵g̵I̲s̲F̲r̲a̲c̲t̲i̲o̲n̲R̲i̲n̲g̲.̲f̲i̲n̲r̲a̲n̲k̲_̲e̲q̲
⚠ [4947/5017] Replayed UnitDistance.Upstream.Yamaguchi.ValuedFieldTheory.Valuation.DiscreteValuationField.FiniteExtension.Uniqueness
warning: UnitDistance/Upstream/Yamaguchi/ValuedFieldTheory/Valuation/DiscreteValuationField/FiniteExtension/Uniqueness.lean:1222:24: `Ideal.inertiaDeg'` has been deprecated: Use `Ideal.inertiaDeg` instead.
warning: UnitDistance/Upstream/Yamaguchi/ValuedFieldTheory/Valuation/DiscreteValuationField/FiniteExtension/Uniqueness.lean:1225:14: `Ideal.inertiaDeg'_eq_inertiaDeg` has been deprecated: Use `inertiaDeg_eq_of_isMaximal` instead.
warning: UnitDistance/Upstream/Yamaguchi/ValuedFieldTheory/Valuation/DiscreteValuationField/FiniteExtension/Uniqueness.lean:1249:14: `Ideal.inertiaDeg'_eq_inertiaDeg` has been deprecated: Use `inertiaDeg_eq_of_isMaximal` instead.
⚠ [4982/5017] Replayed UnitDistance.Upstream.Yamaguchi.ValuedFieldTheory.Valuation.Completion.PolynomialFactors
warning: UnitDistance/Upstream/Yamaguchi/ValuedFieldTheory/Valuation/Completion/PolynomialFactors.lean:133:60: `Set.mem_setOf_eq` has been deprecated: Use `Set.mem_ofPred_eq` instead

Hint: Replace the deprecated name:
  S̵e̵t̵.̵m̵e̵m̵_̵s̵e̵t̵O̵f̵_̵e̵q̵S̲e̲t̲.̲m̲e̲m̲_̲o̲f̲P̲r̲e̲d̲_̲e̲q̲
⚠ [4986/5017] Replayed UnitDistance.Upstream.Yamaguchi.GaloisCohomology.Cyclic.TateH0.Invariants
warning: UnitDistance/Upstream/Yamaguchi/GaloisCohomology/Cyclic/TateH0/Invariants.lean:119:36: Private declaration `invariantUnitToBaseUnit` accessed publicly; this is allowed only because the `backward.privateInPublic` option is enabled. 

Disable `backward.privateInPublic.warn` to silence this warning.
warning: UnitDistance/Upstream/Yamaguchi/GaloisCohomology/Cyclic/TateH0/Invariants.lean:120:21: Private declaration `baseUnitToInvariantUnit` accessed publicly; this is allowed only because the `backward.privateInPublic` option is enabled. 

Disable `backward.privateInPublic.warn` to silence this warning.
warning: UnitDistance/Upstream/Yamaguchi/GaloisCohomology/Cyclic/TateH0/Invariants.lean:121:14: Private declaration `baseUnitToInvariantUnit_invariantUnitToBaseUnit` accessed publicly; this is allowed only because the `backward.privateInPublic` option is enabled. 

Disable `backward.privateInPublic.warn` to silence this warning.
⚠ [4993/5060] Replayed UnitDistance.Upstream.Yamaguchi.ValuedFieldTheory.Valuation.AbsoluteValue.AlgebraicExtension.Core
warning: UnitDistance/Upstream/Yamaguchi/ValuedFieldTheory/Valuation/AbsoluteValue/AlgebraicExtension/Core.lean:499:10: Private declaration `algebraicExtension_nonarchimedean` accessed publicly; this is allowed only because the `backward.privateInPublic` option is enabled. 

Disable `backward.privateInPublic.warn` to silence this warning.
warning: UnitDistance/Upstream/Yamaguchi/ValuedFieldTheory/Valuation/AbsoluteValue/AlgebraicExtension/Core.lean:501:10: Private declaration `algebraicExtension_archimedean` accessed publicly; this is allowed only because the `backward.privateInPublic` option is enabled. 

Disable `backward.privateInPublic.warn` to silence this warning.
⚠ [4996/5060] Replayed UnitDistance.Upstream.Yamaguchi.ValuedFieldTheory.Valuation.Henselian.MonicFactorization
warning: UnitDistance/Upstream/Yamaguchi/ValuedFieldTheory/Valuation/Henselian/MonicFactorization.lean:217:8: `mul_lt_one_of_nonneg_of_lt_one_left` has been deprecated: No replacement, use constituent lemmas from proof.
warning: UnitDistance/Upstream/Yamaguchi/ValuedFieldTheory/Valuation/Henselian/MonicFactorization.lean:819:12: `mul_lt_one_of_nonneg_of_lt_one_left` has been deprecated: No replacement, use constituent lemmas from proof.
⚠ [4997/5060] Replayed UnitDistance.Upstream.Yamaguchi.ValuedFieldTheory.Valuation.Henselian.UniqueExtensionPrimitive
warning: UnitDistance/Upstream/Yamaguchi/ValuedFieldTheory/Valuation/Henselian/UniqueExtensionPrimitive.lean:275:6: `mul_lt_one_of_nonneg_of_lt_one_left` has been deprecated: No replacement, use constituent lemmas from proof.
warning: UnitDistance/Upstream/Yamaguchi/ValuedFieldTheory/Valuation/Henselian/UniqueExtensionPrimitive.lean:312:55: `if_false` has been deprecated: Use `ite_false` instead

Hint: Replace the deprecated name:
  i̵f̵_̵f̵a̵l̵s̵e̵i̲t̲e̲_̲f̲a̲l̲s̲e̲
⚠ [4999/5060] Replayed UnitDistance.Upstream.Yamaguchi.ValuedFieldTheory.Valuation.AbsoluteValue.AlgebraicExtension.RamificationInvariants
warning: UnitDistance/Upstream/Yamaguchi/ValuedFieldTheory/Valuation/AbsoluteValue/AlgebraicExtension/RamificationInvariants.lean:707:35: `Ideal.inertiaDeg'` has been deprecated: Use `Ideal.inertiaDeg` instead.
warning: UnitDistance/Upstream/Yamaguchi/ValuedFieldTheory/Valuation/AbsoluteValue/AlgebraicExtension/RamificationInvariants.lean:725:33: `Ideal.inertiaDeg'` has been deprecated: Use `Ideal.inertiaDeg` instead.
warning: UnitDistance/Upstream/Yamaguchi/ValuedFieldTheory/Valuation/AbsoluteValue/AlgebraicExtension/RamificationInvariants.lean:751:13: `Ideal.inertiaDeg'_algebraMap` has been deprecated: Use `Ideal.inertiaDeg_eq_of_isMaximal` instead.
warning: UnitDistance/Upstream/Yamaguchi/ValuedFieldTheory/Valuation/AbsoluteValue/AlgebraicExtension/RamificationInvariants.lean:786:28: `if_false` has been deprecated: Use `ite_false` instead

Hint: Replace the deprecated name:
  i̵f̵_̵f̵a̵l̵s̵e̵i̲t̲e̲_̲f̲a̲l̲s̲e̲
warning: UnitDistance/Upstream/Yamaguchi/ValuedFieldTheory/Valuation/AbsoluteValue/AlgebraicExtension/RamificationInvariants.lean:804:30: `if_false` has been deprecated: Use `ite_false` instead

Hint: Replace the deprecated name:
  i̵f̵_̵f̵a̵l̵s̵e̵i̲t̲e̲_̲f̲a̲l̲s̲e̲
warning: UnitDistance/Upstream/Yamaguchi/ValuedFieldTheory/Valuation/AbsoluteValue/AlgebraicExtension/RamificationInvariants.lean:804:40: `if_true` has been deprecated: Use `ite_true` instead

Hint: Replace the deprecated name:
  i̵f̵_̵t̵r̵u̵e̵i̲t̲e̲_̲t̲r̲u̲e̲
warning: UnitDistance/Upstream/Yamaguchi/ValuedFieldTheory/Valuation/AbsoluteValue/AlgebraicExtension/RamificationInvariants.lean:829:29: `if_false` has been deprecated: Use `ite_false` instead

Hint: Replace the deprecated name:
  i̵f̵_̵f̵a̵l̵s̵e̵i̲t̲e̲_̲f̲a̲l̲s̲e̲
warning: UnitDistance/Upstream/Yamaguchi/ValuedFieldTheory/Valuation/AbsoluteValue/AlgebraicExtension/RamificationInvariants.lean:1567:37: `Ideal.inertiaDeg'` has been deprecated: Use `Ideal.inertiaDeg` instead.
warning: UnitDistance/Upstream/Yamaguchi/ValuedFieldTheory/Valuation/AbsoluteValue/AlgebraicExtension/RamificationInvariants.lean:1582:6: `Ideal.inertiaDeg'_eq_inertiaDeg` has been deprecated: Use `inertiaDeg_eq_of_isMaximal` instead.
warning: UnitDistance/Upstream/Yamaguchi/ValuedFieldTheory/Valuation/AbsoluteValue/AlgebraicExtension/RamificationInvariants.lean:1583:6: `Algebra.IsAlgebraic.finrank_of_isFractionRing` has been deprecated: Use `IsFractionRing.finrank_eq` instead

Note: The updated constant is in a different namespace. Dot notation may need to be changed (e.g., from `x.finrank_of_isFractionRing` to `IsFractionRing.finrank_eq x`).

Hint: Replace the deprecated name:
  A̵l̵g̵e̵b̵r̵a̵.̵I̵s̵A̵l̵g̵e̵b̵r̵a̵i̵c̵.̵f̵i̵n̵r̵a̵n̵k̵_̵o̵f̵_̵i̵s̵F̵r̵a̵c̵t̵i̵o̵n̵R̵i̵n̵g̵I̲s̲F̲r̲a̲c̲t̲i̲o̲n̲R̲i̲n̲g̲.̲f̲i̲n̲r̲a̲n̲k̲_̲e̲q̲
⚠ [5002/5060] Replayed UnitDistance.Upstream.Yamaguchi.ValuedFieldTheory.Valuation.AbsoluteValue.ExponentialValuation
warning: UnitDistance/Upstream/Yamaguchi/ValuedFieldTheory/Valuation/AbsoluteValue/ExponentialValuation.lean:57:28: `if_false` has been deprecated: Use `ite_false` instead

Hint: Replace the deprecated name:
  i̵f̵_̵f̵a̵l̵s̵e̵i̲t̲e̲_̲f̲a̲l̲s̲e̲
warning: UnitDistance/Upstream/Yamaguchi/ValuedFieldTheory/Valuation/AbsoluteValue/ExponentialValuation.lean:69:28: `if_false` has been deprecated: Use `ite_false` instead

Hint: Replace the deprecated name:
  i̵f̵_̵f̵a̵l̵s̵e̵i̲t̲e̲_̲f̲a̲l̲s̲e̲
⚠ [5003/5060] Replayed UnitDistance.Upstream.Yamaguchi.ValuedFieldTheory.Valuation.Completion.AbsoluteValueExtensions
warning: UnitDistance/Upstream/Yamaguchi/ValuedFieldTheory/Valuation/Completion/AbsoluteValueExtensions.lean:490:23: `Isometry.extensionHom` has been deprecated: Use `UniformSpace.Completion.extensionHom` instead

Note: The updated constant has a different type:
  {α : Type u_1} →
    [inst : Ring α] →
      [inst_1 : UniformSpace α] →
        [inst_2 : IsTopologicalRing α] →
          [inst_3 : IsUniformAddGroup α] →
            {β : Type u} →
              [inst_4 : UniformSpace β] →
                [inst_5 : Ring β] →
                  [IsUniformAddGroup β] →
                    [IsTopologicalRing β] →
                      (f : α →+* β) → Continuous ⇑f → [CompleteSpace β] → [T0Space β] → UniformSpace.Completion α →+* β
instead of
  {α : Type u} →
    {β : Type v} →
      [inst : PseudoMetricSpace α] →
        [inst_1 : Ring α] →
          [inst_2 : IsTopologicalRing α] →
            [inst_3 : IsUniformAddGroup α] →
              [inst_4 : Ring β] →
                [inst_5 : PseudoMetricSpace β] →
                  [IsUniformAddGroup β] →
                    [IsTopologicalRing β] →
                      [CompleteSpace β] → [T0Space β] → {f : α →+* β} → Isometry ⇑f → UniformSpace.Completion α →+* β

Note: The updated constant is in a different namespace. Dot notation may need to be changed (e.g., from `x.extensionHom` to `UniformSpace.Completion.extensionHom x`).
warning: UnitDistance/Upstream/Yamaguchi/ValuedFieldTheory/Valuation/Completion/AbsoluteValueExtensions.lean:505:23: `Isometry.extensionHom_coe` has been deprecated: Use `UniformSpace.Completion.extensionHom_coe` instead

Note: The updated constant has a different type:
  ∀ {α : Type u_1} [inst : Ring α] [inst_1 : UniformSpace α] [inst_2 : IsTopologicalRing α]
    [inst_3 : IsUniformAddGroup α] {β : Type u} [inst_4 : UniformSpace β] [inst_5 : Ring β]
    [inst_6 : IsUniformAddGroup β] [inst_7 : IsTopologicalRing β] (f : α →+* β) (hf : Continuous ⇑f)
    [inst_8 : CompleteSpace β] [inst_9 : T0Space β] (a : α), (UniformSpace.Completion.extensionHom f hf) ↑a = f a
instead of
  ∀ {α : Type u} {β : Type v} [inst : PseudoMetricSpace α] [inst_1 : Ring α] [inst_2 : IsTopologicalRing α]
    [inst_3 : IsUniformAddGroup α] [inst_4 : Ring β] [inst_5 : PseudoMetricSpace β] [inst_6 : IsUniformAddGroup β]
    [inst_7 : IsTopologicalRing β] [inst_8 : CompleteSpace β] [inst_9 : T0Space β] {f : α →+* β} (h : Isometry ⇑f)
    (x : α), h.extensionHom ↑x = f x

Note: The updated constant is in a different namespace. Dot notation may need to be changed (e.g., from `x.extensionHom_coe` to `UniformSpace.Completion.extensionHom_coe x`).
warning: UnitDistance/Upstream/Yamaguchi/ValuedFieldTheory/Valuation/Completion/AbsoluteValueExtensions.lean:751:4: `IsAlgClosed.surjective_restrictDomain_of_isAlgebraic` has been deprecated: Use `IsAlgClosed.surjective_domRestrict_of_isAlgebraic` instead

Hint: Replace the deprecated name:
  I̵s̵A̵l̵g̵C̵l̵o̵s̵e̵d̵.̵s̵u̵r̵j̵e̵c̵t̵i̵v̵e̵_̵r̵e̵s̵t̵r̵i̵c̵t̵D̵o̵m̵a̵i̵n̵_̵o̵f̵_̵i̵s̵A̵l̵g̵e̵b̵r̵a̵i̵c̵I̲s̲A̲l̲g̲C̲l̲o̲s̲e̲d̲.̲s̲u̲r̲j̲e̲c̲t̲i̲v̲e̲_̲d̲o̲m̲R̲e̲s̲t̲r̲i̲c̲t̲_̲o̲f̲_̲i̲s̲A̲l̲g̲e̲b̲r̲a̲i̲c̲
⚠ [5004/5060] Replayed UnitDistance.Upstream.Yamaguchi.ValuedFieldTheory.Valuation.Completion.FiniteLocalization
warning: UnitDistance/Upstream/Yamaguchi/ValuedFieldTheory/Valuation/Completion/FiniteLocalization.lean:160:20: `TensorProduct.induction_on` has been deprecated: Use `TensorProduction.inductionOn` instead
⚠ [5010/5060] Replayed UnitDistance.Upstream.Yamaguchi.GaloisCohomology.Cyclic.GaloisCohomology
warning: UnitDistance/Upstream/Yamaguchi/GaloisCohomology/Cyclic/GaloisCohomology.lean:63:23: Private declaration `isCyclic_of_forall_mem_zpowers` accessed publicly; this is allowed only because the `backward.privateInPublic` option is enabled. 

Disable `backward.privateInPublic.warn` to silence this warning.
⚠ [5012/5060] Replayed UnitDistance.Upstream.Yamaguchi.ClassFieldTheory.LocalClassFieldTheory.ClassFormation.CohomologyBridge
warning: UnitDistance/Upstream/Yamaguchi/ClassFieldTheory/LocalClassFieldTheory/ClassFormation/CohomologyBridge.lean:148:2: Private declaration `additiveEquivToQuotientHom` accessed publicly; this is allowed only because the `backward.privateInPublic` option is enabled. 

Disable `backward.privateInPublic.warn` to silence this warning.
warning: UnitDistance/Upstream/Yamaguchi/ClassFieldTheory/LocalClassFieldTheory/ClassFormation/CohomologyBridge.lean:157:2: Private declaration `additiveHomToMultiplicativeHom` accessed publicly; this is allowed only because the `backward.privateInPublic` option is enabled. 

Disable `backward.privateInPublic.warn` to silence this warning.
warning: UnitDistance/Upstream/Yamaguchi/ClassFieldTheory/LocalClassFieldTheory/ClassFormation/CohomologyBridge.lean:174:4: Private declaration `kernelOfAdditiveQuotientHom` accessed publicly; this is allowed only because the `backward.privateInPublic` option is enabled. 

Disable `backward.privateInPublic.warn` to silence this warning.
warning: UnitDistance/Upstream/Yamaguchi/ClassFieldTheory/LocalClassFieldTheory/ClassFormation/CohomologyBridge.lean:243:2: Private declaration `quotientMulEquivOfSurjectiveAdditiveQuotient` accessed publicly; this is allowed only because the `backward.privateInPublic` option is enabled. 

Disable `backward.privateInPublic.warn` to silence this warning.
warning: UnitDistance/Upstream/Yamaguchi/ClassFieldTheory/LocalClassFieldTheory/ClassFormation/CohomologyBridge.lean:256:3: Private declaration `mulEquivMultiplicativeToEquiv` accessed publicly; this is allowed only because the `backward.privateInPublic` option is enabled. 

Disable `backward.privateInPublic.warn` to silence this warning.
warning: UnitDistance/Upstream/Yamaguchi/ClassFieldTheory/LocalClassFieldTheory/ClassFormation/CohomologyBridge.lean:326:2: Private declaration `additiveEquivToQuotientHom` accessed publicly; this is allowed only because the `backward.privateInPublic` option is enabled. 

Disable `backward.privateInPublic.warn` to silence this warning.
warning: UnitDistance/Upstream/Yamaguchi/ClassFieldTheory/LocalClassFieldTheory/ClassFormation/CohomologyBridge.lean:337:2: Private declaration `additiveHomToMultiplicativeHom` accessed publicly; this is allowed only because the `backward.privateInPublic` option is enabled. 

Disable `backward.privateInPublic.warn` to silence this warning.
warning: UnitDistance/Upstream/Yamaguchi/ClassFieldTheory/LocalClassFieldTheory/ClassFormation/CohomologyBridge.lean:344:4: Private declaration `kernelOfAdditiveQuotientHom` accessed publicly; this is allowed only because the `backward.privateInPublic` option is enabled. 

Disable `backward.privateInPublic.warn` to silence this warning.
warning: UnitDistance/Upstream/Yamaguchi/ClassFieldTheory/LocalClassFieldTheory/ClassFormation/CohomologyBridge.lean:433:5: Private declaration `quotientMulEquivOfSurjectiveAdditiveQuotient` accessed publicly; this is allowed only because the `backward.privateInPublic` option is enabled. 

Disable `backward.privateInPublic.warn` to silence this warning.
warning: UnitDistance/Upstream/Yamaguchi/ClassFieldTheory/LocalClassFieldTheory/ClassFormation/CohomologyBridge.lean:447:2: Private declaration `mulEquivMultiplicativeToEquiv` accessed publicly; this is allowed only because the `backward.privateInPublic` option is enabled. 

Disable `backward.privateInPublic.warn` to silence this warning.
⚠ [5029/5060] Replayed UnitDistance.Upstream.Yamaguchi.ValuedFieldTheory.LocalField.NonarchimedeanLocalField.PrincipalUnitQuotients
warning: UnitDistance/Upstream/Yamaguchi/ValuedFieldTheory/LocalField/NonarchimedeanLocalField/PrincipalUnitQuotients.lean:191:15: `Irreducible.maximalIdeal_pow_eq_setOf_le_v_coe_pow` has been deprecated: Use `Irreducible.maximalIdeal_pow_eq_setOfPred_le_v_coe_pow` instead

Hint: Replace the deprecated name:
  Irreducible.maximalIdeal_pow_eq_setOfP̲r̲e̲d̲_le_v_coe_pow
warning: UnitDistance/Upstream/Yamaguchi/ValuedFieldTheory/LocalField/NonarchimedeanLocalField/PrincipalUnitQuotients.lean:215:15: `Irreducible.maximalIdeal_pow_eq_setOf_le_v_coe_pow` has been deprecated: Use `Irreducible.maximalIdeal_pow_eq_setOfPred_le_v_coe_pow` instead

Hint: Replace the deprecated name:
  Irreducible.maximalIdeal_pow_eq_setOfP̲r̲e̲d̲_le_v_coe_pow
warning: UnitDistance/Upstream/Yamaguchi/ValuedFieldTheory/LocalField/NonarchimedeanLocalField/PrincipalUnitQuotients.lean:227:13: `Set.mem_setOf_eq` has been deprecated: Use `Set.mem_ofPred_eq` instead

Hint: Replace the deprecated name:
  S̵e̵t̵.̵m̵e̵m̵_̵s̵e̵t̵O̵f̵_̵e̵q̵S̲e̲t̲.̲m̲e̲m̲_̲o̲f̲P̲r̲e̲d̲_̲e̲q̲
warning: UnitDistance/Upstream/Yamaguchi/ValuedFieldTheory/LocalField/NonarchimedeanLocalField/PrincipalUnitQuotients.lean:248:17: `Irreducible.maximalIdeal_pow_eq_setOf_le_v_coe_pow` has been deprecated: Use `Irreducible.maximalIdeal_pow_eq_setOfPred_le_v_coe_pow` instead

Hint: Replace the deprecated name:
  Irreducible.maximalIdeal_pow_eq_setOfP̲r̲e̲d̲_le_v_coe_pow
⚠ [5030/5060] Replayed UnitDistance.Upstream.Yamaguchi.ValuedFieldTheory.LocalField.NonarchimedeanLocalField.IdealQuotients
warning: UnitDistance/Upstream/Yamaguchi/ValuedFieldTheory/LocalField/NonarchimedeanLocalField/IdealQuotients.lean:208:19: `Valuation.integer.coe_span_singleton_eq_setOf_le_v_coe` has been deprecated: Use `Valuation.integer.coe_span_singleton_eq_setOfPred_le_v_coe` instead

Hint: Replace the deprecated name:
  Valuation.integer.coe_span_singleton_eq_setOfP̲r̲e̲d̲_le_v_coe
⚠ [5032/5060] Replayed UnitDistance.Upstream.Yamaguchi.ValuedFieldTheory.LocalField.NonarchimedeanLocalField.PrincipalUnitActions
warning: UnitDistance/Upstream/Yamaguchi/ValuedFieldTheory/LocalField/NonarchimedeanLocalField/PrincipalUnitActions.lean:143:7: Private declaration `maximalIdealPowSuccQuotMapOfIntegerRingEquiv_respects` accessed publicly; this is allowed only because the `backward.privateInPublic` option is enabled. 

Disable `backward.privateInPublic.warn` to silence this warning.
⚠ [5035/5060] Replayed UnitDistance.Upstream.Yamaguchi.ValuedFieldTheory.LocalField.NonarchimedeanLocalField.ResidueExtension
warning: UnitDistance/Upstream/Yamaguchi/ValuedFieldTheory/LocalField/NonarchimedeanLocalField/ResidueExtension.lean:383:4: `Algebra.IsAlgebraic.finrank_of_isFractionRing` has been deprecated: Use `IsFractionRing.finrank_eq` instead

Note: The updated constant is in a different namespace. Dot notation may need to be changed (e.g., from `x.finrank_of_isFractionRing` to `IsFractionRing.finrank_eq x`).

Hint: Replace the deprecated name:
  A̵l̵g̵e̵b̵r̵a̵.̵I̵s̵A̵l̵g̵e̵b̵r̵a̵i̵c̵.̵f̵i̵n̵r̵a̵n̵k̵_̵o̵f̵_̵i̵s̵F̵r̵a̵c̵t̵i̵o̵n̵R̵i̵n̵g̵I̲s̲F̲r̲a̲c̲t̲i̲o̲n̲R̲i̲n̲g̲.̲f̲i̲n̲r̲a̲n̲k̲_̲e̲q̲
⚠ [5046/5116] Replayed UnitDistance.Upstream.Yamaguchi.ClassFieldTheory.LocalClassFieldTheory.ClassFormation.LocalBlocks.Tensor
warning: UnitDistance/Upstream/Yamaguchi/ClassFieldTheory/LocalClassFieldTheory/ClassFormation/LocalBlocks/Tensor.lean:92:20: `TensorProduct.induction_on` has been deprecated: Use `TensorProduction.inductionOn` instead
warning: UnitDistance/Upstream/Yamaguchi/ClassFieldTheory/LocalClassFieldTheory/ClassFormation/LocalBlocks/Tensor.lean:104:20: `TensorProduct.induction_on` has been deprecated: Use `TensorProduction.inductionOn` instead
warning: UnitDistance/Upstream/Yamaguchi/ClassFieldTheory/LocalClassFieldTheory/ClassFormation/LocalBlocks/Tensor.lean:388:20: `TensorProduct.induction_on` has been deprecated: Use `TensorProduction.inductionOn` instead
warning: UnitDistance/Upstream/Yamaguchi/ClassFieldTheory/LocalClassFieldTheory/ClassFormation/LocalBlocks/Tensor.lean:509:20: `TensorProduct.induction_on` has been deprecated: Use `TensorProduction.inductionOn` instead
⚠ [5060/5116] Replayed UnitDistance.Upstream.Yamaguchi.ValuedFieldTheory.Ramification.HilbertRamification.BaseChange
warning: UnitDistance/Upstream/Yamaguchi/ValuedFieldTheory/Ramification/HilbertRamification/BaseChange.lean:106:11: Private declaration `galoisPullbackElement` accessed publicly; this is allowed only because the `backward.privateInPublic` option is enabled. 

Disable `backward.privateInPublic.warn` to silence this warning.
warning: UnitDistance/Upstream/Yamaguchi/ValuedFieldTheory/Ramification/HilbertRamification/BaseChange.lean:222:28: Private declaration `pulledValuationSubring` accessed publicly; this is allowed only because the `backward.privateInPublic` option is enabled. 

Disable `backward.privateInPublic.warn` to silence this warning.
warning: UnitDistance/Upstream/Yamaguchi/ValuedFieldTheory/Ramification/HilbertRamification/BaseChange.lean:262:22: Private declaration `pulledValuationSubring` accessed publicly; this is allowed only because the `backward.privateInPublic` option is enabled. 

Disable `backward.privateInPublic.warn` to silence this warning.
warning: UnitDistance/Upstream/Yamaguchi/ValuedFieldTheory/Ramification/HilbertRamification/BaseChange.lean:267:8: Private declaration `mem_inertiaGroup_iff_sub_mem_nonunits` accessed publicly; this is allowed only because the `backward.privateInPublic` option is enabled. 

Disable `backward.privateInPublic.warn` to silence this warning.
warning: UnitDistance/Upstream/Yamaguchi/ValuedFieldTheory/Ramification/HilbertRamification/BaseChange.lean:267:8: Private declaration `mem_inertiaGroup_iff_sub_mem_nonunits` accessed publicly; this is allowed only because the `backward.privateInPublic` option is enabled. 

Disable `backward.privateInPublic.warn` to silence this warning.
warning: UnitDistance/Upstream/Yamaguchi/ValuedFieldTheory/Ramification/HilbertRamification/BaseChange.lean:269:8: Private declaration `mem_nonunits_pulled_iff` accessed publicly; this is allowed only because the `backward.privateInPublic` option is enabled. 

Disable `backward.privateInPublic.warn` to silence this warning.
warning: UnitDistance/Upstream/Yamaguchi/ValuedFieldTheory/Ramification/HilbertRamification/BaseChange.lean:269:8: Private declaration `mem_nonunits_pulled_iff` accessed publicly; this is allowed only because the `backward.privateInPublic` option is enabled. 

Disable `backward.privateInPublic.warn` to silence this warning.
warning: UnitDistance/Upstream/Yamaguchi/ValuedFieldTheory/Ramification/HilbertRamification/BaseChange.lean:270:17: Private declaration `decompositionGroupMap_commutes` accessed publicly; this is allowed only because the `backward.privateInPublic` option is enabled. 

Disable `backward.privateInPublic.warn` to silence this warning.
warning: UnitDistance/Upstream/Yamaguchi/ValuedFieldTheory/Ramification/HilbertRamification/BaseChange.lean:270:17: Private declaration `decompositionGroupMap_commutes` accessed publicly; this is allowed only because the `backward.privateInPublic` option is enabled. 

Disable `backward.privateInPublic.warn` to silence this warning.
warning: UnitDistance/Upstream/Yamaguchi/ValuedFieldTheory/Ramification/HilbertRamification/BaseChange.lean:271:11: Private declaration `mem_inertiaGroup_iff_sub_mem_nonunits` accessed publicly; this is allowed only because the `backward.privateInPublic` option is enabled. 

Disable `backward.privateInPublic.warn` to silence this warning.
warning: UnitDistance/Upstream/Yamaguchi/ValuedFieldTheory/Ramification/HilbertRamification/BaseChange.lean:328:27: Private declaration `pulledValuationSubring` accessed publicly; this is allowed only because the `backward.privateInPublic` option is enabled. 

Disable `backward.privateInPublic.warn` to silence this warning.
warning: UnitDistance/Upstream/Yamaguchi/ValuedFieldTheory/Ramification/HilbertRamification/BaseChange.lean:331:26: Private declaration `pulledValuationSubring` accessed publicly; this is allowed only because the `backward.privateInPublic` option is enabled. 

Disable `backward.privateInPublic.warn` to silence this warning.
⚠ [5061/5116] Replayed UnitDistance.Upstream.Yamaguchi.ValuedFieldTheory.Ramification.HilbertRamification.LocalizationDensity
warning: UnitDistance/Upstream/Yamaguchi/ValuedFieldTheory/Ramification/HilbertRamification/LocalizationDensity.lean:156:9: Private declaration `localization` accessed publicly; this is allowed only because the `backward.privateInPublic` option is enabled. 

Disable `backward.privateInPublic.warn` to silence this warning.
warning: UnitDistance/Upstream/Yamaguchi/ValuedFieldTheory/Ramification/HilbertRamification/LocalizationDensity.lean:158:6: Private declaration `localizationAbsoluteValue` accessed publicly; this is allowed only because the `backward.privateInPublic` option is enabled. 

Disable `backward.privateInPublic.warn` to silence this warning.
warning: UnitDistance/Upstream/Yamaguchi/ValuedFieldTheory/Ramification/HilbertRamification/LocalizationDensity.lean:158:42: Private declaration `toLocalization` accessed publicly; this is allowed only because the `backward.privateInPublic` option is enabled. 

Disable `backward.privateInPublic.warn` to silence this warning.
warning: UnitDistance/Upstream/Yamaguchi/ValuedFieldTheory/Ramification/HilbertRamification/LocalizationDensity.lean:172:54: Private declaration `localizationAbsoluteValue` accessed publicly; this is allowed only because the `backward.privateInPublic` option is enabled. 

Disable `backward.privateInPublic.warn` to silence this warning.
warning: UnitDistance/Upstream/Yamaguchi/ValuedFieldTheory/Ramification/HilbertRamification/LocalizationDensity.lean:196:5: Private declaration `localizationValuationSubring` accessed publicly; this is allowed only because the `backward.privateInPublic` option is enabled. 

Disable `backward.privateInPublic.warn` to silence this warning.
warning: UnitDistance/Upstream/Yamaguchi/ValuedFieldTheory/Ramification/HilbertRamification/LocalizationDensity.lean:196:50: Private declaration `toLocalization` accessed publicly; this is allowed only because the `backward.privateInPublic` option is enabled. 

Disable `backward.privateInPublic.warn` to silence this warning.
warning: UnitDistance/Upstream/Yamaguchi/ValuedFieldTheory/Ramification/HilbertRamification/LocalizationDensity.lean:197:6: Private declaration `extensionValuationSubring` accessed publicly; this is allowed only because the `backward.privateInPublic` option is enabled. 

Disable `backward.privateInPublic.warn` to silence this warning.
warning: UnitDistance/Upstream/Yamaguchi/ValuedFieldTheory/Ramification/HilbertRamification/LocalizationDensity.lean:210:11: Private declaration `localization` accessed publicly; this is allowed only because the `backward.privateInPublic` option is enabled. 

Disable `backward.privateInPublic.warn` to silence this warning.
warning: UnitDistance/Upstream/Yamaguchi/ValuedFieldTheory/Ramification/HilbertRamification/LocalizationDensity.lean:210:47: Private declaration `localization` accessed publicly; this is allowed only because the `backward.privateInPublic` option is enabled. 

Disable `backward.privateInPublic.warn` to silence this warning.
warning: UnitDistance/Upstream/Yamaguchi/ValuedFieldTheory/Ramification/HilbertRamification/LocalizationDensity.lean:211:9: Private declaration `localization` accessed publicly; this is allowed only because the `backward.privateInPublic` option is enabled. 

Disable `backward.privateInPublic.warn` to silence this warning.
warning: UnitDistance/Upstream/Yamaguchi/ValuedFieldTheory/Ramification/HilbertRamification/LocalizationDensity.lean:212:4: Private declaration `localizationAbsoluteValue` accessed publicly; this is allowed only because the `backward.privateInPublic` option is enabled. 

Disable `backward.privateInPublic.warn` to silence this warning.
warning: UnitDistance/Upstream/Yamaguchi/ValuedFieldTheory/Ramification/HilbertRamification/LocalizationDensity.lean:213:6: Private declaration `localizationAbsoluteValue` accessed publicly; this is allowed only because the `backward.privateInPublic` option is enabled. 

Disable `backward.privateInPublic.warn` to silence this warning.
warning: UnitDistance/Upstream/Yamaguchi/ValuedFieldTheory/Ramification/HilbertRamification/LocalizationDensity.lean:244:9: Private declaration `localizationValuationSubring` accessed publicly; this is allowed only because the `backward.privateInPublic` option is enabled. 

Disable `backward.privateInPublic.warn` to silence this warning.
warning: UnitDistance/Upstream/Yamaguchi/ValuedFieldTheory/Ramification/HilbertRamification/LocalizationDensity.lean:245:10: Private declaration `extensionValuationSubring` accessed publicly; this is allowed only because the `backward.privateInPublic` option is enabled. 

Disable `backward.privateInPublic.warn` to silence this warning.
warning: UnitDistance/Upstream/Yamaguchi/ValuedFieldTheory/Ramification/HilbertRamification/LocalizationDensity.lean:246:6: Private declaration `localizationAbsoluteValue` accessed publicly; this is allowed only because the `backward.privateInPublic` option is enabled. 

Disable `backward.privateInPublic.warn` to silence this warning.
warning: UnitDistance/Upstream/Yamaguchi/ValuedFieldTheory/Ramification/HilbertRamification/LocalizationDensity.lean:247:16: Private declaration `localization` accessed publicly; this is allowed only because the `backward.privateInPublic` option is enabled. 

Disable `backward.privateInPublic.warn` to silence this warning.
warning: UnitDistance/Upstream/Yamaguchi/ValuedFieldTheory/Ramification/HilbertRamification/LocalizationDensity.lean:248:12: Private declaration `toLocalization` accessed publicly; this is allowed only because the `backward.privateInPublic` option is enabled. 

Disable `backward.privateInPublic.warn` to silence this warning.
warning: UnitDistance/Upstream/Yamaguchi/ValuedFieldTheory/Ramification/HilbertRamification/LocalizationDensity.lean:291:7: Private declaration `localizationValuationSubring` accessed publicly; this is allowed only because the `backward.privateInPublic` option is enabled. 

Disable `backward.privateInPublic.warn` to silence this warning.
warning: UnitDistance/Upstream/Yamaguchi/ValuedFieldTheory/Ramification/HilbertRamification/LocalizationDensity.lean:293:7: Private declaration `extensionValuationSubring` accessed publicly; this is allowed only because the `backward.privateInPublic` option is enabled. 

Disable `backward.privateInPublic.warn` to silence this warning.
warning: UnitDistance/Upstream/Yamaguchi/ValuedFieldTheory/Ramification/HilbertRamification/LocalizationDensity.lean:295:14: Private declaration `localization` accessed publicly; this is allowed only because the `backward.privateInPublic` option is enabled. 

Disable `backward.privateInPublic.warn` to silence this warning.
warning: UnitDistance/Upstream/Yamaguchi/ValuedFieldTheory/Ramification/HilbertRamification/LocalizationDensity.lean:295:50: Private declaration `localization` accessed publicly; this is allowed only because the `backward.privateInPublic` option is enabled. 

Disable `backward.privateInPublic.warn` to silence this warning.
warning: UnitDistance/Upstream/Yamaguchi/ValuedFieldTheory/Ramification/HilbertRamification/LocalizationDensity.lean:296:11: Private declaration `toLocalization` accessed publicly; this is allowed only because the `backward.privateInPublic` option is enabled. 

Disable `backward.privateInPublic.warn` to silence this warning.
warning: UnitDistance/Upstream/Yamaguchi/ValuedFieldTheory/Ramification/HilbertRamification/LocalizationDensity.lean:297:8: Private declaration `toLocalization` accessed publicly; this is allowed only because the `backward.privateInPublic` option is enabled. 

Disable `backward.privateInPublic.warn` to silence this warning.
warning: UnitDistance/Upstream/Yamaguchi/ValuedFieldTheory/Ramification/HilbertRamification/LocalizationDensity.lean:300:7: Private declaration `extensionValuationSubring` accessed publicly; this is allowed only because the `backward.privateInPublic` option is enabled. 

Disable `backward.privateInPublic.warn` to silence this warning.
warning: UnitDistance/Upstream/Yamaguchi/ValuedFieldTheory/Ramification/HilbertRamification/LocalizationDensity.lean:302:7: Private declaration `localizationValuationSubring` accessed publicly; this is allowed only because the `backward.privateInPublic` option is enabled. 

Disable `backward.privateInPublic.warn` to silence this warning.
warning: UnitDistance/Upstream/Yamaguchi/ValuedFieldTheory/Ramification/HilbertRamification/LocalizationDensity.lean:362:10: Private declaration `localization` accessed publicly; this is allowed only because the `backward.privateInPublic` option is enabled. 

Disable `backward.privateInPublic.warn` to silence this warning.
warning: UnitDistance/Upstream/Yamaguchi/ValuedFieldTheory/Ramification/HilbertRamification/LocalizationDensity.lean:364:6: Private declaration `localizationAbsoluteValue` accessed publicly; this is allowed only because the `backward.privateInPublic` option is enabled. 

Disable `backward.privateInPublic.warn` to silence this warning.
warning: UnitDistance/Upstream/Yamaguchi/ValuedFieldTheory/Ramification/HilbertRamification/LocalizationDensity.lean:365:11: Private declaration `toLocalization` accessed publicly; this is allowed only because the `backward.privateInPublic` option is enabled. 

Disable `backward.privateInPublic.warn` to silence this warning.
warning: UnitDistance/Upstream/Yamaguchi/ValuedFieldTheory/Ramification/HilbertRamification/LocalizationDensity.lean:366:8: Private declaration `localizationAbsoluteValue` accessed publicly; this is allowed only because the `backward.privateInPublic` option is enabled. 

Disable `backward.privateInPublic.warn` to silence this warning.
warning: UnitDistance/Upstream/Yamaguchi/ValuedFieldTheory/Ramification/HilbertRamification/LocalizationDensity.lean:366:44: Private declaration `localization` accessed publicly; this is allowed only because the `backward.privateInPublic` option is enabled. 

Disable `backward.privateInPublic.warn` to silence this warning.
warning: UnitDistance/Upstream/Yamaguchi/ValuedFieldTheory/Ramification/HilbertRamification/LocalizationDensity.lean:367:6: Private declaration `localizationAbsoluteValue` accessed publicly; this is allowed only because the `backward.privateInPublic` option is enabled. 

Disable `backward.privateInPublic.warn` to silence this warning.
warning: UnitDistance/Upstream/Yamaguchi/ValuedFieldTheory/Ramification/HilbertRamification/LocalizationDensity.lean:368:16: Private declaration `localization` accessed publicly; this is allowed only because the `backward.privateInPublic` option is enabled. 

Disable `backward.privateInPublic.warn` to silence this warning.
warning: UnitDistance/Upstream/Yamaguchi/ValuedFieldTheory/Ramification/HilbertRamification/LocalizationDensity.lean:369:12: Private declaration `toLocalization` accessed publicly; this is allowed only because the `backward.privateInPublic` option is enabled. 

Disable `backward.privateInPublic.warn` to silence this warning.
warning: UnitDistance/Upstream/Yamaguchi/ValuedFieldTheory/Ramification/HilbertRamification/LocalizationDensity.lean:417:10: Private declaration `localization` accessed publicly; this is allowed only because the `backward.privateInPublic` option is enabled. 

Disable `backward.privateInPublic.warn` to silence this warning.
warning: UnitDistance/Upstream/Yamaguchi/ValuedFieldTheory/Ramification/HilbertRamification/LocalizationDensity.lean:420:9: Private declaration `localizationValuationSubring` accessed publicly; this is allowed only because the `backward.privateInPublic` option is enabled. 

Disable `backward.privateInPublic.warn` to silence this warning.
warning: UnitDistance/Upstream/Yamaguchi/ValuedFieldTheory/Ramification/HilbertRamification/LocalizationDensity.lean:419:21: Private declaration `toLocalization` accessed publicly; this is allowed only because the `backward.privateInPublic` option is enabled. 

Disable `backward.privateInPublic.warn` to silence this warning.
warning: UnitDistance/Upstream/Yamaguchi/ValuedFieldTheory/Ramification/HilbertRamification/LocalizationDensity.lean:433:15: Private declaration `extensionValuationSubring` accessed publicly; this is allowed only because the `backward.privateInPublic` option is enabled. 

Disable `backward.privateInPublic.warn` to silence this warning.
warning: UnitDistance/Upstream/Yamaguchi/ValuedFieldTheory/Ramification/HilbertRamification/LocalizationDensity.lean:435:7: Private declaration `localizationValuationSubring` accessed publicly; this is allowed only because the `backward.privateInPublic` option is enabled. 

Disable `backward.privateInPublic.warn` to silence this warning.
warning: UnitDistance/Upstream/Yamaguchi/ValuedFieldTheory/Ramification/HilbertRamification/LocalizationDensity.lean:434:15: Private declaration `toLocalization` accessed publicly; this is allowed only because the `backward.privateInPublic` option is enabled. 

Disable `backward.privateInPublic.warn` to silence this warning.
warning: UnitDistance/Upstream/Yamaguchi/ValuedFieldTheory/Ramification/HilbertRamification/LocalizationDensity.lean:460:7: Private declaration `localizationValuationSubring` accessed publicly; this is allowed only because the `backward.privateInPublic` option is enabled. 

Disable `backward.privateInPublic.warn` to silence this warning.
warning: UnitDistance/Upstream/Yamaguchi/ValuedFieldTheory/Ramification/HilbertRamification/LocalizationDensity.lean:462:7: Private declaration `extensionValuationSubring` accessed publicly; this is allowed only because the `backward.privateInPublic` option is enabled. 

Disable `backward.privateInPublic.warn` to silence this warning.
warning: UnitDistance/Upstream/Yamaguchi/ValuedFieldTheory/Ramification/HilbertRamification/LocalizationDensity.lean:466:12: Private declaration `localization` accessed publicly; this is allowed only because the `backward.privateInPublic` option is enabled. 

Disable `backward.privateInPublic.warn` to silence this warning.
warning: UnitDistance/Upstream/Yamaguchi/ValuedFieldTheory/Ramification/HilbertRamification/LocalizationDensity.lean:466:48: Private declaration `localization` accessed publicly; this is allowed only because the `backward.privateInPublic` option is enabled. 

Disable `backward.privateInPublic.warn` to silence this warning.
warning: UnitDistance/Upstream/Yamaguchi/ValuedFieldTheory/Ramification/HilbertRamification/LocalizationDensity.lean:465:11: Private declaration `localizationValuationSubring` accessed publicly; this is allowed only because the `backward.privateInPublic` option is enabled. 

Disable `backward.privateInPublic.warn` to silence this warning.
warning: UnitDistance/Upstream/Yamaguchi/ValuedFieldTheory/Ramification/HilbertRamification/LocalizationDensity.lean:467:11: Private declaration `toLocalization` accessed publicly; this is allowed only because the `backward.privateInPublic` option is enabled. 

Disable `backward.privateInPublic.warn` to silence this warning.
warning: UnitDistance/Upstream/Yamaguchi/ValuedFieldTheory/Ramification/HilbertRamification/LocalizationDensity.lean:468:8: Private declaration `toLocalization` accessed publicly; this is allowed only because the `backward.privateInPublic` option is enabled. 

Disable `backward.privateInPublic.warn` to silence this warning.
warning: UnitDistance/Upstream/Yamaguchi/ValuedFieldTheory/Ramification/HilbertRamification/LocalizationDensity.lean:470:13: Private declaration `extensionValuationSubring` accessed publicly; this is allowed only because the `backward.privateInPublic` option is enabled. 

Disable `backward.privateInPublic.warn` to silence this warning.
warning: UnitDistance/Upstream/Yamaguchi/ValuedFieldTheory/Ramification/HilbertRamification/LocalizationDensity.lean:472:7: Private declaration `extensionValuationSubring` accessed publicly; this is allowed only because the `backward.privateInPublic` option is enabled. 

Disable `backward.privateInPublic.warn` to silence this warning.
warning: UnitDistance/Upstream/Yamaguchi/ValuedFieldTheory/Ramification/HilbertRamification/LocalizationDensity.lean:474:7: Private declaration `localizationValuationSubring` accessed publicly; this is allowed only because the `backward.privateInPublic` option is enabled. 

Disable `backward.privateInPublic.warn` to silence this warning.
⚠ [5069/5116] Replayed UnitDistance.Upstream.Yamaguchi.ValuedFieldTheory.Valuation.Completion.ExtensionInvariants
warning: UnitDistance/Upstream/Yamaguchi/ValuedFieldTheory/Valuation/Completion/ExtensionInvariants.lean:97:11: Private declaration `completionNonarchimedean` accessed publicly; this is allowed only because the `backward.privateInPublic` option is enabled. 

Disable `backward.privateInPublic.warn` to silence this warning.
warning: UnitDistance/Upstream/Yamaguchi/ValuedFieldTheory/Valuation/Completion/ExtensionInvariants.lean:140:11: Private declaration `completionNonarchimedean` accessed publicly; this is allowed only because the `backward.privateInPublic` option is enabled. 

Disable `backward.privateInPublic.warn` to silence this warning.
warning: UnitDistance/Upstream/Yamaguchi/ValuedFieldTheory/Valuation/Completion/ExtensionInvariants.lean:143:11: Private declaration `completionNonarchimedean` accessed publicly; this is allowed only because the `backward.privateInPublic` option is enabled. 

Disable `backward.privateInPublic.warn` to silence this warning.
warning: UnitDistance/Upstream/Yamaguchi/ValuedFieldTheory/Valuation/Completion/ExtensionInvariants.lean:178:11: Private declaration `completionNonarchimedean` accessed publicly; this is allowed only because the `backward.privateInPublic` option is enabled. 

Disable `backward.privateInPublic.warn` to silence this warning.
warning: UnitDistance/Upstream/Yamaguchi/ValuedFieldTheory/Valuation/Completion/ExtensionInvariants.lean:194:11: Private declaration `completionNonarchimedean` accessed publicly; this is allowed only because the `backward.privateInPublic` option is enabled. 

Disable `backward.privateInPublic.warn` to silence this warning.
warning: UnitDistance/Upstream/Yamaguchi/ValuedFieldTheory/Valuation/Completion/ExtensionInvariants.lean:274:13: Private declaration `completionNonarchimedean` accessed publicly; this is allowed only because the `backward.privateInPublic` option is enabled. 

Disable `backward.privateInPublic.warn` to silence this warning.
warning: UnitDistance/Upstream/Yamaguchi/ValuedFieldTheory/Valuation/Completion/ExtensionInvariants.lean:324:9: Private declaration `completionNonarchimedean` accessed publicly; this is allowed only because the `backward.privateInPublic` option is enabled. 

Disable `backward.privateInPublic.warn` to silence this warning.
warning: UnitDistance/Upstream/Yamaguchi/ValuedFieldTheory/Valuation/Completion/ExtensionInvariants.lean:362:15: Private declaration `completionNonarchimedean` accessed publicly; this is allowed only because the `backward.privateInPublic` option is enabled. 

Disable `backward.privateInPublic.warn` to silence this warning.
warning: UnitDistance/Upstream/Yamaguchi/ValuedFieldTheory/Valuation/Completion/ExtensionInvariants.lean:363:15: Private declaration `completionNonarchimedean` accessed publicly; this is allowed only because the `backward.privateInPublic` option is enabled. 

Disable `backward.privateInPublic.warn` to silence this warning.
warning: UnitDistance/Upstream/Yamaguchi/ValuedFieldTheory/Valuation/Completion/ExtensionInvariants.lean:391:15: Private declaration `completionNonarchimedean` accessed publicly; this is allowed only because the `backward.privateInPublic` option is enabled. 

Disable `backward.privateInPublic.warn` to silence this warning.
warning: UnitDistance/Upstream/Yamaguchi/ValuedFieldTheory/Valuation/Completion/ExtensionInvariants.lean:392:15: Private declaration `completionNonarchimedean` accessed publicly; this is allowed only because the `backward.privateInPublic` option is enabled. 

Disable `backward.privateInPublic.warn` to silence this warning.
⚠ [5070/5116] Replayed UnitDistance.Upstream.Yamaguchi.ValuedFieldTheory.Ramification.HilbertRamification.DecompositionFieldLocalization
warning: UnitDistance/Upstream/Yamaguchi/ValuedFieldTheory/Ramification/HilbertRamification/DecompositionFieldLocalization.lean:64:65: Private declaration `localization` accessed publicly; this is allowed only because the `backward.privateInPublic` option is enabled. 

Disable `backward.privateInPublic.warn` to silence this warning.
warning: UnitDistance/Upstream/Yamaguchi/ValuedFieldTheory/Ramification/HilbertRamification/DecompositionFieldLocalization.lean:65:30: Private declaration `localization` accessed publicly; this is allowed only because the `backward.privateInPublic` option is enabled. 

Disable `backward.privateInPublic.warn` to silence this warning.
warning: UnitDistance/Upstream/Yamaguchi/ValuedFieldTheory/Ramification/HilbertRamification/DecompositionFieldLocalization.lean:69:35: Private declaration `localization` accessed publicly; this is allowed only because the `backward.privateInPublic` option is enabled. 

Disable `backward.privateInPublic.warn` to silence this warning.
warning: UnitDistance/Upstream/Yamaguchi/ValuedFieldTheory/Ramification/HilbertRamification/DecompositionFieldLocalization.lean:77:12: Private declaration `localization` accessed publicly; this is allowed only because the `backward.privateInPublic` option is enabled. 

Disable `backward.privateInPublic.warn` to silence this warning.
warning: UnitDistance/Upstream/Yamaguchi/ValuedFieldTheory/Ramification/HilbertRamification/DecompositionFieldLocalization.lean:78:8: Private declaration `toLocalization` accessed publicly; this is allowed only because the `backward.privateInPublic` option is enabled. 

Disable `backward.privateInPublic.warn` to silence this warning.
warning: UnitDistance/Upstream/Yamaguchi/ValuedFieldTheory/Ramification/HilbertRamification/DecompositionFieldLocalization.lean:86:18: Private declaration `toLocalization` accessed publicly; this is allowed only because the `backward.privateInPublic` option is enabled. 

Disable `backward.privateInPublic.warn` to silence this warning.
warning: UnitDistance/Upstream/Yamaguchi/ValuedFieldTheory/Ramification/HilbertRamification/DecompositionFieldLocalization.lean:104:31: Private declaration `toLocalization` accessed publicly; this is allowed only because the `backward.privateInPublic` option is enabled. 

Disable `backward.privateInPublic.warn` to silence this warning.
warning: UnitDistance/Upstream/Yamaguchi/ValuedFieldTheory/Ramification/HilbertRamification/DecompositionFieldLocalization.lean:116:29: Private declaration `toLocalization` accessed publicly; this is allowed only because the `backward.privateInPublic` option is enabled. 

Disable `backward.privateInPublic.warn` to silence this warning.
warning: UnitDistance/Upstream/Yamaguchi/ValuedFieldTheory/Ramification/HilbertRamification/DecompositionFieldLocalization.lean:117:33: Private declaration `localization` accessed publicly; this is allowed only because the `backward.privateInPublic` option is enabled. 

Disable `backward.privateInPublic.warn` to silence this warning.
warning: UnitDistance/Upstream/Yamaguchi/ValuedFieldTheory/Ramification/HilbertRamification/DecompositionFieldLocalization.lean:147:26: Private declaration `localization` accessed publicly; this is allowed only because the `backward.privateInPublic` option is enabled. 

Disable `backward.privateInPublic.warn` to silence this warning.
warning: UnitDistance/Upstream/Yamaguchi/ValuedFieldTheory/Ramification/HilbertRamification/DecompositionFieldLocalization.lean:168:39: Private declaration `localization` accessed publicly; this is allowed only because the `backward.privateInPublic` option is enabled. 

Disable `backward.privateInPublic.warn` to silence this warning.
warning: UnitDistance/Upstream/Yamaguchi/ValuedFieldTheory/Ramification/HilbertRamification/DecompositionFieldLocalization.lean:189:28: Private declaration `localization` accessed publicly; this is allowed only because the `backward.privateInPublic` option is enabled. 

Disable `backward.privateInPublic.warn` to silence this warning.
warning: UnitDistance/Upstream/Yamaguchi/ValuedFieldTheory/Ramification/HilbertRamification/DecompositionFieldLocalization.lean:196:14: Private declaration `localization` accessed publicly; this is allowed only because the `backward.privateInPublic` option is enabled. 

Disable `backward.privateInPublic.warn` to silence this warning.
warning: UnitDistance/Upstream/Yamaguchi/ValuedFieldTheory/Ramification/HilbertRamification/DecompositionFieldLocalization.lean:197:29: Private declaration `localization` accessed publicly; this is allowed only because the `backward.privateInPublic` option is enabled. 

Disable `backward.privateInPublic.warn` to silence this warning.
warning: UnitDistance/Upstream/Yamaguchi/ValuedFieldTheory/Ramification/HilbertRamification/DecompositionFieldLocalization.lean:206:9: Private declaration `toLocalization` accessed publicly; this is allowed only because the `backward.privateInPublic` option is enabled. 

Disable `backward.privateInPublic.warn` to silence this warning.
warning: UnitDistance/Upstream/Yamaguchi/ValuedFieldTheory/Ramification/HilbertRamification/DecompositionFieldLocalization.lean:244:5: Private declaration `toLocalization` accessed publicly; this is allowed only because the `backward.privateInPublic` option is enabled. 

Disable `backward.privateInPublic.warn` to silence this warning.
warning: UnitDistance/Upstream/Yamaguchi/ValuedFieldTheory/Ramification/HilbertRamification/DecompositionFieldLocalization.lean:247:9: Private declaration `toLocalization` accessed publicly; this is allowed only because the `backward.privateInPublic` option is enabled. 

Disable `backward.privateInPublic.warn` to silence this warning.
⚠ [5092/5116] Replayed UnitDistance.Upstream.Yamaguchi.ClassFieldTheory.AlgebraicNumberTheory.Idele.ClassGroup.Tower
warning: UnitDistance/Upstream/Yamaguchi/ClassFieldTheory/AlgebraicNumberTheory/Idele/ClassGroup/Tower.lean:174:20: `TensorProduct.induction_on` has been deprecated: Use `TensorProduction.inductionOn` instead
warning: UnitDistance/Upstream/Yamaguchi/ClassFieldTheory/AlgebraicNumberTheory/Idele/ClassGroup/Tower.lean:395:0: automatically included section variable(s) unused in theorem `TowerRelativeIdeleGroup.norm_transitive_flatten`:
  [NumberField M]
consider restructuring your `variable` declarations so that the variables are not in scope or explicitly omit them:
  omit [NumberField M] in theorem ...

Note: This linter can be disabled with `set_option linter.unusedSectionVars false`
warning: UnitDistance/Upstream/Yamaguchi/ClassFieldTheory/AlgebraicNumberTheory/Idele/ClassGroup/Tower.lean:423:0: automatically included section variable(s) unused in theorem `TowerRelativeIdeleGroup.norm_fieldInclusion`:
  [NumberField M]
consider restructuring your `variable` declarations so that the variables are not in scope or explicitly omit them:
  omit [NumberField M] in theorem ...

Note: This linter can be disabled with `set_option linter.unusedSectionVars false`
⚠ [5097/5116] Replayed UnitDistance.Upstream.Yamaguchi.ClassFieldTheory.AlgebraicNumberTheory.Idele.PrincipalTopology
warning: UnitDistance/Upstream/Yamaguchi/ClassFieldTheory/AlgebraicNumberTheory/Idele/PrincipalTopology.lean:235:2: `Subgroup.isClosed_of_discrete` has been deprecated: Use `Subgroup.isClosed_of_discreteTopology` instead

Hint: Replace the deprecated name:
  Subgroup.isClosed_of_discreteT̲o̲p̲o̲l̲o̲g̲y̲
⚠ [5104/5116] Replayed UnitDistance.Upstream.Yamaguchi.ClassFieldTheory.AlgebraicNumberTheory.Idele.NormOneCompact
warning: UnitDistance/Upstream/Yamaguchi/ClassFieldTheory/AlgebraicNumberTheory/Idele/NormOneCompact.lean:422:8: Private declaration `unitLatticeRealBasis` accessed publicly; this is allowed only because the `backward.privateInPublic` option is enabled. 

Disable `backward.privateInPublic.warn` to silence this warning.
warning: UnitDistance/Upstream/Yamaguchi/ClassFieldTheory/AlgebraicNumberTheory/Idele/NormOneCompact.lean:640:39: `dif_pos` has been deprecated: Use `dite_eq_left` instead

Hint: Replace the deprecated name:
  d̵i̵f̵_̵p̵o̵s̵d̲i̲t̲e̲_̲e̲q̲_̲l̲e̲f̲t̲
warning: UnitDistance/Upstream/Yamaguchi/ClassFieldTheory/AlgebraicNumberTheory/Idele/NormOneCompact.lean:646:13: Private declaration `normOneIdealClassRepresentative` accessed publicly; this is allowed only because the `backward.privateInPublic` option is enabled. 

Disable `backward.privateInPublic.warn` to silence this warning.
warning: UnitDistance/Upstream/Yamaguchi/ClassFieldTheory/AlgebraicNumberTheory/Idele/NormOneCompact.lean:669:15: Private declaration `normOneIdealClassRepresentative` accessed publicly; this is allowed only because the `backward.privateInPublic` option is enabled. 

Disable `backward.privateInPublic.warn` to silence this warning.
⚠ [5106/5116] Replayed UnitDistance.Upstream.Yamaguchi.ClassFieldTheory.AlgebraicNumberTheory.RayClass.Topology
warning: UnitDistance/Upstream/Yamaguchi/ClassFieldTheory/AlgebraicNumberTheory/RayClass/Topology.lean:14:0: 'Mathlib.Data.Sign.Basic' has been deprecated: please replace this import by

import Mathlib.Basic.Sign.Basic
warning: UnitDistance/Upstream/Yamaguchi/ClassFieldTheory/AlgebraicNumberTheory/RayClass/Topology.lean:221:19: `Set.mem_setOf_eq` has been deprecated: Use `Set.mem_ofPred_eq` instead

Hint: Replace the deprecated name:
  S̵e̵t̵.̵m̵e̵m̵_̵s̵e̵t̵O̵f̵_̵e̵q̵S̲e̲t̲.̲m̲e̲m̲_̲o̲f̲P̲r̲e̲d̲_̲e̲q̲
warning: UnitDistance/Upstream/Yamaguchi/ClassFieldTheory/AlgebraicNumberTheory/RayClass/Topology.lean:319:4: `Valuation.Integers.maximalIdeal_pow_eq_setOf_le_v_algebraMap_pow` has been deprecated: Use `Valuation.Integers.maximalIdeal_pow_eq_setOfPred_le_v_algebraMap_pow` instead

Hint: Replace the deprecated name:
  Valuation.Integers.maximalIdeal_pow_eq_setOfP̲r̲e̲d̲_le_v_algebraMap_pow
⚠ [5110/5116] Replayed UnitDistance.Upstream.Yamaguchi.ClassFieldTheory.AlgebraicNumberTheory.RayClass.Ideal
warning: UnitDistance/Upstream/Yamaguchi/ClassFieldTheory/AlgebraicNumberTheory/RayClass/Ideal.lean:191:8: `if_pos` has been deprecated: Use `ite_eq_left` instead

Hint: Replace the deprecated name:
  i̵f̵_̵p̵o̵s̵i̲t̲e̲_̲e̲q̲_̲l̲e̲f̲t̲
warning: UnitDistance/Upstream/Yamaguchi/ClassFieldTheory/AlgebraicNumberTheory/RayClass/Ideal.lean:198:8: `if_neg` has been deprecated: Use `ite_eq_right` instead

Hint: Replace the deprecated name:
  i̵f̵_̵n̵e̵g̵i̲t̲e̲_̲e̲q̲_̲r̲i̲g̲h̲t̲
warning: UnitDistance/Upstream/Yamaguchi/ClassFieldTheory/AlgebraicNumberTheory/RayClass/Ideal.lean:219:10: `if_pos` has been deprecated: Use `ite_eq_left` instead

Hint: Replace the deprecated name:
  i̵f̵_̵p̵o̵s̵i̲t̲e̲_̲e̲q̲_̲l̲e̲f̲t̲
warning: UnitDistance/Upstream/Yamaguchi/ClassFieldTheory/AlgebraicNumberTheory/RayClass/Ideal.lean:699:12: `dif_pos` has been deprecated: Use `dite_eq_left` instead

Hint: Replace the deprecated name:
  d̵i̵f̵_̵p̵o̵s̵d̲i̲t̲e̲_̲e̲q̲_̲l̲e̲f̲t̲
warning: UnitDistance/Upstream/Yamaguchi/ClassFieldTheory/AlgebraicNumberTheory/RayClass/Ideal.lean:699:24: `dif_pos` has been deprecated: Use `dite_eq_left` instead

Hint: Replace the deprecated name:
  d̵i̵f̵_̵p̵o̵s̵d̲i̲t̲e̲_̲e̲q̲_̲l̲e̲f̲t̲
warning: UnitDistance/Upstream/Yamaguchi/ClassFieldTheory/AlgebraicNumberTheory/RayClass/Ideal.lean:702:12: `dif_pos` has been deprecated: Use `dite_eq_left` instead

Hint: Replace the deprecated name:
  d̵i̵f̵_̵p̵o̵s̵d̲i̲t̲e̲_̲e̲q̲_̲l̲e̲f̲t̲
warning: UnitDistance/Upstream/Yamaguchi/ClassFieldTheory/AlgebraicNumberTheory/RayClass/Ideal.lean:702:24: `dif_neg` has been deprecated: Use `dite_eq_right` instead

Hint: Replace the deprecated name:
  d̵i̵f̵_̵n̵e̵g̵d̲i̲t̲e̲_̲e̲q̲_̲r̲i̲g̲h̲t̲
warning: UnitDistance/Upstream/Yamaguchi/ClassFieldTheory/AlgebraicNumberTheory/RayClass/Ideal.lean:704:53: `dif_neg` has been deprecated: Use `dite_eq_right` instead

Hint: Replace the deprecated name:
  d̵i̵f̵_̵n̵e̵g̵d̲i̲t̲e̲_̲e̲q̲_̲r̲i̲g̲h̲t̲
⚠ [5112/5222] Replayed UnitDistance.Upstream.Yamaguchi.ClassFieldTheory.AlgebraicNumberTheory.RayClass.Approximation
warning: UnitDistance/Upstream/Yamaguchi/ClassFieldTheory/AlgebraicNumberTheory/RayClass/Approximation.lean:431:8: `dif_pos` has been deprecated: Use `dite_eq_left` instead

Hint: Replace the deprecated name:
  d̵i̵f̵_̵p̵o̵s̵d̲i̲t̲e̲_̲e̲q̲_̲l̲e̲f̲t̲
warning: UnitDistance/Upstream/Yamaguchi/ClassFieldTheory/AlgebraicNumberTheory/RayClass/Approximation.lean:442:8: `dif_neg` has been deprecated: Use `dite_eq_right` instead

Hint: Replace the deprecated name:
  d̵i̵f̵_̵n̵e̵g̵d̲i̲t̲e̲_̲e̲q̲_̲r̲i̲g̲h̲t̲
⚠ [5115/5222] Replayed UnitDistance.Upstream.Yamaguchi.ClassFieldTheory.AbstractClassFieldTheory.Degree.Indices
warning: UnitDistance/Upstream/Yamaguchi/ClassFieldTheory/AbstractClassFieldTheory/Degree/Indices.lean:95:21: Private declaration `kernelCosetToSaturationCoset` accessed publicly; this is allowed only because the `backward.privateInPublic` option is enabled. 

Disable `backward.privateInPublic.warn` to silence this warning.
warning: UnitDistance/Upstream/Yamaguchi/ClassFieldTheory/AbstractClassFieldTheory/Degree/Indices.lean:96:5: Private declaration `kernelCosetToSaturationCoset_injective` accessed publicly; this is allowed only because the `backward.privateInPublic` option is enabled. 

Disable `backward.privateInPublic.warn` to silence this warning.
warning: UnitDistance/Upstream/Yamaguchi/ClassFieldTheory/AbstractClassFieldTheory/Degree/Indices.lean:97:6: Private declaration `kernelCosetToSaturationCoset_surjective` accessed publicly; this is allowed only because the `backward.privateInPublic` option is enabled. 

Disable `backward.privateInPublic.warn` to silence this warning.
⚠ [5118/5222] Replayed UnitDistance.Upstream.Yamaguchi.GaloisCohomology.ProfiniteIntegers.ProfiniteIntegerCore
warning: UnitDistance/Upstream/Yamaguchi/GaloisCohomology/ProfiniteIntegers/ProfiniteIntegerCore.lean:76:2: Private declaration `ZHatClosureModel` accessed publicly; this is allowed only because the `backward.privateInPublic` option is enabled. 

Disable `backward.privateInPublic.warn` to silence this warning.
warning: UnitDistance/Upstream/Yamaguchi/GaloisCohomology/ProfiniteIntegers/ProfiniteIntegerCore.lean:80:18: Private declaration `ZHatClosureModel` accessed publicly; this is allowed only because the `backward.privateInPublic` option is enabled. 

Disable `backward.privateInPublic.warn` to silence this warning.
warning: UnitDistance/Upstream/Yamaguchi/GaloisCohomology/ProfiniteIntegers/ProfiniteIntegerCore.lean:85:26: Private declaration `ZHatClosureModel` accessed publicly; this is allowed only because the `backward.privateInPublic` option is enabled. 

Disable `backward.privateInPublic.warn` to silence this warning.
warning: UnitDistance/Upstream/Yamaguchi/GaloisCohomology/ProfiniteIntegers/ProfiniteIntegerCore.lean:125:19: Private declaration `ZHatClosureModel` accessed publicly; this is allowed only because the `backward.privateInPublic` option is enabled. 

Disable `backward.privateInPublic.warn` to silence this warning.
warning: UnitDistance/Upstream/Yamaguchi/GaloisCohomology/ProfiniteIntegers/ProfiniteIntegerCore.lean:125:47: Private declaration `zHatIndex` accessed publicly; this is allowed only because the `backward.privateInPublic` option is enabled. 

Disable `backward.privateInPublic.warn` to silence this warning.
⚠ [5121/5222] Replayed UnitDistance.Upstream.Yamaguchi.ClassFieldTheory.AbstractClassFieldTheory.Degree.Frobenius
warning: UnitDistance/Upstream/Yamaguchi/ClassFieldTheory/AbstractClassFieldTheory/Degree/Frobenius.lean:181:9: Private declaration `ClassFormation.DegreeData.fieldInertiaWithin_le_normalizedDegree_ker` accessed publicly; this is allowed only because the `backward.privateInPublic` option is enabled. 

Disable `backward.privateInPublic.warn` to silence this warning.
warning: UnitDistance/Upstream/Yamaguchi/ClassFieldTheory/AbstractClassFieldTheory/Degree/Frobenius.lean:199:9: Private declaration `ClassFormation.DegreeData.fieldInertiaWithin_le_normalizedDegree_ker` accessed publicly; this is allowed only because the `backward.privateInPublic` option is enabled. 

Disable `backward.privateInPublic.warn` to silence this warning.
warning: UnitDistance/Upstream/Yamaguchi/ClassFieldTheory/AbstractClassFieldTheory/Degree/Frobenius.lean:299:32: Private declaration `ClassFormation.DegreeData.fieldInertiaWithin_le_comap_inclusion` accessed publicly; this is allowed only because the `backward.privateInPublic` option is enabled. 

Disable `backward.privateInPublic.warn` to silence this warning.
⚠ [5122/5222] Replayed UnitDistance.Upstream.Yamaguchi.ClassFieldTheory.AbstractClassFieldTheory.Degree.FrobeniusLift
warning: UnitDistance/Upstream/Yamaguchi/ClassFieldTheory/AbstractClassFieldTheory/Degree/FrobeniusLift.lean:98:7: Private declaration `ClassFormation.DegreeData.extensionInertiaWithin_le_normalizedDegree_ker` accessed publicly; this is allowed only because the `backward.privateInPublic` option is enabled. 

Disable `backward.privateInPublic.warn` to silence this warning.
⚠ [5123/5222] Replayed UnitDistance.Upstream.Yamaguchi.GaloisCohomology.Topology.TotallyDisconnectedQuotients
warning: UnitDistance/Upstream/Yamaguchi/GaloisCohomology/Topology/TotallyDisconnectedQuotients.lean:54:21: `Set.mem_setOf_eq` has been deprecated: Use `Set.mem_ofPred_eq` instead

Hint: Replace the deprecated name:
  S̵e̵t̵.̵m̵e̵m̵_̵s̵e̵t̵O̵f̵_̵e̵q̵S̲e̲t̲.̲m̲e̲m̲_̲o̲f̲P̲r̲e̲d̲_̲e̲q̲
⚠ [5124/5222] Replayed UnitDistance.Upstream.Yamaguchi.ClassFieldTheory.AbstractClassFieldTheory.Degree.FrobeniusFixedField
warning: UnitDistance/Upstream/Yamaguchi/ClassFieldTheory/AbstractClassFieldTheory/Degree/FrobeniusFixedField.lean:221:2: Try this: 
  letI̵

The goal is a proposition, so `let` is preferred over `letI`.
The difference between `let` and `letI` is that `letI` inlines the value.
But this is not relevant for proofs because of proof irrelevance.

Note: This linter can be disabled with `set_option linter.style.haveILetI false`
warning: UnitDistance/Upstream/Yamaguchi/ClassFieldTheory/AbstractClassFieldTheory/Degree/FrobeniusFixedField.lean:360:7: Private declaration `continuousQuotientLift` accessed publicly; this is allowed only because the `backward.privateInPublic` option is enabled. 

Disable `backward.privateInPublic.warn` to silence this warning.
warning: UnitDistance/Upstream/Yamaguchi/ClassFieldTheory/AbstractClassFieldTheory/Degree/FrobeniusFixedField.lean:522:4: `Subgroup.commGroupTopologicalClosure` has been deprecated: Use `Subgroup.isMulCommutative_topologicalClosure` instead

Note: The updated constant has a different type:
  ∀ {G : Type u_1} [inst : TopologicalSpace G] [inst_1 : Group G] [inst_2 : IsTopologicalGroup G] [T2Space G]
    (s : Subgroup G) [IsMulCommutative ↥s], IsMulCommutative ↥s.topologicalClosure
instead of
  {G : Type u_1} →
    [inst : TopologicalSpace G] →
      [inst_1 : Group G] →
        [inst_2 : IsTopologicalGroup G] →
          [T2Space G] → (s : Subgroup G) → (∀ (x y : ↥s), x * y = y * x) → CommGroup ↥s.topologicalClosure
warning: UnitDistance/Upstream/Yamaguchi/ClassFieldTheory/AbstractClassFieldTheory/Degree/FrobeniusFixedField.lean:579:5: Private declaration `continuousSubgroupSubtype` accessed publicly; this is allowed only because the `backward.privateInPublic` option is enabled. 

Disable `backward.privateInPublic.warn` to silence this warning.
warning: UnitDistance/Upstream/Yamaguchi/ClassFieldTheory/AbstractClassFieldTheory/Degree/FrobeniusFixedField.lean:1082:8: Private declaration `continuousMulEquivOfBijectiveCompactToT2` accessed publicly; this is allowed only because the `backward.privateInPublic` option is enabled. 

Disable `backward.privateInPublic.warn` to silence this warning.
⚠ [5131/5222] Replayed UnitDistance.Upstream.Yamaguchi.GaloisCohomology.Kummer.Abstract.KummerFixedField
warning: UnitDistance/Upstream/Yamaguchi/GaloisCohomology/Kummer/Abstract/KummerFixedField.lean:89:15: `Set.mem_setOf_eq` has been deprecated: Use `Set.mem_ofPred_eq` instead

Hint: Replace the deprecated name:
  S̵e̵t̵.̵m̵e̵m̵_̵s̵e̵t̵O̵f̵_̵e̵q̵S̲e̲t̲.̲m̲e̲m̲_̲o̲f̲P̲r̲e̲d̲_̲e̲q̲
⚠ [5133/5222] Replayed UnitDistance.Upstream.Yamaguchi.GaloisCohomology.Kummer.Abstract.KummerDelta
warning: UnitDistance/Upstream/Yamaguchi/GaloisCohomology/Kummer/Abstract/KummerDelta.lean:69:7: `AddMonoidHomClass.toAddMonoidHom` has been deprecated: Use `AddMonoidHom.ofClass` instead

Note: The updated constant is in a different namespace. Dot notation may need to be changed (e.g., from `x.toAddMonoidHom` to `AddMonoidHom.ofClass x`).

Hint: Replace the deprecated name:
  A̵d̵d̵M̵o̵n̵o̵i̵d̵H̵o̵m̵C̵l̵a̵s̵s̵.̵t̵o̵A̵d̵d̵M̵o̵n̵o̵i̵d̵H̵o̵m̵A̲d̲d̲M̲o̲n̲o̲i̲d̲H̲o̲m̲.̲o̲f̲C̲l̲a̲s̲s̲
warning: UnitDistance/Upstream/Yamaguchi/GaloisCohomology/Kummer/Abstract/KummerDelta.lean:77:5: `AddMonoidHomClass.toAddMonoidHom` has been deprecated: Use `AddMonoidHom.ofClass` instead

Note: The updated constant is in a different namespace. Dot notation may need to be changed (e.g., from `x.toAddMonoidHom` to `AddMonoidHom.ofClass x`).

Hint: Replace the deprecated name:
  A̵d̵d̵M̵o̵n̵o̵i̵d̵H̵o̵m̵C̵l̵a̵s̵s̵.̵t̵o̵A̵d̵d̵M̵o̵n̵o̵i̵d̵H̵o̵m̵A̲d̲d̲M̲o̲n̲o̲i̲d̲H̲o̲m̲.̲o̲f̲C̲l̲a̲s̲s̲
warning: UnitDistance/Upstream/Yamaguchi/GaloisCohomology/Kummer/Abstract/KummerDelta.lean:95:30: `AddMonoidHomClass.toAddMonoidHom` has been deprecated: Use `AddMonoidHom.ofClass` instead

Note: The updated constant is in a different namespace. Dot notation may need to be changed (e.g., from `x.toAddMonoidHom` to `AddMonoidHom.ofClass x`).

Hint: Replace the deprecated name:
  A̵d̵d̵M̵o̵n̵o̵i̵d̵H̵o̵m̵C̵l̵a̵s̵s̵.̵t̵o̵A̵d̵d̵M̵o̵n̵o̵i̵d̵H̵o̵m̵A̲d̲d̲M̲o̲n̲o̲i̲d̲H̲o̲m̲.̲o̲f̲C̲l̲a̲s̲s̲
warning: UnitDistance/Upstream/Yamaguchi/GaloisCohomology/Kummer/Abstract/KummerDelta.lean:103:9: `AddMonoidHomClass.toAddMonoidHom` has been deprecated: Use `AddMonoidHom.ofClass` instead

Note: The updated constant is in a different namespace. Dot notation may need to be changed (e.g., from `x.toAddMonoidHom` to `AddMonoidHom.ofClass x`).

Hint: Replace the deprecated name:
  A̵d̵d̵M̵o̵n̵o̵i̵d̵H̵o̵m̵C̵l̵a̵s̵s̵.̵t̵o̵A̵d̵d̵M̵o̵n̵o̵i̵d̵H̵o̵m̵A̲d̲d̲M̲o̲n̲o̲i̲d̲H̲o̲m̲.̲o̲f̲C̲l̲a̲s̲s̲
warning: UnitDistance/Upstream/Yamaguchi/GaloisCohomology/Kummer/Abstract/KummerDelta.lean:108:24: `AddMonoidHomClass.toAddMonoidHom` has been deprecated: Use `AddMonoidHom.ofClass` instead

Note: The updated constant is in a different namespace. Dot notation may need to be changed (e.g., from `x.toAddMonoidHom` to `AddMonoidHom.ofClass x`).

Hint: Replace the deprecated name:
  A̵d̵d̵M̵o̵n̵o̵i̵d̵H̵o̵m̵C̵l̵a̵s̵s̵.̵t̵o̵A̵d̵d̵M̵o̵n̵o̵i̵d̵H̵o̵m̵A̲d̲d̲M̲o̲n̲o̲i̲d̲H̲o̲m̲.̲o̲f̲C̲l̲a̲s̲s̲
warning: UnitDistance/Upstream/Yamaguchi/GaloisCohomology/Kummer/Abstract/KummerDelta.lean:143:30: `AddMonoidHomClass.toAddMonoidHom` has been deprecated: Use `AddMonoidHom.ofClass` instead

Note: The updated constant is in a different namespace. Dot notation may need to be changed (e.g., from `x.toAddMonoidHom` to `AddMonoidHom.ofClass x`).

Hint: Replace the deprecated name:
  A̵d̵d̵M̵o̵n̵o̵i̵d̵H̵o̵m̵C̵l̵a̵s̵s̵.̵t̵o̵A̵d̵d̵M̵o̵n̵o̵i̵d̵H̵o̵m̵A̲d̲d̲M̲o̲n̲o̲i̲d̲H̲o̲m̲.̲o̲f̲C̲l̲a̲s̲s̲
⚠ [5136/5222] Replayed UnitDistance.Upstream.Yamaguchi.ClassFieldTheory.AbstractClassFieldTheory.Degree.NormLaws
warning: UnitDistance/Upstream/Yamaguchi/ClassFieldTheory/AbstractClassFieldTheory/Degree/NormLaws.lean:131:18: Private declaration `absoluteConjugationEquiv` accessed publicly; this is allowed only because the `backward.privateInPublic` option is enabled. 

Disable `backward.privateInPublic.warn` to silence this warning.
warning: UnitDistance/Upstream/Yamaguchi/ClassFieldTheory/AbstractClassFieldTheory/Degree/NormLaws.lean:150:24: Private declaration `absoluteConjugationEquiv` accessed publicly; this is allowed only because the `backward.privateInPublic` option is enabled. 

Disable `backward.privateInPublic.warn` to silence this warning.
⚠ [5141/5222] Replayed UnitDistance.Upstream.Yamaguchi.ClassFieldTheory.AbstractClassFieldTheory.Reciprocity.Construction.UnitCohomologyAxiom
warning: UnitDistance/Upstream/Yamaguchi/ClassFieldTheory/AbstractClassFieldTheory/Reciprocity/Construction/UnitCohomologyAxiom.lean:331:6: Private declaration `ClassFormation.ValuationData.unitRepresentationOverK_isTrivialOnExtension` accessed publicly; this is allowed only because the `backward.privateInPublic` option is enabled. 

Disable `backward.privateInPublic.warn` to silence this warning.
⚠ [5146/5222] Replayed UnitDistance.Upstream.Yamaguchi.ClassFieldTheory.AbstractClassFieldTheory.Reciprocity.Construction.RelativeNormDoubleCoset
warning: UnitDistance/Upstream/Yamaguchi/ClassFieldTheory/AbstractClassFieldTheory/Reciprocity/Construction/RelativeNormDoubleCoset.lean:287:6: Private declaration `relativeNormDoubleCosetOrbitFintype` accessed publicly; this is allowed only because the `backward.privateInPublic` option is enabled. 

Disable `backward.privateInPublic.warn` to silence this warning.
warning: UnitDistance/Upstream/Yamaguchi/ClassFieldTheory/AbstractClassFieldTheory/Reciprocity/Construction/RelativeNormDoubleCoset.lean:290:6: Private declaration `relativeNormDoubleCosetStabilizerFintype` accessed publicly; this is allowed only because the `backward.privateInPublic` option is enabled. 

Disable `backward.privateInPublic.warn` to silence this warning.
⚠ [5158/5222] Replayed UnitDistance.Upstream.Yamaguchi.ClassFieldTheory.LocalClassFieldTheory.Finite.LocalReciprocity.TateTransport
warning: UnitDistance/Upstream/Yamaguchi/ClassFieldTheory/LocalClassFieldTheory/Finite/LocalReciprocity/TateTransport.lean:83:27: Private declaration `res_norm_eq` accessed publicly; this is allowed only because the `backward.privateInPublic` option is enabled. 

Disable `backward.privateInPublic.warn` to silence this warning.
warning: UnitDistance/Upstream/Yamaguchi/ClassFieldTheory/LocalClassFieldTheory/Finite/LocalReciprocity/TateTransport.lean:98:27: Private declaration `res_norm_eq` accessed publicly; this is allowed only because the `backward.privateInPublic` option is enabled. 

Disable `backward.privateInPublic.warn` to silence this warning.
⚠ [5164/5266] Replayed UnitDistance.Upstream.Yamaguchi.ClassFieldTheory.AbstractClassFieldTheory.Reciprocity.Construction.CoreFrobeniusNorm
warning: UnitDistance/Upstream/Yamaguchi/ClassFieldTheory/AbstractClassFieldTheory/Reciprocity/Construction/CoreFrobeniusNorm.lean:176:23: Private declaration `ClassFormation.DegreeData.inertiaCosetToDegreeKernel` accessed publicly; this is allowed only because the `backward.privateInPublic` option is enabled. 

Disable `backward.privateInPublic.warn` to silence this warning.
warning: UnitDistance/Upstream/Yamaguchi/ClassFieldTheory/AbstractClassFieldTheory/Reciprocity/Construction/CoreFrobeniusNorm.lean:177:7: Private declaration `ClassFormation.DegreeData.inertiaCosetToDegreeKernel_bijective` accessed publicly; this is allowed only because the `backward.privateInPublic` option is enabled. 

Disable `backward.privateInPublic.warn` to silence this warning.
warning: UnitDistance/Upstream/Yamaguchi/ClassFieldTheory/AbstractClassFieldTheory/Reciprocity/Construction/CoreFrobeniusNorm.lean:547:7: Private declaration `ClassFormation.DegreeData.frobeniusFixedCosetToClosureCoset` accessed publicly; this is allowed only because the `backward.privateInPublic` option is enabled. 

Disable `backward.privateInPublic.warn` to silence this warning.
warning: UnitDistance/Upstream/Yamaguchi/ClassFieldTheory/AbstractClassFieldTheory/Reciprocity/Construction/CoreFrobeniusNorm.lean:548:7: Private declaration `ClassFormation.DegreeData.frobeniusFixedCosetToClosureCoset_bijective` accessed publicly; this is allowed only because the `backward.privateInPublic` option is enabled. 

Disable `backward.privateInPublic.warn` to silence this warning.
warning: UnitDistance/Upstream/Yamaguchi/ClassFieldTheory/AbstractClassFieldTheory/Reciprocity/Construction/CoreFrobeniusNorm.lean:770:23: Private declaration `ClassFormation.DegreeData.kernelPowerCosetMap` accessed publicly; this is allowed only because the `backward.privateInPublic` option is enabled. 

Disable `backward.privateInPublic.warn` to silence this warning.
warning: UnitDistance/Upstream/Yamaguchi/ClassFieldTheory/AbstractClassFieldTheory/Reciprocity/Construction/CoreFrobeniusNorm.lean:771:7: Private declaration `ClassFormation.DegreeData.kernelPowerCosetMap_bijective` accessed publicly; this is allowed only because the `backward.privateInPublic` option is enabled. 

Disable `backward.privateInPublic.warn` to silence this warning.
warning: UnitDistance/Upstream/Yamaguchi/ClassFieldTheory/AbstractClassFieldTheory/Reciprocity/Construction/CoreFrobeniusNorm.lean:896:23: Private declaration `ClassFormation.DegreeData.frobeniusNormIdentityCosetMap` accessed publicly; this is allowed only because the `backward.privateInPublic` option is enabled. 

Disable `backward.privateInPublic.warn` to silence this warning.
warning: UnitDistance/Upstream/Yamaguchi/ClassFieldTheory/AbstractClassFieldTheory/Reciprocity/Construction/CoreFrobeniusNorm.lean:897:7: Private declaration `ClassFormation.DegreeData.frobeniusNormIdentityCosetMap_bijective` accessed publicly; this is allowed only because the `backward.privateInPublic` option is enabled. 

Disable `backward.privateInPublic.warn` to silence this warning.
⚠ [5166/5266] Replayed UnitDistance.Upstream.Yamaguchi.ClassFieldTheory.AbstractClassFieldTheory.Reciprocity.Construction.FrobeniusPowerFixedField
warning: UnitDistance/Upstream/Yamaguchi/ClassFieldTheory/AbstractClassFieldTheory/Reciprocity/Construction/FrobeniusPowerFixedField.lean:159:14: Private declaration `ClassFormation.DegreeData.extensionNormalizedDegree_pow_of_degreeOne` accessed publicly; this is allowed only because the `backward.privateInPublic` option is enabled. 

Disable `backward.privateInPublic.warn` to silence this warning.
⚠ [5167/5266] Replayed UnitDistance.Upstream.Yamaguchi.ClassFieldTheory.AbstractClassFieldTheory.Reciprocity.Construction.FiniteNormQuotient
warning: UnitDistance/Upstream/Yamaguchi/ClassFieldTheory/AbstractClassFieldTheory/Reciprocity/Construction/FiniteNormQuotient.lean:295:7: Private declaration `ClassFormation.DegreeData.maximalUnramifiedNormSubgroup_le_finiteNormClassHom_ker` accessed publicly; this is allowed only because the `backward.privateInPublic` option is enabled. 

Disable `backward.privateInPublic.warn` to silence this warning.
⚠ [5178/5266] Replayed UnitDistance.Upstream.Yamaguchi.ClassFieldTheory.AbstractClassFieldTheory.Reciprocity.Construction.UnramifiedNormQuotient
warning: UnitDistance/Upstream/Yamaguchi/ClassFieldTheory/AbstractClassFieldTheory/Reciprocity/Construction/UnramifiedNormQuotient.lean:241:7: Private declaration `ClassFormation.ValuationData.unramifiedValuationHom` accessed publicly; this is allowed only because the `backward.privateInPublic` option is enabled. 

Disable `backward.privateInPublic.warn` to silence this warning.
warning: UnitDistance/Upstream/Yamaguchi/ClassFieldTheory/AbstractClassFieldTheory/Reciprocity/Construction/UnramifiedNormQuotient.lean:242:7: Private declaration `ClassFormation.ValuationData.finiteNormSubgroup_le_unramifiedValuationHom_ker` accessed publicly; this is allowed only because the `backward.privateInPublic` option is enabled. 

Disable `backward.privateInPublic.warn` to silence this warning.
warning: UnitDistance/Upstream/Yamaguchi/ClassFieldTheory/AbstractClassFieldTheory/Reciprocity/Construction/UnramifiedNormQuotient.lean:259:8: Private declaration `ClassFormation.ValuationData.unramifiedValuationHom` accessed publicly; this is allowed only because the `backward.privateInPublic` option is enabled. 

Disable `backward.privateInPublic.warn` to silence this warning.
⚠ [5179/5266] Replayed UnitDistance.Upstream.Yamaguchi.ClassFieldTheory.AbstractClassFieldTheory.Reciprocity.Construction.CanonicalUnramifiedNormQuotient
warning: UnitDistance/Upstream/Yamaguchi/ClassFieldTheory/AbstractClassFieldTheory/Reciprocity/Construction/CanonicalUnramifiedNormQuotient.lean:136:7: Private declaration `ClassFormation.ValuationData.finiteNormSubgroup_le_canonicalUnramifiedValuationHom_ker` accessed publicly; this is allowed only because the `backward.privateInPublic` option is enabled. 

Disable `backward.privateInPublic.warn` to silence this warning.
⚠ [5188/5266] Replayed UnitDistance.Upstream.Yamaguchi.ValuedFieldTheory.LocalField.NonarchimedeanLocalField.FiniteUnramified
warning: UnitDistance/Upstream/Yamaguchi/ValuedFieldTheory/LocalField/NonarchimedeanLocalField/FiniteUnramified.lean:665:17: `Irreducible.maximalIdeal_pow_eq_setOf_le_v_coe_pow` has been deprecated: Use `Irreducible.maximalIdeal_pow_eq_setOfPred_le_v_coe_pow` instead

Hint: Replace the deprecated name:
  Irreducible.maximalIdeal_pow_eq_setOfP̲r̲e̲d̲_le_v_coe_pow
warning: UnitDistance/Upstream/Yamaguchi/ValuedFieldTheory/LocalField/NonarchimedeanLocalField/FiniteUnramified.lean:685:16: `Irreducible.maximalIdeal_pow_eq_setOf_le_v_coe_pow` has been deprecated: Use `Irreducible.maximalIdeal_pow_eq_setOfPred_le_v_coe_pow` instead

Hint: Replace the deprecated name:
  Irreducible.maximalIdeal_pow_eq_setOfP̲r̲e̲d̲_le_v_coe_pow
⚠ [5189/5266] Replayed UnitDistance.Upstream.Yamaguchi.ValuedFieldTheory.LocalField.NonarchimedeanLocalField.SeparableNormValuation
warning: UnitDistance/Upstream/Yamaguchi/ValuedFieldTheory/LocalField/NonarchimedeanLocalField/SeparableNormValuation.lean:158:2: Try this: 
  letI̵

The goal is a proposition, so `let` is preferred over `letI`.
The difference between `let` and `letI` is that `letI` inlines the value.
But this is not relevant for proofs because of proof irrelevance.

Note: This linter can be disabled with `set_option linter.style.haveILetI false`
⚠ [5190/5266] Replayed UnitDistance.Upstream.Yamaguchi.ClassFieldTheory.LocalClassFieldTheory.Finite.LocalReciprocity.HenselianValuationBase
warning: UnitDistance/Upstream/Yamaguchi/ClassFieldTheory/LocalClassFieldTheory/Finite/LocalReciprocity/HenselianValuationBase.lean:51:44: Private declaration `A` accessed publicly; this is allowed only because the `backward.privateInPublic` option is enabled. 

Disable `backward.privateInPublic.warn` to silence this warning.
warning: UnitDistance/Upstream/Yamaguchi/ClassFieldTheory/LocalClassFieldTheory/Finite/LocalReciprocity/HenselianValuationBase.lean:51:61: Private declaration `G` accessed publicly; this is allowed only because the `backward.privateInPublic` option is enabled. 

Disable `backward.privateInPublic.warn` to silence this warning.
warning: UnitDistance/Upstream/Yamaguchi/ClassFieldTheory/LocalClassFieldTheory/Finite/LocalReciprocity/HenselianValuationBase.lean:54:42: Private declaration `A` accessed publicly; this is allowed only because the `backward.privateInPublic` option is enabled. 

Disable `backward.privateInPublic.warn` to silence this warning.
warning: UnitDistance/Upstream/Yamaguchi/ClassFieldTheory/LocalClassFieldTheory/Finite/LocalReciprocity/HenselianValuationBase.lean:76:29: Private declaration `A` accessed publicly; this is allowed only because the `backward.privateInPublic` option is enabled. 

Disable `backward.privateInPublic.warn` to silence this warning.
warning: UnitDistance/Upstream/Yamaguchi/ClassFieldTheory/LocalClassFieldTheory/Finite/LocalReciprocity/HenselianValuationBase.lean:76:46: Private declaration `G` accessed publicly; this is allowed only because the `backward.privateInPublic` option is enabled. 

Disable `backward.privateInPublic.warn` to silence this warning.
⚠ [5191/5266] Replayed UnitDistance.Upstream.Yamaguchi.ClassFieldTheory.LocalClassFieldTheory.Finite.LocalReciprocity.SeparableFixedFieldNorm
warning: UnitDistance/Upstream/Yamaguchi/ClassFieldTheory/LocalClassFieldTheory/Finite/LocalReciprocity/SeparableFixedFieldNorm.lean:105:5: `IsSepClosed.surjective_restrictDomain_of_isSeparable` has been deprecated: Use `IsSepClosed.surjective_domRestrict_of_isSeparable` instead

Hint: Replace the deprecated name:
  I̵s̵S̵e̵p̵C̵l̵o̵s̵e̵d̵.̵s̵u̵r̵j̵e̵c̵t̵i̵v̵e̵_̵r̵e̵s̵t̵r̵i̵c̵t̵D̵o̵m̵a̵i̵n̵_̵o̵f̵_̵i̵s̵S̵e̵p̵a̵r̵a̵b̵l̵e̵I̲s̲S̲e̲p̲C̲l̲o̲s̲e̲d̲.̲s̲u̲r̲j̲e̲c̲t̲i̲v̲e̲_̲d̲o̲m̲R̲e̲s̲t̲r̲i̲c̲t̲_̲o̲f̲_̲i̲s̲S̲e̲p̲a̲r̲a̲b̲l̲e̲
warning: UnitDistance/Upstream/Yamaguchi/ClassFieldTheory/LocalClassFieldTheory/Finite/LocalReciprocity/SeparableFixedFieldNorm.lean:158:5: Private declaration `baseFixingCosetToAlgHom_injective` accessed publicly; this is allowed only because the `backward.privateInPublic` option is enabled. 

Disable `backward.privateInPublic.warn` to silence this warning.
warning: UnitDistance/Upstream/Yamaguchi/ClassFieldTheory/LocalClassFieldTheory/Finite/LocalReciprocity/SeparableFixedFieldNorm.lean:159:6: Private declaration `baseFixingCosetToAlgHom_surjective` accessed publicly; this is allowed only because the `backward.privateInPublic` option is enabled. 

Disable `backward.privateInPublic.warn` to silence this warning.
⚠ [5194/5266] Replayed UnitDistance.Upstream.Yamaguchi.ClassFieldTheory.LocalClassFieldTheory.Finite.LocalReciprocity.FiniteResidueFrobenius
warning: UnitDistance/Upstream/Yamaguchi/ClassFieldTheory/LocalClassFieldTheory/Finite/LocalReciprocity/FiniteResidueFrobenius.lean:69:7: Private declaration `finiteResidueFrobeniusIntegerPowers` accessed publicly; this is allowed only because the `backward.privateInPublic` option is enabled. 

Disable `backward.privateInPublic.warn` to silence this warning.
warning: UnitDistance/Upstream/Yamaguchi/ClassFieldTheory/LocalClassFieldTheory/Finite/LocalReciprocity/FiniteResidueFrobenius.lean:70:8: Private declaration `finiteResidueFrobeniusIntegerPowers_degree_eq_zero` accessed publicly; this is allowed only because the `backward.privateInPublic` option is enabled. 

Disable `backward.privateInPublic.warn` to silence this warning.
⚠ [5195/5266] Replayed UnitDistance.Upstream.Yamaguchi.ClassFieldTheory.LocalClassFieldTheory.Finite.LocalReciprocity.ResidueAbsoluteFrobenius
warning: UnitDistance/Upstream/Yamaguchi/ClassFieldTheory/LocalClassFieldTheory/Finite/LocalReciprocity/ResidueAbsoluteFrobenius.lean:77:11: Private declaration `residueFrobeniusLimitPoint` accessed publicly; this is allowed only because the `backward.privateInPublic` option is enabled. 

Disable `backward.privateInPublic.warn` to silence this warning.
⚠ [5199/5266] Replayed UnitDistance.Upstream.Yamaguchi.ValuedFieldTheory.Valuation.Henselian.NonmonicReduction
warning: UnitDistance/Upstream/Yamaguchi/ValuedFieldTheory/Valuation/Henselian/NonmonicReduction.lean:138:6: `mul_lt_one_of_nonneg_of_lt_one_left` has been deprecated: No replacement, use constituent lemmas from proof.
warning: UnitDistance/Upstream/Yamaguchi/ValuedFieldTheory/Valuation/Henselian/NonmonicReduction.lean:175:55: `if_false` has been deprecated: Use `ite_false` instead

Hint: Replace the deprecated name:
  i̵f̵_̵f̵a̵l̵s̵e̵i̲t̲e̲_̲f̲a̲l̲s̲e̲
⚠ [5224/5313] Replayed UnitDistance.Upstream.Yamaguchi.ClassFieldTheory.AbstractClassFieldTheory.Reciprocity.Construction.MainFiniteReciprocity
warning: UnitDistance/Upstream/Yamaguchi/ClassFieldTheory/AbstractClassFieldTheory/Reciprocity/Construction/MainFiniteReciprocity.lean:764:4: Private declaration `ClassFormation.DegreeData.finiteReciprocityHom_of_mul` accessed publicly; this is allowed only because the `backward.privateInPublic` option is enabled. 

Disable `backward.privateInPublic.warn` to silence this warning.
⚠ [5225/5313] Replayed UnitDistance.Upstream.Yamaguchi.ClassFieldTheory.AbstractClassFieldTheory.Reciprocity.Construction.MainNaturality
warning: UnitDistance/Upstream/Yamaguchi/ClassFieldTheory/AbstractClassFieldTheory/Reciprocity/Construction/MainNaturality.lean:447:4: Private declaration `finiteReciprocityNaturality_tower_finite` accessed publicly; this is allowed only because the `backward.privateInPublic` option is enabled. 

Disable `backward.privateInPublic.warn` to silence this warning.
⚠ [5231/5313] Replayed UnitDistance.Upstream.Yamaguchi.ValuedFieldTheory.Ramification.GaloisValuation.AbsoluteGalois.InfiniteGaloisCorrespondence
warning: UnitDistance/Upstream/Yamaguchi/ValuedFieldTheory/Ramification/GaloisValuation/AbsoluteGalois/InfiniteGaloisCorrespondence.lean:537:4: `IntermediateField.restrict_algEquiv` has been deprecated: Use `IntermediateField.restrictAlgEquiv` instead

Hint: Replace the deprecated name:
  IntermediateField.restrict_̵a̵A̲lgEquiv
warning: UnitDistance/Upstream/Yamaguchi/ValuedFieldTheory/Ramification/GaloisValuation/AbsoluteGalois/InfiniteGaloisCorrespondence.lean:1434:4: Private declaration `finiteDimensional_map_algEquiv` accessed publicly; this is allowed only because the `backward.privateInPublic` option is enabled. 

Disable `backward.privateInPublic.warn` to silence this warning.
⚠ [5239/5313] Replayed UnitDistance.Upstream.Yamaguchi.ValuedFieldTheory.Ramification.GaloisValuation.AbsoluteGalois.FiniteExtensionCorrespondence
warning: UnitDistance/Upstream/Yamaguchi/ValuedFieldTheory/Ramification/GaloisValuation/AbsoluteGalois/FiniteExtensionCorrespondence.lean:1001:5: Private declaration `automorphismsOverFieldRangeEquiv` accessed publicly; this is allowed only because the `backward.privateInPublic` option is enabled. 

Disable `backward.privateInPublic.warn` to silence this warning.
⚠ [5242/5313] Replayed UnitDistance.Upstream.Yamaguchi.ValuedFieldTheory.LocalField.NonarchimedeanLocalField.FiniteExtensionCompleteDVF
warning: UnitDistance/Upstream/Yamaguchi/ValuedFieldTheory/LocalField/NonarchimedeanLocalField/FiniteExtensionCompleteDVF.lean:146:20: Private declaration `chosenLocalExtensionCompleteDVF_exists` accessed publicly; this is allowed only because the `backward.privateInPublic` option is enabled. 

Disable `backward.privateInPublic.warn` to silence this warning.
⚠ [5249/5313] Replayed UnitDistance.Upstream.Yamaguchi.ClassFieldTheory.AlgebraicNumberTheory.Adele.RestrictedAction
warning: UnitDistance/Upstream/Yamaguchi/ClassFieldTheory/AlgebraicNumberTheory/Adele/RestrictedAction.lean:94:20: `TensorProduct.induction_on` has been deprecated: Use `TensorProduction.inductionOn` instead
warning: UnitDistance/Upstream/Yamaguchi/ClassFieldTheory/AlgebraicNumberTheory/Adele/RestrictedAction.lean:110:20: `TensorProduct.induction_on` has been deprecated: Use `TensorProduction.inductionOn` instead
warning: UnitDistance/Upstream/Yamaguchi/ClassFieldTheory/AlgebraicNumberTheory/Adele/RestrictedAction.lean:177:20: `TensorProduct.induction_on` has been deprecated: Use `TensorProduction.inductionOn` instead
warning: UnitDistance/Upstream/Yamaguchi/ClassFieldTheory/AlgebraicNumberTheory/Adele/RestrictedAction.lean:196:20: `TensorProduct.induction_on` has been deprecated: Use `TensorProduction.inductionOn` instead
⚠ [5251/5313] Replayed UnitDistance.Upstream.Yamaguchi.ClassFieldTheory.AlgebraicNumberTheory.SUnit.LogLattice
warning: UnitDistance/Upstream/Yamaguchi/ClassFieldTheory/AlgebraicNumberTheory/SUnit/LogLattice.lean:1181:3: Private declaration `torsionProdFreeQuotientEquiv` accessed publicly; this is allowed only because the `backward.privateInPublic` option is enabled. 

Disable `backward.privateInPublic.warn` to silence this warning.
⚠ [5262/5313] Replayed UnitDistance.Upstream.Yamaguchi.ValuedFieldTheory.Ramification.HilbertRamification.Dedekind.NumberFieldPrimes
warning: UnitDistance/Upstream/Yamaguchi/ValuedFieldTheory/Ramification/HilbertRamification/Dedekind/NumberFieldPrimes.lean:83:8: `Ideal.inertiaDeg'` has been deprecated: Use `Ideal.inertiaDeg` instead.
warning: UnitDistance/Upstream/Yamaguchi/ValuedFieldTheory/Ramification/HilbertRamification/Dedekind/NumberFieldPrimes.lean:86:8: `Ideal.inertiaDeg'` has been deprecated: Use `Ideal.inertiaDeg` instead.
warning: UnitDistance/Upstream/Yamaguchi/ValuedFieldTheory/Ramification/HilbertRamification/Dedekind/NumberFieldPrimes.lean:106:10: `Ideal.inertiaDeg'` has been deprecated: Use `Ideal.inertiaDeg` instead.
warning: UnitDistance/Upstream/Yamaguchi/ValuedFieldTheory/Ramification/HilbertRamification/Dedekind/NumberFieldPrimes.lean:112:6: `Ideal.inertiaDeg'_eq_inertiaDeg` has been deprecated: Use `inertiaDeg_eq_of_isMaximal` instead.
warning: UnitDistance/Upstream/Yamaguchi/ValuedFieldTheory/Ramification/HilbertRamification/Dedekind/NumberFieldPrimes.lean:127:10: `Ideal.inertiaDeg'` has been deprecated: Use `Ideal.inertiaDeg` instead.
warning: UnitDistance/Upstream/Yamaguchi/ValuedFieldTheory/Ramification/HilbertRamification/Dedekind/NumberFieldPrimes.lean:130:6: `Ideal.inertiaDeg'_eq_inertiaDeg` has been deprecated: Use `inertiaDeg_eq_of_isMaximal` instead.
warning: UnitDistance/Upstream/Yamaguchi/ValuedFieldTheory/Ramification/HilbertRamification/Dedekind/NumberFieldPrimes.lean:145:6: `Ideal.inertiaDeg'` has been deprecated: Use `Ideal.inertiaDeg` instead.
warning: UnitDistance/Upstream/Yamaguchi/ValuedFieldTheory/Ramification/HilbertRamification/Dedekind/NumberFieldPrimes.lean:150:6: `Ideal.inertiaDeg'` has been deprecated: Use `Ideal.inertiaDeg` instead.
warning: UnitDistance/Upstream/Yamaguchi/ValuedFieldTheory/Ramification/HilbertRamification/Dedekind/NumberFieldPrimes.lean:152:8: `Ideal.inertiaDeg'` has been deprecated: Use `Ideal.inertiaDeg` instead.
warning: UnitDistance/Upstream/Yamaguchi/ValuedFieldTheory/Ramification/HilbertRamification/Dedekind/NumberFieldPrimes.lean:176:14: `Ideal.inertiaDeg'_eq_inertiaDeg` has been deprecated: Use `inertiaDeg_eq_of_isMaximal` instead.
warning: UnitDistance/Upstream/Yamaguchi/ValuedFieldTheory/Ramification/HilbertRamification/Dedekind/NumberFieldPrimes.lean:186:20: `Ideal.inertiaDeg'_eq_inertiaDeg` has been deprecated: Use `inertiaDeg_eq_of_isMaximal` instead.
warning: UnitDistance/Upstream/Yamaguchi/ValuedFieldTheory/Ramification/HilbertRamification/Dedekind/NumberFieldPrimes.lean:227:8: `Ideal.inertiaDeg'` has been deprecated: Use `Ideal.inertiaDeg` instead.
warning: UnitDistance/Upstream/Yamaguchi/ValuedFieldTheory/Ramification/HilbertRamification/Dedekind/NumberFieldPrimes.lean:249:10: `Ideal.inertiaDeg'` has been deprecated: Use `Ideal.inertiaDeg` instead.
warning: UnitDistance/Upstream/Yamaguchi/ValuedFieldTheory/Ramification/HilbertRamification/Dedekind/NumberFieldPrimes.lean:255:6: `Ideal.inertiaDeg'_eq_inertiaDeg` has been deprecated: Use `inertiaDeg_eq_of_isMaximal` instead.
warning: UnitDistance/Upstream/Yamaguchi/ValuedFieldTheory/Ramification/HilbertRamification/Dedekind/NumberFieldPrimes.lean:335:4: `Ideal.inertiaDeg'` has been deprecated: Use `Ideal.inertiaDeg` instead.
warning: UnitDistance/Upstream/Yamaguchi/ValuedFieldTheory/Ramification/HilbertRamification/Dedekind/NumberFieldPrimes.lean:362:8: `Ideal.inertiaDeg'` has been deprecated: Use `Ideal.inertiaDeg` instead.
warning: UnitDistance/Upstream/Yamaguchi/ValuedFieldTheory/Ramification/HilbertRamification/Dedekind/NumberFieldPrimes.lean:363:8: `Ideal.inertiaDeg'_eq_inertiaDeg` has been deprecated: Use `inertiaDeg_eq_of_isMaximal` instead.
warning: UnitDistance/Upstream/Yamaguchi/ValuedFieldTheory/Ramification/HilbertRamification/Dedekind/NumberFieldPrimes.lean:395:6: `Ideal.inertiaDeg'` has been deprecated: Use `Ideal.inertiaDeg` instead.
warning: UnitDistance/Upstream/Yamaguchi/ValuedFieldTheory/Ramification/HilbertRamification/Dedekind/NumberFieldPrimes.lean:398:6: `Ideal.inertiaDeg'` has been deprecated: Use `Ideal.inertiaDeg` instead.
warning: UnitDistance/Upstream/Yamaguchi/ValuedFieldTheory/Ramification/HilbertRamification/Dedekind/NumberFieldPrimes.lean:415:6: `Ideal.inertiaDeg'` has been deprecated: Use `Ideal.inertiaDeg` instead.
warning: UnitDistance/Upstream/Yamaguchi/ValuedFieldTheory/Ramification/HilbertRamification/Dedekind/NumberFieldPrimes.lean:418:8: `Ideal.inertiaDeg'` has been deprecated: Use `Ideal.inertiaDeg` instead.
warning: UnitDistance/Upstream/Yamaguchi/ValuedFieldTheory/Ramification/HilbertRamification/Dedekind/NumberFieldPrimes.lean:456:8: `Ideal.inertiaDeg'` has been deprecated: Use `Ideal.inertiaDeg` instead.
warning: UnitDistance/Upstream/Yamaguchi/ValuedFieldTheory/Ramification/HilbertRamification/Dedekind/NumberFieldPrimes.lean:459:10: `Ideal.inertiaDeg'` has been deprecated: Use `Ideal.inertiaDeg` instead.
warning: UnitDistance/Upstream/Yamaguchi/ValuedFieldTheory/Ramification/HilbertRamification/Dedekind/NumberFieldPrimes.lean:462:18: `Ideal.inertiaDeg'_eq_inertiaDeg` has been deprecated: Use `inertiaDeg_eq_of_isMaximal` instead.
warning: UnitDistance/Upstream/Yamaguchi/ValuedFieldTheory/Ramification/HilbertRamification/Dedekind/NumberFieldPrimes.lean:471:26: `Ideal.inertiaDeg'_eq_inertiaDeg` has been deprecated: Use `inertiaDeg_eq_of_isMaximal` instead.
warning: UnitDistance/Upstream/Yamaguchi/ValuedFieldTheory/Ramification/HilbertRamification/Dedekind/NumberFieldPrimes.lean:558:6: `Ideal.inertiaDeg'` has been deprecated: Use `Ideal.inertiaDeg` instead.
warning: UnitDistance/Upstream/Yamaguchi/ValuedFieldTheory/Ramification/HilbertRamification/Dedekind/NumberFieldPrimes.lean:561:6: `Ideal.inertiaDeg'` has been deprecated: Use `Ideal.inertiaDeg` instead.
warning: UnitDistance/Upstream/Yamaguchi/ValuedFieldTheory/Ramification/HilbertRamification/Dedekind/NumberFieldPrimes.lean:564:8: `Ideal.inertiaDeg'` has been deprecated: Use `Ideal.inertiaDeg` instead.
⚠ [5266/5313] Replayed UnitDistance.Upstream.Yamaguchi.ProCGroups.FiniteGroups.StandardClasses
warning: UnitDistance/Upstream/Yamaguchi/ProCGroups/FiniteGroups/StandardClasses.lean:149:4: Try this: 
  letI̵

The goal is a proposition, so `let` is preferred over `letI`.
The difference between `let` and `letI` is that `letI` inlines the value.
But this is not relevant for proofs because of proof irrelevance.

Note: This linter can be disabled with `set_option linter.style.haveILetI false`
warning: UnitDistance/Upstream/Yamaguchi/ProCGroups/FiniteGroups/StandardClasses.lean:679:2: Try this: 
  letI̵

The goal is a proposition, so `let` is preferred over `letI`.
The difference between `let` and `letI` is that `letI` inlines the value.
But this is not relevant for proofs because of proof irrelevance.

Note: This linter can be disabled with `set_option linter.style.haveILetI false`
warning: UnitDistance/Upstream/Yamaguchi/ProCGroups/FiniteGroups/StandardClasses.lean:686:2: Try this: 
  letI̵

The goal is a proposition, so `let` is preferred over `letI`.
The difference between `let` and `letI` is that `letI` inlines the value.
But this is not relevant for proofs because of proof irrelevance.

Note: This linter can be disabled with `set_option linter.style.haveILetI false`
warning: UnitDistance/Upstream/Yamaguchi/ProCGroups/FiniteGroups/StandardClasses.lean:719:2: Try this: 
  letI̵

The goal is a proposition, so `let` is preferred over `letI`.
The difference between `let` and `letI` is that `letI` inlines the value.
But this is not relevant for proofs because of proof irrelevance.

Note: This linter can be disabled with `set_option linter.style.haveILetI false`
warning: UnitDistance/Upstream/Yamaguchi/ProCGroups/FiniteGroups/StandardClasses.lean:733:2: Try this: 
  letI̵

The goal is a proposition, so `let` is preferred over `letI`.
The difference between `let` and `letI` is that `letI` inlines the value.
But this is not relevant for proofs because of proof irrelevance.

Note: This linter can be disabled with `set_option linter.style.haveILetI false`
⚠ [5268/5313] Replayed UnitDistance.Upstream.Yamaguchi.ProCGroups.InverseSystems.Basic
warning: UnitDistance/Upstream/Yamaguchi/ProCGroups/InverseSystems/Basic.lean:387:25: `Set.setOf_forall` has been deprecated: Use `Set.ofPred_forall` instead

Hint: Replace the deprecated name:
  S̵e̵t̵.̵s̵e̵t̵O̵f̵_̵f̵o̵r̵a̵l̵l̵o̲f̲P̲r̲e̲d̲_̲f̲o̲r̲a̲l̲l̲
⚠ [5270/5356] Replayed UnitDistance.Upstream.Yamaguchi.ClassFieldTheory.AbstractClassFieldTheory.Reciprocity.Construction.MainTransfer
warning: UnitDistance/Upstream/Yamaguchi/ClassFieldTheory/AbstractClassFieldTheory/Reciprocity/Construction/MainTransfer.lean:694:11: Private declaration `chosenTransferNormNaturalityRightTransversal` accessed publicly; this is allowed only because the `backward.privateInPublic` option is enabled. 

Disable `backward.privateInPublic.warn` to silence this warning.
⚠ [5273/5356] Replayed UnitDistance.Upstream.Yamaguchi.ClassFieldTheory.AbstractClassFieldTheory.Reciprocity.Sylow
warning: UnitDistance/Upstream/Yamaguchi/ClassFieldTheory/AbstractClassFieldTheory/Reciprocity/Sylow.lean:95:2: Try this: 
  letI̵

The goal is a proposition, so `let` is preferred over `letI`.
The difference between `let` and `letI` is that `letI` inlines the value.
But this is not relevant for proofs because of proof irrelevance.

Note: This linter can be disabled with `set_option linter.style.haveILetI false`
⚠ [5281/5356] Replayed UnitDistance.Upstream.Yamaguchi.ClassFieldTheory.AbstractClassFieldTheory.Reciprocity.Main
warning: UnitDistance/Upstream/Yamaguchi/ClassFieldTheory/AbstractClassFieldTheory/Reciprocity/Main.lean:485:6: `solvable_of_solvable_injective` has been deprecated: Use `Group.isSolvable_of_isSolvable_injective` instead

Hint: Replace the deprecated name:
  s̵o̵l̵v̵a̵b̵l̵e̵_̵o̵f̵_̵s̵o̵l̵v̵a̵b̵l̵e̵_̵i̵n̵j̵e̵c̵t̵i̵v̵e̵G̲r̲o̲u̲p̲.̲i̲s̲S̲o̲l̲v̲a̲b̲l̲e̲_̲o̲f̲_̲i̲s̲S̲o̲l̲v̲a̲b̲l̲e̲_̲i̲n̲j̲e̲c̲t̲i̲v̲e̲
warning: UnitDistance/Upstream/Yamaguchi/ClassFieldTheory/AbstractClassFieldTheory/Reciprocity/Main.lean:484:4: Try this: 
  letI̵

The goal is a proposition, so `let` is preferred over `letI`.
The difference between `let` and `letI` is that `letI` inlines the value.
But this is not relevant for proofs because of proof irrelevance.

Note: This linter can be disabled with `set_option linter.style.haveILetI false`
warning: UnitDistance/Upstream/Yamaguchi/ClassFieldTheory/AbstractClassFieldTheory/Reciprocity/Main.lean:522:6: `IsSolvable.commutator_lt_top_of_nontrivial` has been deprecated: Use `Group.IsSolvable.commutator_lt_top_of_nontrivial` instead

Note: The updated constant is in a different namespace. Dot notation may need to be changed (e.g., from `x.commutator_lt_top_of_nontrivial` to `Group.IsSolvable.commutator_lt_top_of_nontrivial x`).

Hint: Replace the deprecated name:
  G̲r̲o̲u̲p̲.̲IsSolvable.commutator_lt_top_of_nontrivial
warning: UnitDistance/Upstream/Yamaguchi/ClassFieldTheory/AbstractClassFieldTheory/Reciprocity/Main.lean:536:6: `solvable_of_solvable_injective` has been deprecated: Use `Group.isSolvable_of_isSolvable_injective` instead

Hint: Replace the deprecated name:
  s̵o̵l̵v̵a̵b̵l̵e̵_̵o̵f̵_̵s̵o̵l̵v̵a̵b̵l̵e̵_̵i̵n̵j̵e̵c̵t̵i̵v̵e̵G̲r̲o̲u̲p̲.̲i̲s̲S̲o̲l̲v̲a̲b̲l̲e̲_̲o̲f̲_̲i̲s̲S̲o̲l̲v̲a̲b̲l̲e̲_̲i̲n̲j̲e̲c̲t̲i̲v̲e̲
warning: UnitDistance/Upstream/Yamaguchi/ClassFieldTheory/AbstractClassFieldTheory/Reciprocity/Main.lean:535:4: Try this: 
  letI̵

The goal is a proposition, so `let` is preferred over `letI`.
The difference between `let` and `letI` is that `letI` inlines the value.
But this is not relevant for proofs because of proof irrelevance.

Note: This linter can be disabled with `set_option linter.style.haveILetI false`
warning: UnitDistance/Upstream/Yamaguchi/ClassFieldTheory/AbstractClassFieldTheory/Reciprocity/Main.lean:539:4: Try this: 
  letI̵

The goal is a proposition, so `let` is preferred over `letI`.
The difference between `let` and `letI` is that `letI` inlines the value.
But this is not relevant for proofs because of proof irrelevance.

Note: This linter can be disabled with `set_option linter.style.haveILetI false`
warning: UnitDistance/Upstream/Yamaguchi/ClassFieldTheory/AbstractClassFieldTheory/Reciprocity/Main.lean:543:6: `solvable_of_solvable_injective` has been deprecated: Use `Group.isSolvable_of_isSolvable_injective` instead

Hint: Replace the deprecated name:
  s̵o̵l̵v̵a̵b̵l̵e̵_̵o̵f̵_̵s̵o̵l̵v̵a̵b̵l̵e̵_̵i̵n̵j̵e̵c̵t̵i̵v̵e̵G̲r̲o̲u̲p̲.̲i̲s̲S̲o̲l̲v̲a̲b̲l̲e̲_̲o̲f̲_̲i̲s̲S̲o̲l̲v̲a̲b̲l̲e̲_̲i̲n̲j̲e̲c̲t̲i̲v̲e̲
warning: UnitDistance/Upstream/Yamaguchi/ClassFieldTheory/AbstractClassFieldTheory/Reciprocity/Main.lean:542:4: Try this: 
  letI̵

The goal is a proposition, so `let` is preferred over `letI`.
The difference between `let` and `letI` is that `letI` inlines the value.
But this is not relevant for proofs because of proof irrelevance.

Note: This linter can be disabled with `set_option linter.style.haveILetI false`
warning: UnitDistance/Upstream/Yamaguchi/ClassFieldTheory/AbstractClassFieldTheory/Reciprocity/Main.lean:631:2: Try this: 
  letI̵

The goal is a proposition, so `let` is preferred over `letI`.
The difference between `let` and `letI` is that `letI` inlines the value.
But this is not relevant for proofs because of proof irrelevance.

Note: This linter can be disabled with `set_option linter.style.haveILetI false`
⚠ [5282/5356] Replayed UnitDistance.Upstream.Yamaguchi.ClassFieldTheory.LocalClassFieldTheory.Finite.LocalReciprocity.ConcreteReciprocityTransport
warning: UnitDistance/Upstream/Yamaguchi/ClassFieldTheory/LocalClassFieldTheory/Finite/LocalReciprocity/ConcreteReciprocityTransport.lean:71:65: Private declaration `B` accessed publicly; this is allowed only because the `backward.privateInPublic` option is enabled. 

Disable `backward.privateInPublic.warn` to silence this warning.
warning: UnitDistance/Upstream/Yamaguchi/ClassFieldTheory/LocalClassFieldTheory/Finite/LocalReciprocity/ConcreteReciprocityTransport.lean:81:62: Private declaration `B` accessed publicly; this is allowed only because the `backward.privateInPublic` option is enabled. 

Disable `backward.privateInPublic.warn` to silence this warning.
warning: UnitDistance/Upstream/Yamaguchi/ClassFieldTheory/LocalClassFieldTheory/Finite/LocalReciprocity/ConcreteReciprocityTransport.lean:89:21: Private declaration `G` accessed publicly; this is allowed only because the `backward.privateInPublic` option is enabled. 

Disable `backward.privateInPublic.warn` to silence this warning.
warning: UnitDistance/Upstream/Yamaguchi/ClassFieldTheory/LocalClassFieldTheory/Finite/LocalReciprocity/ConcreteReciprocityTransport.lean:89:49: Private declaration `A` accessed publicly; this is allowed only because the `backward.privateInPublic` option is enabled. 

Disable `backward.privateInPublic.warn` to silence this warning.
warning: UnitDistance/Upstream/Yamaguchi/ClassFieldTheory/LocalClassFieldTheory/Finite/LocalReciprocity/ConcreteReciprocityTransport.lean:90:37: Private declaration `A` accessed publicly; this is allowed only because the `backward.privateInPublic` option is enabled. 

Disable `backward.privateInPublic.warn` to silence this warning.
warning: UnitDistance/Upstream/Yamaguchi/ClassFieldTheory/LocalClassFieldTheory/Finite/LocalReciprocity/ConcreteReciprocityTransport.lean:95:34: Private declaration `A` accessed publicly; this is allowed only because the `backward.privateInPublic` option is enabled. 

Disable `backward.privateInPublic.warn` to silence this warning.
warning: UnitDistance/Upstream/Yamaguchi/ClassFieldTheory/LocalClassFieldTheory/Finite/LocalReciprocity/ConcreteReciprocityTransport.lean:104:21: Private declaration `G` accessed publicly; this is allowed only because the `backward.privateInPublic` option is enabled. 

Disable `backward.privateInPublic.warn` to silence this warning.
warning: UnitDistance/Upstream/Yamaguchi/ClassFieldTheory/LocalClassFieldTheory/Finite/LocalReciprocity/ConcreteReciprocityTransport.lean:104:49: Private declaration `A` accessed publicly; this is allowed only because the `backward.privateInPublic` option is enabled. 

Disable `backward.privateInPublic.warn` to silence this warning.
warning: UnitDistance/Upstream/Yamaguchi/ClassFieldTheory/LocalClassFieldTheory/Finite/LocalReciprocity/ConcreteReciprocityTransport.lean:105:37: Private declaration `A` accessed publicly; this is allowed only because the `backward.privateInPublic` option is enabled. 

Disable `backward.privateInPublic.warn` to silence this warning.
warning: UnitDistance/Upstream/Yamaguchi/ClassFieldTheory/LocalClassFieldTheory/Finite/LocalReciprocity/ConcreteReciprocityTransport.lean:124:21: Private declaration `G` accessed publicly; this is allowed only because the `backward.privateInPublic` option is enabled. 

Disable `backward.privateInPublic.warn` to silence this warning.
warning: UnitDistance/Upstream/Yamaguchi/ClassFieldTheory/LocalClassFieldTheory/Finite/LocalReciprocity/ConcreteReciprocityTransport.lean:124:49: Private declaration `A` accessed publicly; this is allowed only because the `backward.privateInPublic` option is enabled. 

Disable `backward.privateInPublic.warn` to silence this warning.
warning: UnitDistance/Upstream/Yamaguchi/ClassFieldTheory/LocalClassFieldTheory/Finite/LocalReciprocity/ConcreteReciprocityTransport.lean:125:37: Private declaration `A` accessed publicly; this is allowed only because the `backward.privateInPublic` option is enabled. 

Disable `backward.privateInPublic.warn` to silence this warning.
warning: UnitDistance/Upstream/Yamaguchi/ClassFieldTheory/LocalClassFieldTheory/Finite/LocalReciprocity/ConcreteReciprocityTransport.lean:134:21: Private declaration `G` accessed publicly; this is allowed only because the `backward.privateInPublic` option is enabled. 

Disable `backward.privateInPublic.warn` to silence this warning.
warning: UnitDistance/Upstream/Yamaguchi/ClassFieldTheory/LocalClassFieldTheory/Finite/LocalReciprocity/ConcreteReciprocityTransport.lean:134:49: Private declaration `A` accessed publicly; this is allowed only because the `backward.privateInPublic` option is enabled. 

Disable `backward.privateInPublic.warn` to silence this warning.
warning: UnitDistance/Upstream/Yamaguchi/ClassFieldTheory/LocalClassFieldTheory/Finite/LocalReciprocity/ConcreteReciprocityTransport.lean:135:37: Private declaration `A` accessed publicly; this is allowed only because the `backward.privateInPublic` option is enabled. 

Disable `backward.privateInPublic.warn` to silence this warning.
warning: UnitDistance/Upstream/Yamaguchi/ClassFieldTheory/LocalClassFieldTheory/Finite/LocalReciprocity/ConcreteReciprocityTransport.lean:144:21: Private declaration `G` accessed publicly; this is allowed only because the `backward.privateInPublic` option is enabled. 

Disable `backward.privateInPublic.warn` to silence this warning.
warning: UnitDistance/Upstream/Yamaguchi/ClassFieldTheory/LocalClassFieldTheory/Finite/LocalReciprocity/ConcreteReciprocityTransport.lean:144:49: Private declaration `A` accessed publicly; this is allowed only because the `backward.privateInPublic` option is enabled. 

Disable `backward.privateInPublic.warn` to silence this warning.
warning: UnitDistance/Upstream/Yamaguchi/ClassFieldTheory/LocalClassFieldTheory/Finite/LocalReciprocity/ConcreteReciprocityTransport.lean:145:37: Private declaration `A` accessed publicly; this is allowed only because the `backward.privateInPublic` option is enabled. 

Disable `backward.privateInPublic.warn` to silence this warning.
warning: UnitDistance/Upstream/Yamaguchi/ClassFieldTheory/LocalClassFieldTheory/Finite/LocalReciprocity/ConcreteReciprocityTransport.lean:153:21: Private declaration `G` accessed publicly; this is allowed only because the `backward.privateInPublic` option is enabled. 

Disable `backward.privateInPublic.warn` to silence this warning.
warning: UnitDistance/Upstream/Yamaguchi/ClassFieldTheory/LocalClassFieldTheory/Finite/LocalReciprocity/ConcreteReciprocityTransport.lean:153:49: Private declaration `A` accessed publicly; this is allowed only because the `backward.privateInPublic` option is enabled. 

Disable `backward.privateInPublic.warn` to silence this warning.
warning: UnitDistance/Upstream/Yamaguchi/ClassFieldTheory/LocalClassFieldTheory/Finite/LocalReciprocity/ConcreteReciprocityTransport.lean:154:37: Private declaration `A` accessed publicly; this is allowed only because the `backward.privateInPublic` option is enabled. 

Disable `backward.privateInPublic.warn` to silence this warning.
warning: UnitDistance/Upstream/Yamaguchi/ClassFieldTheory/LocalClassFieldTheory/Finite/LocalReciprocity/ConcreteReciprocityTransport.lean:161:21: Private declaration `G` accessed publicly; this is allowed only because the `backward.privateInPublic` option is enabled. 

Disable `backward.privateInPublic.warn` to silence this warning.
warning: UnitDistance/Upstream/Yamaguchi/ClassFieldTheory/LocalClassFieldTheory/Finite/LocalReciprocity/ConcreteReciprocityTransport.lean:161:49: Private declaration `A` accessed publicly; this is allowed only because the `backward.privateInPublic` option is enabled. 

Disable `backward.privateInPublic.warn` to silence this warning.
warning: UnitDistance/Upstream/Yamaguchi/ClassFieldTheory/LocalClassFieldTheory/Finite/LocalReciprocity/ConcreteReciprocityTransport.lean:162:37: Private declaration `A` accessed publicly; this is allowed only because the `backward.privateInPublic` option is enabled. 

Disable `backward.privateInPublic.warn` to silence this warning.
warning: UnitDistance/Upstream/Yamaguchi/ClassFieldTheory/LocalClassFieldTheory/Finite/LocalReciprocity/ConcreteReciprocityTransport.lean:170:21: Private declaration `G` accessed publicly; this is allowed only because the `backward.privateInPublic` option is enabled. 

Disable `backward.privateInPublic.warn` to silence this warning.
warning: UnitDistance/Upstream/Yamaguchi/ClassFieldTheory/LocalClassFieldTheory/Finite/LocalReciprocity/ConcreteReciprocityTransport.lean:170:49: Private declaration `A` accessed publicly; this is allowed only because the `backward.privateInPublic` option is enabled. 

Disable `backward.privateInPublic.warn` to silence this warning.
warning: UnitDistance/Upstream/Yamaguchi/ClassFieldTheory/LocalClassFieldTheory/Finite/LocalReciprocity/ConcreteReciprocityTransport.lean:171:37: Private declaration `A` accessed publicly; this is allowed only because the `backward.privateInPublic` option is enabled. 

Disable `backward.privateInPublic.warn` to silence this warning.
⚠ [5283/5356] Replayed UnitDistance.Upstream.Yamaguchi.ClassFieldTheory.LocalClassFieldTheory.Finite.LocalReciprocity.ConcreteReciprocityCanonical
warning: UnitDistance/Upstream/Yamaguchi/ClassFieldTheory/LocalClassFieldTheory/Finite/LocalReciprocity/ConcreteReciprocityCanonical.lean:58:41: Private declaration `G` accessed publicly; this is allowed only because the `backward.privateInPublic` option is enabled. 

Disable `backward.privateInPublic.warn` to silence this warning.
warning: UnitDistance/Upstream/Yamaguchi/ClassFieldTheory/LocalClassFieldTheory/Finite/LocalReciprocity/ConcreteReciprocityCanonical.lean:89:46: Private declaration `LocalClassFieldTheory.G` accessed publicly; this is allowed only because the `backward.privateInPublic` option is enabled. 

Disable `backward.privateInPublic.warn` to silence this warning.
warning: UnitDistance/Upstream/Yamaguchi/ClassFieldTheory/LocalClassFieldTheory/Finite/LocalReciprocity/ConcreteReciprocityCanonical.lean:100:50: Private declaration `LocalClassFieldTheory.G` accessed publicly; this is allowed only because the `backward.privateInPublic` option is enabled. 

Disable `backward.privateInPublic.warn` to silence this warning.
warning: UnitDistance/Upstream/Yamaguchi/ClassFieldTheory/LocalClassFieldTheory/Finite/LocalReciprocity/ConcreteReciprocityCanonical.lean:153:9: Private declaration `G` accessed publicly; this is allowed only because the `backward.privateInPublic` option is enabled. 

Disable `backward.privateInPublic.warn` to silence this warning.
warning: UnitDistance/Upstream/Yamaguchi/ClassFieldTheory/LocalClassFieldTheory/Finite/LocalReciprocity/ConcreteReciprocityCanonical.lean:153:41: Private declaration `B` accessed publicly; this is allowed only because the `backward.privateInPublic` option is enabled. 

Disable `backward.privateInPublic.warn` to silence this warning.
warning: UnitDistance/Upstream/Yamaguchi/ClassFieldTheory/LocalClassFieldTheory/Finite/LocalReciprocity/ConcreteReciprocityCanonical.lean:153:50: Private declaration `B` accessed publicly; this is allowed only because the `backward.privateInPublic` option is enabled. 

Disable `backward.privateInPublic.warn` to silence this warning.
warning: UnitDistance/Upstream/Yamaguchi/ClassFieldTheory/LocalClassFieldTheory/Finite/LocalReciprocity/ConcreteReciprocityCanonical.lean:197:13: Private declaration `B` accessed publicly; this is allowed only because the `backward.privateInPublic` option is enabled. 

Disable `backward.privateInPublic.warn` to silence this warning.
warning: UnitDistance/Upstream/Yamaguchi/ClassFieldTheory/LocalClassFieldTheory/Finite/LocalReciprocity/ConcreteReciprocityCanonical.lean:198:25: Private declaration `B` accessed publicly; this is allowed only because the `backward.privateInPublic` option is enabled. 

Disable `backward.privateInPublic.warn` to silence this warning.
warning: UnitDistance/Upstream/Yamaguchi/ClassFieldTheory/LocalClassFieldTheory/Finite/LocalReciprocity/ConcreteReciprocityCanonical.lean:208:45: Private declaration `B` accessed publicly; this is allowed only because the `backward.privateInPublic` option is enabled. 

Disable `backward.privateInPublic.warn` to silence this warning.
warning: UnitDistance/Upstream/Yamaguchi/ClassFieldTheory/LocalClassFieldTheory/Finite/LocalReciprocity/ConcreteReciprocityCanonical.lean:209:5: Private declaration `B` accessed publicly; this is allowed only because the `backward.privateInPublic` option is enabled. 

Disable `backward.privateInPublic.warn` to silence this warning.
warning: UnitDistance/Upstream/Yamaguchi/ClassFieldTheory/LocalClassFieldTheory/Finite/LocalReciprocity/ConcreteReciprocityCanonical.lean:369:7: Private declaration `B` accessed publicly; this is allowed only because the `backward.privateInPublic` option is enabled. 

Disable `backward.privateInPublic.warn` to silence this warning.
warning: UnitDistance/Upstream/Yamaguchi/ClassFieldTheory/LocalClassFieldTheory/Finite/LocalReciprocity/ConcreteReciprocityCanonical.lean:376:51: Private declaration `B` accessed publicly; this is allowed only because the `backward.privateInPublic` option is enabled. 

Disable `backward.privateInPublic.warn` to silence this warning.
warning: UnitDistance/Upstream/Yamaguchi/ClassFieldTheory/LocalClassFieldTheory/Finite/LocalReciprocity/ConcreteReciprocityCanonical.lean:379:11: Private declaration `extensionQuotientCongr` accessed publicly; this is allowed only because the `backward.privateInPublic` option is enabled. 

Disable `backward.privateInPublic.warn` to silence this warning.
warning: UnitDistance/Upstream/Yamaguchi/ClassFieldTheory/LocalClassFieldTheory/Finite/LocalReciprocity/ConcreteReciprocityCanonical.lean:391:45: Private declaration `B` accessed publicly; this is allowed only because the `backward.privateInPublic` option is enabled. 

Disable `backward.privateInPublic.warn` to silence this warning.
warning: UnitDistance/Upstream/Yamaguchi/ClassFieldTheory/LocalClassFieldTheory/Finite/LocalReciprocity/ConcreteReciprocityCanonical.lean:515:24: Private declaration `AG` accessed publicly; this is allowed only because the `backward.privateInPublic` option is enabled. 

Disable `backward.privateInPublic.warn` to silence this warning.
warning: UnitDistance/Upstream/Yamaguchi/ClassFieldTheory/LocalClassFieldTheory/Finite/LocalReciprocity/ConcreteReciprocityCanonical.lean:515:31: Private declaration `B` accessed publicly; this is allowed only because the `backward.privateInPublic` option is enabled. 

Disable `backward.privateInPublic.warn` to silence this warning.
warning: UnitDistance/Upstream/Yamaguchi/ClassFieldTheory/LocalClassFieldTheory/Finite/LocalReciprocity/ConcreteReciprocityCanonical.lean:518:26: Private declaration `AG` accessed publicly; this is allowed only because the `backward.privateInPublic` option is enabled. 

Disable `backward.privateInPublic.warn` to silence this warning.
warning: UnitDistance/Upstream/Yamaguchi/ClassFieldTheory/LocalClassFieldTheory/Finite/LocalReciprocity/ConcreteReciprocityCanonical.lean:518:33: Private declaration `B` accessed publicly; this is allowed only because the `backward.privateInPublic` option is enabled. 

Disable `backward.privateInPublic.warn` to silence this warning.
warning: UnitDistance/Upstream/Yamaguchi/ClassFieldTheory/LocalClassFieldTheory/Finite/LocalReciprocity/ConcreteReciprocityCanonical.lean:522:7: Private declaration `B` accessed publicly; this is allowed only because the `backward.privateInPublic` option is enabled. 

Disable `backward.privateInPublic.warn` to silence this warning.
warning: UnitDistance/Upstream/Yamaguchi/ClassFieldTheory/LocalClassFieldTheory/Finite/LocalReciprocity/ConcreteReciprocityCanonical.lean:529:58: Private declaration `AG` accessed publicly; this is allowed only because the `backward.privateInPublic` option is enabled. 

Disable `backward.privateInPublic.warn` to silence this warning.
warning: UnitDistance/Upstream/Yamaguchi/ClassFieldTheory/LocalClassFieldTheory/Finite/LocalReciprocity/ConcreteReciprocityCanonical.lean:529:65: Private declaration `B` accessed publicly; this is allowed only because the `backward.privateInPublic` option is enabled. 

Disable `backward.privateInPublic.warn` to silence this warning.
warning: UnitDistance/Upstream/Yamaguchi/ClassFieldTheory/LocalClassFieldTheory/Finite/LocalReciprocity/ConcreteReciprocityCanonical.lean:532:37: Private declaration `B` accessed publicly; this is allowed only because the `backward.privateInPublic` option is enabled. 

Disable `backward.privateInPublic.warn` to silence this warning.
warning: UnitDistance/Upstream/Yamaguchi/ClassFieldTheory/LocalClassFieldTheory/Finite/LocalReciprocity/ConcreteReciprocityCanonical.lean:534:11: Private declaration `finiteNormQuotientCongr` accessed publicly; this is allowed only because the `backward.privateInPublic` option is enabled. 

Disable `backward.privateInPublic.warn` to silence this warning.
warning: UnitDistance/Upstream/Yamaguchi/ClassFieldTheory/LocalClassFieldTheory/Finite/LocalReciprocity/ConcreteReciprocityCanonical.lean:534:36: Private declaration `AG` accessed publicly; this is allowed only because the `backward.privateInPublic` option is enabled. 

Disable `backward.privateInPublic.warn` to silence this warning.
warning: UnitDistance/Upstream/Yamaguchi/ClassFieldTheory/LocalClassFieldTheory/Finite/LocalReciprocity/ConcreteReciprocityCanonical.lean:535:35: Private declaration `B` accessed publicly; this is allowed only because the `backward.privateInPublic` option is enabled. 

Disable `backward.privateInPublic.warn` to silence this warning.
warning: UnitDistance/Upstream/Yamaguchi/ClassFieldTheory/LocalClassFieldTheory/Finite/LocalReciprocity/ConcreteReciprocityCanonical.lean:538:11: Private declaration `B` accessed publicly; this is allowed only because the `backward.privateInPublic` option is enabled. 

Disable `backward.privateInPublic.warn` to silence this warning.
warning: UnitDistance/Upstream/Yamaguchi/ClassFieldTheory/LocalClassFieldTheory/Finite/LocalReciprocity/ConcreteReciprocityCanonical.lean:539:43: Private declaration `B` accessed publicly; this is allowed only because the `backward.privateInPublic` option is enabled. 

Disable `backward.privateInPublic.warn` to silence this warning.
warning: UnitDistance/Upstream/Yamaguchi/ClassFieldTheory/LocalClassFieldTheory/Finite/LocalReciprocity/ConcreteReciprocityCanonical.lean:551:13: Private declaration `finiteNormQuotientCongr` accessed publicly; this is allowed only because the `backward.privateInPublic` option is enabled. 

Disable `backward.privateInPublic.warn` to silence this warning.
warning: UnitDistance/Upstream/Yamaguchi/ClassFieldTheory/LocalClassFieldTheory/Finite/LocalReciprocity/ConcreteReciprocityCanonical.lean:551:38: Private declaration `AG` accessed publicly; this is allowed only because the `backward.privateInPublic` option is enabled. 

Disable `backward.privateInPublic.warn` to silence this warning.
warning: UnitDistance/Upstream/Yamaguchi/ClassFieldTheory/LocalClassFieldTheory/Finite/LocalReciprocity/ConcreteReciprocityCanonical.lean:553:6: Private declaration `finiteGaloisAbstractExtensionOfEmbedding_bundle_finite` accessed publicly; this is allowed only because the `backward.privateInPublic` option is enabled. 

Disable `backward.privateInPublic.warn` to silence this warning.
warning: UnitDistance/Upstream/Yamaguchi/ClassFieldTheory/LocalClassFieldTheory/Finite/LocalReciprocity/ConcreteReciprocityCanonical.lean:556:14: Private declaration `finiteNormQuotientCongr` accessed publicly; this is allowed only because the `backward.privateInPublic` option is enabled. 

Disable `backward.privateInPublic.warn` to silence this warning.
warning: UnitDistance/Upstream/Yamaguchi/ClassFieldTheory/LocalClassFieldTheory/Finite/LocalReciprocity/ConcreteReciprocityCanonical.lean:556:39: Private declaration `AG` accessed publicly; this is allowed only because the `backward.privateInPublic` option is enabled. 

Disable `backward.privateInPublic.warn` to silence this warning.
warning: UnitDistance/Upstream/Yamaguchi/ClassFieldTheory/LocalClassFieldTheory/Finite/LocalReciprocity/ConcreteReciprocityCanonical.lean:559:6: Private declaration `finiteGaloisAbstractExtensionOfEmbedding_bundle_finite` accessed publicly; this is allowed only because the `backward.privateInPublic` option is enabled. 

Disable `backward.privateInPublic.warn` to silence this warning.
warning: UnitDistance/Upstream/Yamaguchi/ClassFieldTheory/LocalClassFieldTheory/Finite/LocalReciprocity/ConcreteReciprocityCanonical.lean:634:43: Private declaration `B` accessed publicly; this is allowed only because the `backward.privateInPublic` option is enabled. 

Disable `backward.privateInPublic.warn` to silence this warning.
warning: UnitDistance/Upstream/Yamaguchi/ClassFieldTheory/LocalClassFieldTheory/Finite/LocalReciprocity/ConcreteReciprocityCanonical.lean:660:26: Private declaration `AG` accessed publicly; this is allowed only because the `backward.privateInPublic` option is enabled. 

Disable `backward.privateInPublic.warn` to silence this warning.
warning: UnitDistance/Upstream/Yamaguchi/ClassFieldTheory/LocalClassFieldTheory/Finite/LocalReciprocity/ConcreteReciprocityCanonical.lean:660:33: Private declaration `B` accessed publicly; this is allowed only because the `backward.privateInPublic` option is enabled. 

Disable `backward.privateInPublic.warn` to silence this warning.
warning: UnitDistance/Upstream/Yamaguchi/ClassFieldTheory/LocalClassFieldTheory/Finite/LocalReciprocity/ConcreteReciprocityCanonical.lean:700:26: Private declaration `AG` accessed publicly; this is allowed only because the `backward.privateInPublic` option is enabled. 

Disable `backward.privateInPublic.warn` to silence this warning.
warning: UnitDistance/Upstream/Yamaguchi/ClassFieldTheory/LocalClassFieldTheory/Finite/LocalReciprocity/ConcreteReciprocityCanonical.lean:700:33: Private declaration `B` accessed publicly; this is allowed only because the `backward.privateInPublic` option is enabled. 

Disable `backward.privateInPublic.warn` to silence this warning.
warning: UnitDistance/Upstream/Yamaguchi/ClassFieldTheory/LocalClassFieldTheory/Finite/LocalReciprocity/ConcreteReciprocityCanonical.lean:706:23: Private declaration `AG` accessed publicly; this is allowed only because the `backward.privateInPublic` option is enabled. 

Disable `backward.privateInPublic.warn` to silence this warning.
warning: UnitDistance/Upstream/Yamaguchi/ClassFieldTheory/LocalClassFieldTheory/Finite/LocalReciprocity/ConcreteReciprocityCanonical.lean:706:30: Private declaration `B` accessed publicly; this is allowed only because the `backward.privateInPublic` option is enabled. 

Disable `backward.privateInPublic.warn` to silence this warning.
warning: UnitDistance/Upstream/Yamaguchi/ClassFieldTheory/LocalClassFieldTheory/Finite/LocalReciprocity/ConcreteReciprocityCanonical.lean:856:29: Private declaration `AG` accessed publicly; this is allowed only because the `backward.privateInPublic` option is enabled. 

Disable `backward.privateInPublic.warn` to silence this warning.
warning: UnitDistance/Upstream/Yamaguchi/ClassFieldTheory/LocalClassFieldTheory/Finite/LocalReciprocity/ConcreteReciprocityCanonical.lean:856:36: Private declaration `B` accessed publicly; this is allowed only because the `backward.privateInPublic` option is enabled. 

Disable `backward.privateInPublic.warn` to silence this warning.
warning: UnitDistance/Upstream/Yamaguchi/ClassFieldTheory/LocalClassFieldTheory/Finite/LocalReciprocity/ConcreteReciprocityCanonical.lean:926:21: Private declaration `G` accessed publicly; this is allowed only because the `backward.privateInPublic` option is enabled. 

Disable `backward.privateInPublic.warn` to silence this warning.
warning: UnitDistance/Upstream/Yamaguchi/ClassFieldTheory/LocalClassFieldTheory/Finite/LocalReciprocity/ConcreteReciprocityCanonical.lean:926:49: Private declaration `AG` accessed publicly; this is allowed only because the `backward.privateInPublic` option is enabled. 

Disable `backward.privateInPublic.warn` to silence this warning.
warning: UnitDistance/Upstream/Yamaguchi/ClassFieldTheory/LocalClassFieldTheory/Finite/LocalReciprocity/ConcreteReciprocityCanonical.lean:927:37: Private declaration `AG` accessed publicly; this is allowed only because the `backward.privateInPublic` option is enabled. 

Disable `backward.privateInPublic.warn` to silence this warning.
warning: UnitDistance/Upstream/Yamaguchi/ClassFieldTheory/LocalClassFieldTheory/Finite/LocalReciprocity/ConcreteReciprocityCanonical.lean:1080:21: Private declaration `G` accessed publicly; this is allowed only because the `backward.privateInPublic` option is enabled. 

Disable `backward.privateInPublic.warn` to silence this warning.
warning: UnitDistance/Upstream/Yamaguchi/ClassFieldTheory/LocalClassFieldTheory/Finite/LocalReciprocity/ConcreteReciprocityCanonical.lean:1080:49: Private declaration `AG` accessed publicly; this is allowed only because the `backward.privateInPublic` option is enabled. 

Disable `backward.privateInPublic.warn` to silence this warning.
warning: UnitDistance/Upstream/Yamaguchi/ClassFieldTheory/LocalClassFieldTheory/Finite/LocalReciprocity/ConcreteReciprocityCanonical.lean:1081:37: Private declaration `AG` accessed publicly; this is allowed only because the `backward.privateInPublic` option is enabled. 

Disable `backward.privateInPublic.warn` to silence this warning.
warning: UnitDistance/Upstream/Yamaguchi/ClassFieldTheory/LocalClassFieldTheory/Finite/LocalReciprocity/ConcreteReciprocityCanonical.lean:1095:21: Private declaration `G` accessed publicly; this is allowed only because the `backward.privateInPublic` option is enabled. 

Disable `backward.privateInPublic.warn` to silence this warning.
warning: UnitDistance/Upstream/Yamaguchi/ClassFieldTheory/LocalClassFieldTheory/Finite/LocalReciprocity/ConcreteReciprocityCanonical.lean:1095:49: Private declaration `AG` accessed publicly; this is allowed only because the `backward.privateInPublic` option is enabled. 

Disable `backward.privateInPublic.warn` to silence this warning.
warning: UnitDistance/Upstream/Yamaguchi/ClassFieldTheory/LocalClassFieldTheory/Finite/LocalReciprocity/ConcreteReciprocityCanonical.lean:1096:37: Private declaration `AG` accessed publicly; this is allowed only because the `backward.privateInPublic` option is enabled. 

Disable `backward.privateInPublic.warn` to silence this warning.
⚠ [5285/5356] Replayed UnitDistance.Upstream.Yamaguchi.ClassFieldTheory.LocalClassFieldTheory.Finite.LocalReciprocity.LocalResidueDatum
warning: UnitDistance/Upstream/Yamaguchi/ClassFieldTheory/LocalClassFieldTheory/Finite/LocalReciprocity/LocalResidueDatum.lean:100:3: Private declaration `localAbsoluteValuationSubring` accessed publicly; this is allowed only because the `backward.privateInPublic` option is enabled. 

Disable `backward.privateInPublic.warn` to silence this warning.
warning: UnitDistance/Upstream/Yamaguchi/ClassFieldTheory/LocalClassFieldTheory/Finite/LocalReciprocity/LocalResidueDatum.lean:236:7: Private declaration `localBaseValuationSubringEquivDecompositionField` accessed publicly; this is allowed only because the `backward.privateInPublic` option is enabled. 

Disable `backward.privateInPublic.warn` to silence this warning.
warning: UnitDistance/Upstream/Yamaguchi/ClassFieldTheory/LocalClassFieldTheory/Finite/LocalReciprocity/LocalResidueDatum.lean:395:22: Private declaration `localSeparableResidueAlgAction_continuous` accessed publicly; this is allowed only because the `backward.privateInPublic` option is enabled. 

Disable `backward.privateInPublic.warn` to silence this warning.
⚠ [5290/5356] Replayed UnitDistance.Upstream.Yamaguchi.ProCGroups.InverseSystems.CompatibilityAndSurjectivity
warning: UnitDistance/Upstream/Yamaguchi/ProCGroups/InverseSystems/CompatibilityAndSurjectivity.lean:59:29: `Set.setOf_forall` has been deprecated: Use `Set.ofPred_forall` instead

Hint: Replace the deprecated name:
  S̵e̵t̵.̵s̵e̵t̵O̵f̵_̵f̵o̵r̵a̵l̵l̵o̲f̲P̲r̲e̲d̲_̲f̲o̲r̲a̲l̲l̲
⚠ [5291/5356] Replayed UnitDistance.Upstream.Yamaguchi.ProCGroups.InverseSystems.CofinalityAndDensity
warning: UnitDistance/Upstream/Yamaguchi/ProCGroups/InverseSystems/CofinalityAndDensity.lean:89:16: `dif_pos` has been deprecated: Use `dite_eq_left` instead

Hint: Replace the deprecated name:
  d̵i̵f̵_̵p̵o̵s̵d̲i̲t̲e̲_̲e̲q̲_̲l̲e̲f̲t̲
⚠ [5294/5356] Replayed UnitDistance.Upstream.Yamaguchi.ProCGroups.Topologies.ContinuousMonoidHom
warning: UnitDistance/Upstream/Yamaguchi/ProCGroups/Topologies/ContinuousMonoidHom.lean:136:10: `MonoidHom.coe_coe` has been deprecated: Use `MonoidHom.coe_ofClass` instead

Hint: Replace the deprecated name:
  M̵o̵n̵o̵i̵d̵H̵o̵m̵.̵c̵o̵e̵_̵c̵o̵e̵M̲o̲n̲o̲i̲d̲H̲o̲m̲.̲c̲o̲e̲_̲o̲f̲C̲l̲a̲s̲s̲
⚠ [5296/5356] Replayed UnitDistance.Upstream.Yamaguchi.ProCGroups.Topologies.QuotientMaps
warning: UnitDistance/Upstream/Yamaguchi/ProCGroups/Topologies/QuotientMaps.lean:95:10: Private declaration `map_ker_eq_bot_of_map_eq_of_ker_le` accessed publicly; this is allowed only because the `backward.privateInPublic` option is enabled. 

Disable `backward.privateInPublic.warn` to silence this warning.
warning: UnitDistance/Upstream/Yamaguchi/ProCGroups/Topologies/QuotientMaps.lean:198:10: Private declaration `map_ker_eq_bot_of_map_eq_of_ker_le` accessed publicly; this is allowed only because the `backward.privateInPublic` option is enabled. 

Disable `backward.privateInPublic.warn` to silence this warning.
⚠ [5298/5356] Replayed UnitDistance.Upstream.Yamaguchi.ProCGroups.ProC.OpenNormalSubgroups.ClosedAndCosets
warning: UnitDistance/Upstream/Yamaguchi/ProCGroups/ProC/OpenNormalSubgroups/ClosedAndCosets.lean:43:34: `Set.mem_setOf_eq` has been deprecated: Use `Set.mem_ofPred_eq` instead

Hint: Replace the deprecated name:
  S̵e̵t̵.̵m̵e̵m̵_̵s̵e̵t̵O̵f̵_̵e̵q̵S̲e̲t̲.̲m̲e̲m̲_̲o̲f̲P̲r̲e̲d̲_̲e̲q̲
warning: UnitDistance/Upstream/Yamaguchi/ProCGroups/ProC/OpenNormalSubgroups/ClosedAndCosets.lean:53:20: `Set.mem_setOf_eq` has been deprecated: Use `Set.mem_ofPred_eq` instead

Hint: Replace the deprecated name:
  S̵e̵t̵.̵m̵e̵m̵_̵s̵e̵t̵O̵f̵_̵e̵q̵S̲e̲t̲.̲m̲e̲m̲_̲o̲f̲P̲r̲e̲d̲_̲e̲q̲
warning: UnitDistance/Upstream/Yamaguchi/ProCGroups/ProC/OpenNormalSubgroups/ClosedAndCosets.lean:66:39: `Set.mem_setOf_eq` has been deprecated: Use `Set.mem_ofPred_eq` instead

Hint: Replace the deprecated name:
  S̵e̵t̵.̵m̵e̵m̵_̵s̵e̵t̵O̵f̵_̵e̵q̵S̲e̲t̲.̲m̲e̲m̲_̲o̲f̲P̲r̲e̲d̲_̲e̲q̲
⚠ [5302/5356] Replayed UnitDistance.Upstream.Yamaguchi.ProCGroups.ProC.OpenNormalSubgroups.ProCGroup
warning: UnitDistance/Upstream/Yamaguchi/ProCGroups/ProC/OpenNormalSubgroups/ProCGroup.lean:554:15: `Set.mem_setOf_eq` has been deprecated: Use `Set.mem_ofPred_eq` instead

Hint: Replace the deprecated name:
  S̵e̵t̵.̵m̵e̵m̵_̵s̵e̵t̵O̵f̵_̵e̵q̵S̲e̲t̲.̲m̲e̲m̲_̲o̲f̲P̲r̲e̲d̲_̲e̲q̲
⚠ [5310/5356] Replayed UnitDistance.QuadraticRamification
warning: UnitDistance/QuadraticRamification.lean:21:0: automatically included section variable(s) unused in theorem `UnitDistance.QuadraticRamification.minpoly_integral_sqrt`:
  [NumberField K]
consider restructuring your `variable` declarations so that the variables are not in scope or explicitly omit them:
  omit [NumberField K] in theorem ...

Note: This linter can be disabled with `set_option linter.unusedSectionVars false`
warning: UnitDistance/QuadraticRamification.lean:131:8: automatically included section variable(s) unused in theorem `UnitDistance.QuadraticRamification.integralSqrt_sq`:
  [NumberField F]
consider restructuring your `variable` declarations so that the variables are not in scope or explicitly omit them:
  omit [NumberField F] in theorem ...

Note: This linter can be disabled with `set_option linter.unusedSectionVars false`
warning: UnitDistance/QuadraticRamification.lean:138:0: automatically included section variable(s) unused in theorem `UnitDistance.QuadraticRamification.integralSqrt_adjoin`:
  [NumberField F]
consider restructuring your `variable` declarations so that the variables are not in scope or explicitly omit them:
  omit [NumberField F] in theorem ...

Note: This linter can be disabled with `set_option linter.unusedSectionVars false`
⚠ [5311/5356] Replayed UnitDistance.QuadraticUnramifiedOutside
warning: UnitDistance/QuadraticUnramifiedOutside.lean:61:2: Try this: 
  haveI̵

The goal is a proposition, so `have` is preferred over `haveI`.
The difference between `have` and `haveI` is that `haveI` inlines the value.
But this is not relevant for proofs because of proof irrelevance.

Note: This linter can be disabled with `set_option linter.style.haveILetI false`
warning: UnitDistance/QuadraticUnramifiedOutside.lean:62:2: Try this: 
  haveI̵

The goal is a proposition, so `have` is preferred over `haveI`.
The difference between `have` and `haveI` is that `haveI` inlines the value.
But this is not relevant for proofs because of proof irrelevance.

Note: This linter can be disabled with `set_option linter.style.haveILetI false`
warning: UnitDistance/QuadraticUnramifiedOutside.lean:68:2: Try this: 
  haveI̵

The goal is a proposition, so `have` is preferred over `haveI`.
The difference between `have` and `haveI` is that `haveI` inlines the value.
But this is not relevant for proofs because of proof irrelevance.

Note: This linter can be disabled with `set_option linter.style.haveILetI false`
warning: UnitDistance/QuadraticUnramifiedOutside.lean:69:2: Try this: 
  haveI̵

The goal is a proposition, so `have` is preferred over `haveI`.
The difference between `have` and `haveI` is that `haveI` inlines the value.
But this is not relevant for proofs because of proof irrelevance.

Note: This linter can be disabled with `set_option linter.style.haveILetI false`
⚠ [5312/5356] Replayed UnitDistance.UnramifiedAwayEquiv
warning: UnitDistance/UnramifiedAwayEquiv.lean:22:2: Try this: 
  haveI̵

The goal is a proposition, so `have` is preferred over `haveI`.
The difference between `have` and `haveI` is that `haveI` inlines the value.
But this is not relevant for proofs because of proof irrelevance.

Note: This linter can be disabled with `set_option linter.style.haveILetI false`
warning: UnitDistance/UnramifiedAwayEquiv.lean:28:2: Try this: 
  haveI̵

The goal is a proposition, so `have` is preferred over `haveI`.
The difference between `have` and `haveI` is that `haveI` inlines the value.
But this is not relevant for proofs because of proof irrelevance.

Note: This linter can be disabled with `set_option linter.style.haveILetI false`
⚠ [5314/5356] Replayed UnitDistance.GeneratedQuadraticEmbedding
warning: UnitDistance/GeneratedQuadraticEmbedding.lean:19:0: automatically included section variable(s) unused in theorem `UnitDistance.Multiquadratic.GeneratedGaloisTower.nonempty_embedding`:
  [DecidableEq ι]
consider restructuring your `variable` declarations so that the variables are not in scope or explicitly omit them:
  omit [DecidableEq ι] in theorem ...

Note: This linter can be disabled with `set_option linter.unusedSectionVars false`
⚠ [5316/5356] Replayed UnitDistance.GeneratedQuadraticRamification
warning: UnitDistance/GeneratedQuadraticRamification.lean:50:4: Try this: 
  letI̵

The goal is a proposition, so `let` is preferred over `letI`.
The difference between `let` and `letI` is that `letI` inlines the value.
But this is not relevant for proofs because of proof irrelevance.

Note: This linter can be disabled with `set_option linter.style.haveILetI false`
warning: UnitDistance/GeneratedQuadraticRamification.lean:53:4: Try this: 
  letI̵

The goal is a proposition, so `let` is preferred over `letI`.
The difference between `let` and `letI` is that `letI` inlines the value.
But this is not relevant for proofs because of proof irrelevance.

Note: This linter can be disabled with `set_option linter.style.haveILetI false`
warning: UnitDistance/GeneratedQuadraticRamification.lean:54:4: Try this: 
  letI̵

The goal is a proposition, so `let` is preferred over `letI`.
The difference between `let` and `letI` is that `letI` inlines the value.
But this is not relevant for proofs because of proof irrelevance.

Note: This linter can be disabled with `set_option linter.style.haveILetI false`
warning: UnitDistance/GeneratedQuadraticRamification.lean:55:4: Try this: 
  letI̵

The goal is a proposition, so `let` is preferred over `letI`.
The difference between `let` and `letI` is that `letI` inlines the value.
But this is not relevant for proofs because of proof irrelevance.

Note: This linter can be disabled with `set_option linter.style.haveILetI false`
warning: UnitDistance/GeneratedQuadraticRamification.lean:58:4: Try this: 
  letI̵

The goal is a proposition, so `let` is preferred over `letI`.
The difference between `let` and `letI` is that `letI` inlines the value.
But this is not relevant for proofs because of proof irrelevance.

Note: This linter can be disabled with `set_option linter.style.haveILetI false`
warning: UnitDistance/GeneratedQuadraticRamification.lean:62:4: Try this: 
  letI̵

The goal is a proposition, so `let` is preferred over `letI`.
The difference between `let` and `letI` is that `letI` inlines the value.
But this is not relevant for proofs because of proof irrelevance.

Note: This linter can be disabled with `set_option linter.style.haveILetI false`
⚠ [5318/5356] Replayed UnitDistance.ArithmeticCatalogRamification
warning: UnitDistance/ArithmeticCatalogRamification.lean:33:2: Try this: 
  letI̵

The goal is a proposition, so `let` is preferred over `letI`.
The difference between `let` and `letI` is that `letI` inlines the value.
But this is not relevant for proofs because of proof irrelevance.

Note: This linter can be disabled with `set_option linter.style.haveILetI false`
warning: UnitDistance/ArithmeticCatalogRamification.lean:34:2: Try this: 
  letI̵

The goal is a proposition, so `let` is preferred over `letI`.
The difference between `let` and `letI` is that `letI` inlines the value.
But this is not relevant for proofs because of proof irrelevance.

Note: This linter can be disabled with `set_option linter.style.haveILetI false`
⚠ [5320/5356] Replayed UnitDistance.UnramifiedAwayDiscriminant
warning: UnitDistance/UnramifiedAwayDiscriminant.lean:32:2: Try this: 
  letI̵

The goal is a proposition, so `let` is preferred over `letI`.
The difference between `let` and `letI` is that `letI` inlines the value.
But this is not relevant for proofs because of proof irrelevance.

Note: This linter can be disabled with `set_option linter.style.haveILetI false`
warning: UnitDistance/UnramifiedAwayDiscriminant.lean:33:2: Try this: 
  letI̵

The goal is a proposition, so `let` is preferred over `letI`.
The difference between `let` and `letI` is that `letI` inlines the value.
But this is not relevant for proofs because of proof irrelevance.

Note: This linter can be disabled with `set_option linter.style.haveILetI false`
⚠ [5326/5456] Replayed UnitDistance.Upstream.Yamaguchi.ClassFieldTheory.LocalClassFieldTheory.Finite.LocalReciprocity.TopologicalReciprocity
warning: UnitDistance/Upstream/Yamaguchi/ClassFieldTheory/LocalClassFieldTheory/Finite/LocalReciprocity/TopologicalReciprocity.lean:79:2: Try this: 
  letI̵

The goal is a proposition, so `let` is preferred over `letI`.
The difference between `let` and `letI` is that `letI` inlines the value.
But this is not relevant for proofs because of proof irrelevance.

Note: This linter can be disabled with `set_option linter.style.haveILetI false`
warning: UnitDistance/Upstream/Yamaguchi/ClassFieldTheory/LocalClassFieldTheory/Finite/LocalReciprocity/TopologicalReciprocity.lean:80:2: Try this: 
  letI̵

The goal is a proposition, so `let` is preferred over `letI`.
The difference between `let` and `letI` is that `letI` inlines the value.
But this is not relevant for proofs because of proof irrelevance.

Note: This linter can be disabled with `set_option linter.style.haveILetI false`
warning: UnitDistance/Upstream/Yamaguchi/ClassFieldTheory/LocalClassFieldTheory/Finite/LocalReciprocity/TopologicalReciprocity.lean:379:4: Private declaration `commutator_topologicalClosure_eq` accessed publicly; this is allowed only because the `backward.privateInPublic` option is enabled. 

Disable `backward.privateInPublic.warn` to silence this warning.
⚠ [5327/5456] Replayed UnitDistance.Upstream.Yamaguchi.ClassFieldTheory.AlgebraicNumberTheory.Idele.NormApproximation.FinitePlaces
warning: UnitDistance/Upstream/Yamaguchi/ClassFieldTheory/AlgebraicNumberTheory/Idele/NormApproximation/FinitePlaces.lean:105:44: `Isometry.extensionHom` has been deprecated: Use `UniformSpace.Completion.extensionHom` instead

Note: The updated constant has a different type:
  {α : Type u_1} →
    [inst : Ring α] →
      [inst_1 : UniformSpace α] →
        [inst_2 : IsTopologicalRing α] →
          [inst_3 : IsUniformAddGroup α] →
            {β : Type u} →
              [inst_4 : UniformSpace β] →
                [inst_5 : Ring β] →
                  [IsUniformAddGroup β] →
                    [IsTopologicalRing β] →
                      (f : α →+* β) → Continuous ⇑f → [CompleteSpace β] → [T0Space β] → UniformSpace.Completion α →+* β
instead of
  {α : Type u} →
    {β : Type v} →
      [inst : PseudoMetricSpace α] →
        [inst_1 : Ring α] →
          [inst_2 : IsTopologicalRing α] →
            [inst_3 : IsUniformAddGroup α] →
              [inst_4 : Ring β] →
                [inst_5 : PseudoMetricSpace β] →
                  [IsUniformAddGroup β] →
                    [IsTopologicalRing β] →
                      [CompleteSpace β] → [T0Space β] → {f : α →+* β} → Isometry ⇑f → UniformSpace.Completion α →+* β

Note: The updated constant is in a different namespace. Dot notation may need to be changed (e.g., from `x.extensionHom` to `UniformSpace.Completion.extensionHom x`).
warning: UnitDistance/Upstream/Yamaguchi/ClassFieldTheory/AlgebraicNumberTheory/Idele/NormApproximation/FinitePlaces.lean:116:44: `Isometry.extensionHom_coe` has been deprecated: Use `UniformSpace.Completion.extensionHom_coe` instead

Note: The updated constant has a different type:
  ∀ {α : Type u_1} [inst : Ring α] [inst_1 : UniformSpace α] [inst_2 : IsTopologicalRing α]
    [inst_3 : IsUniformAddGroup α] {β : Type u} [inst_4 : UniformSpace β] [inst_5 : Ring β]
    [inst_6 : IsUniformAddGroup β] [inst_7 : IsTopologicalRing β] (f : α →+* β) (hf : Continuous ⇑f)
    [inst_8 : CompleteSpace β] [inst_9 : T0Space β] (a : α), (UniformSpace.Completion.extensionHom f hf) ↑a = f a
instead of
  ∀ {α : Type u} {β : Type v} [inst : PseudoMetricSpace α] [inst_1 : Ring α] [inst_2 : IsTopologicalRing α]
    [inst_3 : IsUniformAddGroup α] [inst_4 : Ring β] [inst_5 : PseudoMetricSpace β] [inst_6 : IsUniformAddGroup β]
    [inst_7 : IsTopologicalRing β] [inst_8 : CompleteSpace β] [inst_9 : T0Space β] {f : α →+* β} (h : Isometry ⇑f)
    (x : α), h.extensionHom ↑x = f x

Note: The updated constant is in a different namespace. Dot notation may need to be changed (e.g., from `x.extensionHom_coe` to `UniformSpace.Completion.extensionHom_coe x`).
warning: UnitDistance/Upstream/Yamaguchi/ClassFieldTheory/AlgebraicNumberTheory/Idele/NormApproximation/FinitePlaces.lean:370:0: automatically included section variable(s) unused in theorem `chosenFinitePlaceNormQuotientEquiv_normClass`:
  [FiniteDimensional K L]
consider restructuring your `variable` declarations so that the variables are not in scope or explicitly omit them:
  omit [FiniteDimensional K L] in theorem ...

Note: This linter can be disabled with `set_option linter.unusedSectionVars false`
warning: UnitDistance/Upstream/Yamaguchi/ClassFieldTheory/AlgebraicNumberTheory/Idele/NormApproximation/FinitePlaces.lean:428:0: automatically included section variable(s) unused in theorem `principalLocalNormQuotientMap_apply`:
  [FiniteDimensional K L]
consider restructuring your `variable` declarations so that the variables are not in scope or explicitly omit them:
  omit [FiniteDimensional K L] in theorem ...

Note: This linter can be disabled with `set_option linter.unusedSectionVars false`
warning: UnitDistance/Upstream/Yamaguchi/ClassFieldTheory/AlgebraicNumberTheory/Idele/NormApproximation/FinitePlaces.lean:489:0: automatically included section variable(s) unused in theorem `mem_ker_principalLocalNormQuotientMap_iff`:
  [FiniteDimensional K L]
consider restructuring your `variable` declarations so that the variables are not in scope or explicitly omit them:
  omit [FiniteDimensional K L] in theorem ...

Note: This linter can be disabled with `set_option linter.unusedSectionVars false`
⚠ [5330/5456] Replayed UnitDistance.Upstream.Yamaguchi.ClassFieldTheory.AlgebraicNumberTheory.Adele.IntegralTensorSupport.Lattice
warning: UnitDistance/Upstream/Yamaguchi/ClassFieldTheory/AlgebraicNumberTheory/Adele/IntegralTensorSupport/Lattice.lean:46:0: automatically included section variable(s) unused in theorem `exists_integral_relativeBasis_scale`:
  [NumberField K]
consider restructuring your `variable` declarations so that the variables are not in scope or explicitly omit them:
  omit [NumberField K] in theorem ...

Note: This linter can be disabled with `set_option linter.unusedSectionVars false`
⚠ [5331/5456] Replayed UnitDistance.Upstream.Yamaguchi.ClassFieldTheory.AlgebraicNumberTheory.Adele.IntegralTensorSupport.FinitePlaceCompletion
warning: UnitDistance/Upstream/Yamaguchi/ClassFieldTheory/AlgebraicNumberTheory/Adele/IntegralTensorSupport/FinitePlaceCompletion.lean:87:52: `Isometry.extensionHom` has been deprecated: Use `UniformSpace.Completion.extensionHom` instead

Note: The updated constant has a different type:
  {α : Type u_1} →
    [inst : Ring α] →
      [inst_1 : UniformSpace α] →
        [inst_2 : IsTopologicalRing α] →
          [inst_3 : IsUniformAddGroup α] →
            {β : Type u} →
              [inst_4 : UniformSpace β] →
                [inst_5 : Ring β] →
                  [IsUniformAddGroup β] →
                    [IsTopologicalRing β] →
                      (f : α →+* β) → Continuous ⇑f → [CompleteSpace β] → [T0Space β] → UniformSpace.Completion α →+* β
instead of
  {α : Type u} →
    {β : Type v} →
      [inst : PseudoMetricSpace α] →
        [inst_1 : Ring α] →
          [inst_2 : IsTopologicalRing α] →
            [inst_3 : IsUniformAddGroup α] →
              [inst_4 : Ring β] →
                [inst_5 : PseudoMetricSpace β] →
                  [IsUniformAddGroup β] →
                    [IsTopologicalRing β] →
                      [CompleteSpace β] → [T0Space β] → {f : α →+* β} → Isometry ⇑f → UniformSpace.Completion α →+* β

Note: The updated constant is in a different namespace. Dot notation may need to be changed (e.g., from `x.extensionHom` to `UniformSpace.Completion.extensionHom x`).
warning: UnitDistance/Upstream/Yamaguchi/ClassFieldTheory/AlgebraicNumberTheory/Adele/IntegralTensorSupport/FinitePlaceCompletion.lean:100:52: `Isometry.extensionHom_coe` has been deprecated: Use `UniformSpace.Completion.extensionHom_coe` instead

Note: The updated constant has a different type:
  ∀ {α : Type u_1} [inst : Ring α] [inst_1 : UniformSpace α] [inst_2 : IsTopologicalRing α]
    [inst_3 : IsUniformAddGroup α] {β : Type u} [inst_4 : UniformSpace β] [inst_5 : Ring β]
    [inst_6 : IsUniformAddGroup β] [inst_7 : IsTopologicalRing β] (f : α →+* β) (hf : Continuous ⇑f)
    [inst_8 : CompleteSpace β] [inst_9 : T0Space β] (a : α), (UniformSpace.Completion.extensionHom f hf) ↑a = f a
instead of
  ∀ {α : Type u} {β : Type v} [inst : PseudoMetricSpace α] [inst_1 : Ring α] [inst_2 : IsTopologicalRing α]
    [inst_3 : IsUniformAddGroup α] [inst_4 : Ring β] [inst_5 : PseudoMetricSpace β] [inst_6 : IsUniformAddGroup β]
    [inst_7 : IsTopologicalRing β] [inst_8 : CompleteSpace β] [inst_9 : T0Space β] {f : α →+* β} (h : Isometry ⇑f)
    (x : α), h.extensionHom ↑x = f x

Note: The updated constant is in a different namespace. Dot notation may need to be changed (e.g., from `x.extensionHom_coe` to `UniformSpace.Completion.extensionHom_coe x`).
⚠ [5335/5456] Replayed UnitDistance.Upstream.Yamaguchi.ClassFieldTheory.AlgebraicNumberTheory.Adele.IntegralLocalFactor
warning: UnitDistance/Upstream/Yamaguchi/ClassFieldTheory/AlgebraicNumberTheory/Adele/IntegralLocalFactor.lean:208:12: `Isometry.mapRingHom` has been deprecated: Use `UniformSpace.Completion.mapRingHom` instead

Note: The updated constant has a different type:
  {α : Type u_1} →
    [inst : Ring α] →
      [inst_1 : UniformSpace α] →
        [inst_2 : IsTopologicalRing α] →
          [inst_3 : IsUniformAddGroup α] →
            {β : Type u} →
              [inst_4 : UniformSpace β] →
                [inst_5 : Ring β] →
                  [inst_6 : IsUniformAddGroup β] →
                    [inst_7 : IsTopologicalRing β] →
                      (f : α →+* β) → Continuous ⇑f → UniformSpace.Completion α →+* UniformSpace.Completion β
instead of
  {α : Type u} →
    {β : Type v} →
      [inst : PseudoMetricSpace α] →
        [inst_1 : Ring α] →
          [inst_2 : IsTopologicalRing α] →
            [inst_3 : IsUniformAddGroup α] →
              [inst_4 : Ring β] →
                [inst_5 : PseudoMetricSpace β] →
                  [inst_6 : IsUniformAddGroup β] →
                    [inst_7 : IsTopologicalRing β] →
                      {f : α →+* β} → Isometry ⇑f → UniformSpace.Completion α →+* UniformSpace.Completion β

Note: The updated constant is in a different namespace. Dot notation may need to be changed (e.g., from `x.mapRingHom` to `UniformSpace.Completion.mapRingHom x`).
warning: UnitDistance/Upstream/Yamaguchi/ClassFieldTheory/AlgebraicNumberTheory/Adele/IntegralLocalFactor.lean:209:10: `Isometry.isometry_mapRingHom` has been deprecated: Use `UniformSpace.Completion.isometry_mapRingHom` instead

Note: The updated constant has a different type:
  ∀ {α : Type u} {β : Type v} [inst : PseudoMetricSpace α] [inst_1 : Ring α] [inst_2 : IsTopologicalRing α]
    [inst_3 : IsUniformAddGroup α] [inst_4 : Ring β] [inst_5 : PseudoMetricSpace β] [inst_6 : IsUniformAddGroup β]
    [inst_7 : IsTopologicalRing β] {f : α →+* β} (h : Isometry ⇑f), Isometry ⇑(UniformSpace.Completion.mapRingHom f ⋯)
instead of
  ∀ {α : Type u} {β : Type v} [inst : PseudoMetricSpace α] [inst_1 : Ring α] [inst_2 : IsTopologicalRing α]
    [inst_3 : IsUniformAddGroup α] [inst_4 : Ring β] [inst_5 : PseudoMetricSpace β] [inst_6 : IsUniformAddGroup β]
    [inst_7 : IsTopologicalRing β] {f : α →+* β} (h : Isometry ⇑f), Isometry ⇑h.mapRingHom

Note: The updated constant is in a different namespace. Dot notation may need to be changed (e.g., from `x.isometry_mapRingHom` to `UniformSpace.Completion.isometry_mapRingHom x`).
warning: UnitDistance/Upstream/Yamaguchi/ClassFieldTheory/AlgebraicNumberTheory/Adele/IntegralLocalFactor.lean:210:16: `Isometry.mapRingHom` has been deprecated: Use `UniformSpace.Completion.mapRingHom` instead

Note: The updated constant has a different type:
  {α : Type u_1} →
    [inst : Ring α] →
      [inst_1 : UniformSpace α] →
        [inst_2 : IsTopologicalRing α] →
          [inst_3 : IsUniformAddGroup α] →
            {β : Type u} →
              [inst_4 : UniformSpace β] →
                [inst_5 : Ring β] →
                  [inst_6 : IsUniformAddGroup β] →
                    [inst_7 : IsTopologicalRing β] →
                      (f : α →+* β) → Continuous ⇑f → UniformSpace.Completion α →+* UniformSpace.Completion β
instead of
  {α : Type u} →
    {β : Type v} →
      [inst : PseudoMetricSpace α] →
        [inst_1 : Ring α] →
          [inst_2 : IsTopologicalRing α] →
            [inst_3 : IsUniformAddGroup α] →
              [inst_4 : Ring β] →
                [inst_5 : PseudoMetricSpace β] →
                  [inst_6 : IsUniformAddGroup β] →
                    [inst_7 : IsTopologicalRing β] →
                      {f : α →+* β} → Isometry ⇑f → UniformSpace.Completion α →+* UniformSpace.Completion β

Note: The updated constant is in a different namespace. Dot notation may need to be changed (e.g., from `x.mapRingHom` to `UniformSpace.Completion.mapRingHom x`).
warning: UnitDistance/Upstream/Yamaguchi/ClassFieldTheory/AlgebraicNumberTheory/Adele/IntegralLocalFactor.lean:269:20: `TensorProduct.induction_on` has been deprecated: Use `TensorProduction.inductionOn` instead
⚠ [5340/5456] Replayed UnitDistance.Upstream.Yamaguchi.SawinTotallyRealTowers.RamificationSupportCompositum
warning: UnitDistance/Upstream/Yamaguchi/SawinTotallyRealTowers/RamificationSupportCompositum.lean:83:25: `IntermediateField.restrict_algEquiv` has been deprecated: Use `IntermediateField.restrictAlgEquiv` instead

Hint: Replace the deprecated name:
  IntermediateField.restrict_̵a̵A̲lgEquiv
warning: UnitDistance/Upstream/Yamaguchi/SawinTotallyRealTowers/RamificationSupportCompositum.lean:85:25: `IntermediateField.restrict_algEquiv` has been deprecated: Use `IntermediateField.restrictAlgEquiv` instead

Hint: Replace the deprecated name:
  IntermediateField.restrict_̵a̵A̲lgEquiv
⚠ [5341/5456] Replayed UnitDistance.SigmaRamification
warning: UnitDistance/SigmaRamification.lean:31:2: Try this: 
  letI̵

The goal is a proposition, so `let` is preferred over `letI`.
The difference between `let` and `letI` is that `letI` inlines the value.
But this is not relevant for proofs because of proof irrelevance.

Note: This linter can be disabled with `set_option linter.style.haveILetI false`
⚠ [5350/5456] Replayed UnitDistance.Upstream.Yamaguchi.SawinTotallyRealTowers.QuadraticIntegralParity
warning: UnitDistance/Upstream/Yamaguchi/SawinTotallyRealTowers/QuadraticIntegralParity.lean:56:10: `Int.sq_mod_four_eq_one_of_odd` has been deprecated: Use `Int.sq_emod_four_eq_one_of_odd` instead

Hint: Replace the deprecated name:
  Int.sq_e̲mod_four_eq_one_of_odd
warning: UnitDistance/Upstream/Yamaguchi/SawinTotallyRealTowers/QuadraticIntegralParity.lean:61:10: `Int.sq_mod_four_eq_one_of_odd` has been deprecated: Use `Int.sq_emod_four_eq_one_of_odd` instead

Hint: Replace the deprecated name:
  Int.sq_e̲mod_four_eq_one_of_odd
warning: UnitDistance/Upstream/Yamaguchi/SawinTotallyRealTowers/QuadraticIntegralParity.lean:65:10: `Int.sq_mod_four_eq_one_of_odd` has been deprecated: Use `Int.sq_emod_four_eq_one_of_odd` instead

Hint: Replace the deprecated name:
  Int.sq_e̲mod_four_eq_one_of_odd
warning: UnitDistance/Upstream/Yamaguchi/SawinTotallyRealTowers/QuadraticIntegralParity.lean:66:10: `Int.sq_mod_four_eq_one_of_odd` has been deprecated: Use `Int.sq_emod_four_eq_one_of_odd` instead

Hint: Replace the deprecated name:
  Int.sq_e̲mod_four_eq_one_of_odd
warning: UnitDistance/Upstream/Yamaguchi/SawinTotallyRealTowers/QuadraticIntegralParity.lean:75:8: `Int.sq_mod_four_eq_one_of_odd` has been deprecated: Use `Int.sq_emod_four_eq_one_of_odd` instead

Hint: Replace the deprecated name:
  Int.sq_e̲mod_four_eq_one_of_odd
warning: UnitDistance/Upstream/Yamaguchi/SawinTotallyRealTowers/QuadraticIntegralParity.lean:76:8: `Int.sq_mod_four_eq_one_of_odd` has been deprecated: Use `Int.sq_emod_four_eq_one_of_odd` instead

Hint: Replace the deprecated name:
  Int.sq_e̲mod_four_eq_one_of_odd
⚠ [5352/5456] Replayed UnitDistance.Upstream.Yamaguchi.SawinTotallyRealTowers.QuadraticIntegerBasis
warning: UnitDistance/Upstream/Yamaguchi/SawinTotallyRealTowers/QuadraticIntegerBasis.lean:136:4: Private declaration `linearIndependent_one_integer_generator` accessed publicly; this is allowed only because the `backward.privateInPublic` option is enabled. 

Disable `backward.privateInPublic.warn` to silence this warning.
warning: UnitDistance/Upstream/Yamaguchi/SawinTotallyRealTowers/QuadraticIntegerBasis.lean:181:4: Private declaration `linearIndependent_one_integer_generator` accessed publicly; this is allowed only because the `backward.privateInPublic` option is enabled. 

Disable `backward.privateInPublic.warn` to silence this warning.
⚠ [5354/5456] Replayed UnitDistance.ArithmeticQuadraticClassification
warning: UnitDistance/ArithmeticQuadraticClassification.lean:56:2: Try this: 
  letI̵

The goal is a proposition, so `let` is preferred over `letI`.
The difference between `let` and `letI` is that `letI` inlines the value.
But this is not relevant for proofs because of proof irrelevance.

Note: This linter can be disabled with `set_option linter.style.haveILetI false`
warning: UnitDistance/ArithmeticQuadraticClassification.lean:58:2: Try this: 
  letI̵

The goal is a proposition, so `let` is preferred over `letI`.
The difference between `let` and `letI` is that `letI` inlines the value.
But this is not relevant for proofs because of proof irrelevance.

Note: This linter can be disabled with `set_option linter.style.haveILetI false`
⚠ [5356/5456] Replayed UnitDistance.Upstream.Yamaguchi.ProCGroups.Topologies.TopologicallyCharacteristicSubgroups
warning: UnitDistance/Upstream/Yamaguchi/ProCGroups/Topologies/TopologicallyCharacteristicSubgroups.lean:62:64: `MonoidHom.coe_coe` has been deprecated: Use `MonoidHom.coe_ofClass` instead

Hint: Replace the deprecated name:
  M̵o̵n̵o̵i̵d̵H̵o̵m̵.̵c̵o̵e̵_̵c̵o̵e̵M̲o̲n̲o̲i̲d̲H̲o̲m̲.̲c̲o̲e̲_̲o̲f̲C̲l̲a̲s̲s̲
⚠ [5363/5456] Replayed UnitDistance.Upstream.Yamaguchi.ProCGroups.Categorical.AlgebraicPullbacks
warning: UnitDistance/Upstream/Yamaguchi/ProCGroups/Categorical/AlgebraicPullbacks.lean:44:28: `Set.mem_setOf_eq` has been deprecated: Use `Set.mem_ofPred_eq` instead

Hint: Replace the deprecated name:
  S̵e̵t̵.̵m̵e̵m̵_̵s̵e̵t̵O̵f̵_̵e̵q̵S̲e̲t̲.̲m̲e̲m̲_̲o̲f̲P̲r̲e̲d̲_̲e̲q̲
⚠ [5371/5456] Replayed UnitDistance.Upstream.Yamaguchi.ProCGroups.InverseSystems.ProfiniteSpace
warning: UnitDistance/Upstream/Yamaguchi/ProCGroups/InverseSystems/ProfiniteSpace.lean:82:7: Private declaration `compatibleMaps_discreteQuotientProj` accessed publicly; this is allowed only because the `backward.privateInPublic` option is enabled. 

Disable `backward.privateInPublic.warn` to silence this warning.
warning: UnitDistance/Upstream/Yamaguchi/ProCGroups/InverseSystems/ProfiniteSpace.lean:86:59: Private declaration `compatibleMaps_discreteQuotientProj` accessed publicly; this is allowed only because the `backward.privateInPublic` option is enabled. 

Disable `backward.privateInPublic.warn` to silence this warning.
⚠ [5372/5456] Replayed UnitDistance.Upstream.Yamaguchi.ProCGroups.InverseSystems.FiniteStageFactorization
warning: UnitDistance/Upstream/Yamaguchi/ProCGroups/InverseSystems/FiniteStageFactorization.lean:298:8: `Pi.topologicalGroup` has been deprecated: Use `Pi.isTopologicalGroup` instead

Hint: Replace the deprecated name:
  P̵i̵.̵t̵o̵p̵o̵l̵o̵g̵i̵c̵a̵l̵G̵r̵o̵u̵p̵P̲i̲.̲i̲s̲T̲o̲p̲o̲l̲o̲g̲i̲c̲a̲l̲G̲r̲o̲u̲p̲
⚠ [5373/5456] Replayed UnitDistance.Upstream.Yamaguchi.ProCGroups.ProC.OpenNormalSubgroups.FilteredFamilies
warning: UnitDistance/Upstream/Yamaguchi/ProCGroups/ProC/OpenNormalSubgroups/FilteredFamilies.lean:206:34: `Set.mem_setOf_eq` has been deprecated: Use `Set.mem_ofPred_eq` instead

Hint: Replace the deprecated name:
  S̵e̵t̵.̵m̵e̵m̵_̵s̵e̵t̵O̵f̵_̵e̵q̵m̲e̲m̲_̲o̲f̲P̲r̲e̲d̲_̲e̲q̲
warning: UnitDistance/Upstream/Yamaguchi/ProCGroups/ProC/OpenNormalSubgroups/FilteredFamilies.lean:212:37: `Set.mem_setOf_eq` has been deprecated: Use `Set.mem_ofPred_eq` instead

Hint: Replace the deprecated name:
  S̵e̵t̵.̵m̵e̵m̵_̵s̵e̵t̵O̵f̵_̵e̵q̵m̲e̲m̲_̲o̲f̲P̲r̲e̲d̲_̲e̲q̲
warning: UnitDistance/Upstream/Yamaguchi/ProCGroups/ProC/OpenNormalSubgroups/FilteredFamilies.lean:215:36: `Set.mem_setOf_eq` has been deprecated: Use `Set.mem_ofPred_eq` instead

Hint: Replace the deprecated name:
  S̵e̵t̵.̵m̵e̵m̵_̵s̵e̵t̵O̵f̵_̵e̵q̵m̲e̲m̲_̲o̲f̲P̲r̲e̲d̲_̲e̲q̲
⚠ [5374/5456] Replayed UnitDistance.Upstream.Yamaguchi.ProCGroups.ProC.InverseLimits.Limits
warning: UnitDistance/Upstream/Yamaguchi/ProCGroups/ProC/InverseLimits/Limits.lean:282:36: `Set.mem_setOf_eq` has been deprecated: Use `Set.mem_ofPred_eq` instead

Hint: Replace the deprecated name:
  S̵e̵t̵.̵m̵e̵m̵_̵s̵e̵t̵O̵f̵_̵e̵q̵m̲e̲m̲_̲o̲f̲P̲r̲e̲d̲_̲e̲q̲
⚠ [5381/5456] Replayed UnitDistance.Upstream.Yamaguchi.ProCGroups.ProC.Quotients.LeftQuotientProjectionSections
warning: UnitDistance/Upstream/Yamaguchi/ProCGroups/ProC/Quotients/LeftQuotientProjectionSections.lean:102:37: `Topology.IsInducing.topologicalGroup` has been deprecated: Use `Topology.IsInducing.isTopologicalGroup` instead
⚠ [5392/5456] Replayed UnitDistance.Upstream.Yamaguchi.ProCGroups.Generation.QuotientGeneratorConvergingPairs
warning: UnitDistance/Upstream/Yamaguchi/ProCGroups/Generation/QuotientGeneratorConvergingPairs.lean:152:29: `Set.setOf_mem_eq` has been deprecated: Use `Set.ofPred_mem_eq` instead

Hint: Replace the deprecated name:
  s̵e̵t̵O̵f̵_̵m̵e̵m̵_̵e̵q̵o̲f̲P̲r̲e̲d̲_̲m̲e̲m̲_̲e̲q̲
warning: UnitDistance/Upstream/Yamaguchi/ProCGroups/Generation/QuotientGeneratorConvergingPairs.lean:153:2: `Set.setOf_eq_eq_singleton` has been deprecated: Use `Set.ofPred_eq_eq_singleton` instead

Hint: Replace the deprecated name:
  s̵e̵t̵O̵f̵_̵e̵q̵_̵e̵q̵_̵s̵i̵n̵g̵l̵e̵t̵o̵n̵o̲f̲P̲r̲e̲d̲_̲e̲q̲_̲e̲q̲_̲s̲i̲n̲g̲l̲e̲t̲o̲n̲
warning: UnitDistance/Upstream/Yamaguchi/ProCGroups/Generation/QuotientGeneratorConvergingPairs.lean:501:10: `Set.mem_setOf_eq` has been deprecated: Use `Set.mem_ofPred_eq` instead

Hint: Replace the deprecated name:
  m̵e̵m̵_̵s̵e̵t̵O̵f̵_̵e̵q̵m̲e̲m̲_̲o̲f̲P̲r̲e̲d̲_̲e̲q̲
⚠ [5395/5456] Replayed UnitDistance.ClassTwoCollection
warning: UnitDistance/ClassTwoCollection.lean:112:10: This simp argument is unused:
  Pi.single_apply

Hint: Omit it from the simp argument list.
  [apply] simp [hji]

Note: This linter can be disabled with `set_option linter.unusedSimpArgs false`
warning: UnitDistance/ClassTwoCollection.lean:117:10: This simp argument is unused:
  Pi.single_apply

Hint: Omit it from the simp argument list.
  [apply] simp [hji]

Note: This linter can be disabled with `set_option linter.unusedSimpArgs false`
⚠ [5405/5456] Replayed UnitDistance.Upstream.Yamaguchi.ProCGroups.FiniteGeneration.CharacteristicChainsAndIndices
warning: UnitDistance/Upstream/Yamaguchi/ProCGroups/FiniteGeneration/CharacteristicChainsAndIndices.lean:122:30: `Set.mem_setOf_eq` has been deprecated: Use `Set.mem_ofPred_eq` instead

Hint: Replace the deprecated name:
  m̵e̵m̵_̵s̵e̵t̵O̵f̵_̵e̵q̵m̲e̲m̲_̲o̲f̲P̲r̲e̲d̲_̲e̲q̲
warning: UnitDistance/Upstream/Yamaguchi/ProCGroups/FiniteGeneration/CharacteristicChainsAndIndices.lean:524:71: `MonoidHom.coe_coe` has been deprecated: Use `MonoidHom.coe_ofClass` instead

Hint: Replace the deprecated name:
  M̵o̵n̵o̵i̵d̵H̵o̵m̵.̵c̵o̵e̵_̵c̵o̵e̵M̲o̲n̲o̲i̲d̲H̲o̲m̲.̲c̲o̲e̲_̲o̲f̲C̲l̲a̲s̲s̲
⚠ [5406/5456] Replayed UnitDistance.Upstream.Yamaguchi.ProCGroups.ProC.OpenNormalSubgroups.LimitPresentation
warning: UnitDistance/Upstream/Yamaguchi/ProCGroups/ProC/OpenNormalSubgroups/LimitPresentation.lean:246:44: `Set.mem_setOf_eq` has been deprecated: Use `Set.mem_ofPred_eq` instead

Hint: Replace the deprecated name:
  S̵e̵t̵.̵m̵e̵m̵_̵s̵e̵t̵O̵f̵_̵e̵q̵S̲e̲t̲.̲m̲e̲m̲_̲o̲f̲P̲r̲e̲d̲_̲e̲q̲
warning: UnitDistance/Upstream/Yamaguchi/ProCGroups/ProC/OpenNormalSubgroups/LimitPresentation.lean:247:44: `Set.mem_setOf_eq` has been deprecated: Use `Set.mem_ofPred_eq` instead

Hint: Replace the deprecated name:
  S̵e̵t̵.̵m̵e̵m̵_̵s̵e̵t̵O̵f̵_̵e̵q̵S̲e̲t̲.̲m̲e̲m̲_̲o̲f̲P̲r̲e̲d̲_̲e̲q̲
warning: UnitDistance/Upstream/Yamaguchi/ProCGroups/ProC/OpenNormalSubgroups/LimitPresentation.lean:281:40: `Set.mem_setOf_eq` has been deprecated: Use `Set.mem_ofPred_eq` instead

Hint: Replace the deprecated name:
  S̵e̵t̵.̵m̵e̵m̵_̵s̵e̵t̵O̵f̵_̵e̵q̵S̲e̲t̲.̲m̲e̲m̲_̲o̲f̲P̲r̲e̲d̲_̲e̲q̲
⚠ [5409/5456] Replayed UnitDistance.GeneratedQuadraticExponent
warning: UnitDistance/GeneratedQuadraticExponent.lean:20:0: automatically included section variable(s) unused in theorem `UnitDistance.Multiquadratic.GeneratedGaloisTower.aut_square_fixes_base`:
  [DecidableEq ι]
  [CharZero E]
consider restructuring your `variable` declarations so that the variables are not in scope or explicitly omit them:
  omit [DecidableEq ι] [CharZero E] in theorem ...

Note: This linter can be disabled with `set_option linter.unusedSectionVars false`
⚠ [5413/5456] Replayed UnitDistance.ArithmeticRetainedCharacters
warning: UnitDistance/ArithmeticRetainedCharacters.lean:51:30: This simp argument is unused:
  he

Hint: Omit it from the simp argument list.
  [apply] simp [relativeCharacter, binarySign, binarySignInteger, h]

Note: This linter can be disabled with `set_option linter.unusedSimpArgs false`
warning: UnitDistance/ArithmeticRetainedCharacters.lean:94:2: Try this: 
  letI̵

The goal is a proposition, so `let` is preferred over `letI`.
The difference between `let` and `letI` is that `letI` inlines the value.
But this is not relevant for proofs because of proof irrelevance.

Note: This linter can be disabled with `set_option linter.style.haveILetI false`
warning: UnitDistance/ArithmeticRetainedCharacters.lean:98:61: This simp argument is unused:
  Fintype.card_fun

Hint: Omit it from the simp argument list.
  [apply] simp [Nat.card_eq_fintype_card, Fintype.card_multiplicative, ZMod.card]

Note: This linter can be disabled with `set_option linter.unusedSimpArgs false`
⚠ [5416/5456] Replayed UnitDistance.GroupAugmentationClassTwo
warning: UnitDistance/GroupAugmentationClassTwo.lean:145:38: This simp argument is unused:
  map_smul

Hint: Omit it from the simp argument list.
  [apply] simp [rhoLinear, map_add, smul_add, add_smul]

Note: This linter can be disabled with `set_option linter.unusedSimpArgs false`
warning: UnitDistance/GroupAugmentationClassTwo.lean:145:56: This simp argument is unused:
  add_smul

Hint: Omit it from the simp argument list.
  [apply] simp [rhoLinear, map_add, map_smul, smul_add]

Note: This linter can be disabled with `set_option linter.unusedSimpArgs false`
⚠ [5418/5456] Replayed UnitDistance.GroupAugmentationGenerators
warning: UnitDistance/GroupAugmentationGenerators.lean:150:19: `if_neg` has been deprecated: Use `ite_eq_right` instead

Hint: Replace the deprecated name:
  i̵f̵_̵n̵e̵g̵i̲t̲e̲_̲e̲q̲_̲r̲i̲g̲h̲t̲
⚠ [5425/5550] Replayed UnitDistance.MaximalProTwoSigma
warning: UnitDistance/MaximalProTwoSigma.lean:28:2: Try this: 
  letI̵

The goal is a proposition, so `let` is preferred over `letI`.
The difference between `let` and `letI` is that `letI` inlines the value.
But this is not relevant for proofs because of proof irrelevance.

Note: This linter can be disabled with `set_option linter.style.haveILetI false`
⚠ [5428/5550] Replayed UnitDistance.SigmaQuadraticClassification
warning: UnitDistance/SigmaQuadraticClassification.lean:54:3: `IntermediateField.restrict_algEquiv` has been deprecated: Use `IntermediateField.restrictAlgEquiv` instead

Hint: Replace the deprecated name:
  IntermediateField.restrict_̵a̵A̲lgEquiv
warning: UnitDistance/SigmaQuadraticClassification.lean:71:4: Try this: 
  letI̵

The goal is a proposition, so `let` is preferred over `letI`.
The difference between `let` and `letI` is that `letI` inlines the value.
But this is not relevant for proofs because of proof irrelevance.

Note: This linter can be disabled with `set_option linter.style.haveILetI false`
⚠ [5430/5550] Replayed UnitDistance.ProTwoElementaryQuotient
warning: UnitDistance/ProTwoElementaryQuotient.lean:32:0: automatically included section variable(s) unused in theorem `UnitDistance.ProTwoElementaryQuotient.closedPowerCommutator_le_ker`:
  [IsTopologicalGroup Q]
consider restructuring your `variable` declarations so that the variables are not in scope or explicitly omit them:
  omit [IsTopologicalGroup Q] in theorem ...

Note: This linter can be disabled with `set_option linter.unusedSectionVars false`
warning: UnitDistance/ProTwoElementaryQuotient.lean:52:2: Try this: 
  letI̵

The goal is a proposition, so `let` is preferred over `letI`.
The difference between `let` and `letI` is that `letI` inlines the value.
But this is not relevant for proofs because of proof irrelevance.

Note: This linter can be disabled with `set_option linter.style.haveILetI false`
warning: UnitDistance/ProTwoElementaryQuotient.lean:68:2: Try this: 
  letI̵

The goal is a proposition, so `let` is preferred over `letI`.
The difference between `let` and `letI` is that `letI` inlines the value.
But this is not relevant for proofs because of proof irrelevance.

Note: This linter can be disabled with `set_option linter.style.haveILetI false`
warning: UnitDistance/ProTwoElementaryQuotient.lean:69:2: Try this: 
  letI̵

The goal is a proposition, so `let` is preferred over `letI`.
The difference between `let` and `letI` is that `letI` inlines the value.
But this is not relevant for proofs because of proof irrelevance.

Note: This linter can be disabled with `set_option linter.style.haveILetI false`
warning: UnitDistance/ProTwoElementaryQuotient.lean:70:2: Try this: 
  letI̵

The goal is a proposition, so `let` is preferred over `letI`.
The difference between `let` and `letI` is that `letI` inlines the value.
But this is not relevant for proofs because of proof irrelevance.

Note: This linter can be disabled with `set_option linter.style.haveILetI false`
warning: UnitDistance/ProTwoElementaryQuotient.lean:73:2: Try this: 
  letI̵

The goal is a proposition, so `let` is preferred over `letI`.
The difference between `let` and `letI` is that `letI` inlines the value.
But this is not relevant for proofs because of proof irrelevance.

Note: This linter can be disabled with `set_option linter.style.haveILetI false`
warning: UnitDistance/ProTwoElementaryQuotient.lean:74:2: Try this: 
  letI̵

The goal is a proposition, so `let` is preferred over `letI`.
The difference between `let` and `letI` is that `letI` inlines the value.
But this is not relevant for proofs because of proof irrelevance.

Note: This linter can be disabled with `set_option linter.style.haveILetI false`
warning: UnitDistance/ProTwoElementaryQuotient.lean:77:2: Try this: 
  letI̵

The goal is a proposition, so `let` is preferred over `letI`.
The difference between `let` and `letI` is that `letI` inlines the value.
But this is not relevant for proofs because of proof irrelevance.

Note: This linter can be disabled with `set_option linter.style.haveILetI false`
warning: UnitDistance/ProTwoElementaryQuotient.lean:78:2: Try this: 
  letI̵

The goal is a proposition, so `let` is preferred over `letI`.
The difference between `let` and `letI` is that `letI` inlines the value.
But this is not relevant for proofs because of proof irrelevance.

Note: This linter can be disabled with `set_option linter.style.haveILetI false`
warning: UnitDistance/ProTwoElementaryQuotient.lean:79:2: Try this: 
  letI̵

The goal is a proposition, so `let` is preferred over `letI`.
The difference between `let` and `letI` is that `letI` inlines the value.
But this is not relevant for proofs because of proof irrelevance.

Note: This linter can be disabled with `set_option linter.style.haveILetI false`
warning: UnitDistance/ProTwoElementaryQuotient.lean:117:2: Try this: 
  letI̵

The goal is a proposition, so `let` is preferred over `letI`.
The difference between `let` and `letI` is that `letI` inlines the value.
But this is not relevant for proofs because of proof irrelevance.

Note: This linter can be disabled with `set_option linter.style.haveILetI false`
⚠ [5431/5550] Replayed UnitDistance.ArithmeticGenusFrattini
warning: UnitDistance/ArithmeticGenusFrattini.lean:49:0: automatically included section variable(s) unused in theorem `UnitDistance.ArithmeticGenusFrattini.genusRestriction_ker`:
  [IsGalois ℚ Ω]
consider restructuring your `variable` declarations so that the variables are not in scope or explicitly omit them:
  omit [IsGalois ℚ Ω] in theorem ...

Note: This linter can be disabled with `set_option linter.unusedSectionVars false`
warning: UnitDistance/ArithmeticGenusFrattini.lean:63:8: This simp argument is unused:
  two_nsmul

Hint: Omit it from the simp argument list.
  [apply] simp [← two_mul, show (2 : ZMod 2) = 0 by decide]

Note: This linter can be disabled with `set_option linter.unusedSimpArgs false`
warning: UnitDistance/ArithmeticGenusFrattini.lean:63:19: This simp argument is unused:
  ← two_mul

Hint: Omit it from the simp argument list.
  [apply] simp [two_nsmul, show (2 : ZMod 2) = 0 by decide]

Note: Simp arguments with `←` have the additional effect of removing the other direction from the simp set, even if the simp argument itself is unused. If the hint above does not work, try replacing `←` with `-` to only get that effect and silence this warning.

Note: This linter can be disabled with `set_option linter.unusedSimpArgs false`
warning: UnitDistance/ArithmeticGenusFrattini.lean:97:2: Try this: 
  letI̵

The goal is a proposition, so `let` is preferred over `letI`.
The difference between `let` and `letI` is that `letI` inlines the value.
But this is not relevant for proofs because of proof irrelevance.

Note: This linter can be disabled with `set_option linter.style.haveILetI false`
⚠ [5433/5550] Replayed UnitDistance.SigmaGenusGenerators
warning: UnitDistance/SigmaGenusGenerators.lean:54:2: Try this: 
  letI̵

The goal is a proposition, so `let` is preferred over `letI`.
The difference between `let` and `letI` is that `letI` inlines the value.
But this is not relevant for proofs because of proof irrelevance.

Note: This linter can be disabled with `set_option linter.style.haveILetI false`
warning: UnitDistance/SigmaGenusGenerators.lean:55:2: Try this: 
  letI̵

The goal is a proposition, so `let` is preferred over `letI`.
The difference between `let` and `letI` is that `letI` inlines the value.
But this is not relevant for proofs because of proof irrelevance.

Note: This linter can be disabled with `set_option linter.style.haveILetI false`
⚠ [5435/5550] Replayed UnitDistance.FiniteFreeProTwo
warning: UnitDistance/FiniteFreeProTwo.lean:79:2: Try this: 
  letI̵

The goal is a proposition, so `let` is preferred over `letI`.
The difference between `let` and `letI` is that `letI` inlines the value.
But this is not relevant for proofs because of proof irrelevance.

Note: This linter can be disabled with `set_option linter.style.haveILetI false`
⚠ [5448/5550] Replayed UnitDistance.GroupAugmentationDyadic
warning: UnitDistance/GroupAugmentationDyadic.lean:22:5: Ambiguous namespace `Dyadic`: it is interpreted as `_root_.UnitDistance.Dyadic` because this `open` occurs inside `namespace UnitDistance.GroupAugmentation`, while `_root_.Dyadic` is silently not opened. Specify the namespace unambiguously, e.g. `_root_.UnitDistance.Dyadic`. The warning can sometimes also be addressed by moving the `open` outside of the surrounding `namespace`.

Note: This linter can be disabled with `set_option linter.ambiguousOpen false`
⚠ [5451/5550] Replayed UnitDistance.CatalogRetainedCoordinates
warning: UnitDistance/CatalogRetainedCoordinates.lean:62:29: `LinearEquiv.ofLinear` has been deprecated: Use `LinearEquiv.ofLinearMap` instead

Hint: Replace the deprecated name:
  LinearEquiv.ofLinearM̲a̲p̲
⚠ [5453/5550] Replayed UnitDistance.RetainedQuadraticUniversal
warning: UnitDistance/RetainedQuadraticUniversal.lean:86:46: This simp argument is unused:
  LinearMap.add_apply

Hint: Omit it from the simp argument list.
  [apply] simp only [word, indices, List.map_cons, List.map_nil, List.prod_cons, List.prod_nil, bit_basis,
    GroupModel.mul_base, GroupModel.one_base, GroupModel.mul_central, GroupModel.one_central, map_add, map_smul,
    LinearMap.smul_apply, map_zero, zero_add, add_zero, smul_zero]

Note: This linter can be disabled with `set_option linter.unusedSimpArgs false`
warning: UnitDistance/RetainedQuadraticUniversal.lean:87:33: This simp argument is unused:
  smul_zero

Hint: Omit it from the simp argument list.
  [apply] simp only [word, indices, List.map_cons, List.map_nil, List.prod_cons, List.prod_nil, bit_basis,
    GroupModel.mul_base, GroupModel.one_base, GroupModel.mul_central, GroupModel.one_central, map_add, map_smul,
    LinearMap.add_apply, LinearMap.smul_apply, map_zero, zero_add, add_zero]

Note: This linter can be disabled with `set_option linter.unusedSimpArgs false`
warning: UnitDistance/RetainedQuadraticUniversal.lean:108:6: `simp` already closes the goal

Hint: Use `simp` instead of `simpa`:
  [apply] simp [bit, h]

Note: This linter can be disabled with `set_option linter.unnecessarySimpa false`
⚠ [5503/5550] Replayed UnitDistance.Upstream.Yamaguchi.ValuedFieldTheory.LocalField.Analytic.LogExpSeries.FormalProduct
warning: UnitDistance/Upstream/Yamaguchi/ValuedFieldTheory/LocalField/Analytic/LogExpSeries/FormalProduct.lean:182:8: `if_pos` has been deprecated: Use `ite_eq_left` instead

Hint: Replace the deprecated name:
  i̵f̵_̵p̵o̵s̵i̲t̲e̲_̲e̲q̲_̲l̲e̲f̲t̲
warning: UnitDistance/Upstream/Yamaguchi/ValuedFieldTheory/LocalField/Analytic/LogExpSeries/FormalProduct.lean:194:8: `if_neg` has been deprecated: Use `ite_eq_right` instead

Hint: Replace the deprecated name:
  i̵f̵_̵n̵e̵g̵i̲t̲e̲_̲e̲q̲_̲r̲i̲g̲h̲t̲
⚠ [5516/5550] Replayed UnitDistance.Upstream.Yamaguchi.ValuedFieldTheory.LocalField.DiscreteValuationField.ValuationSubringUnits.RangeRestrictedTopology
warning: UnitDistance/Upstream/Yamaguchi/ValuedFieldTheory/LocalField/DiscreteValuationField/ValuationSubringUnits/RangeRestrictedTopology.lean:76:11: Private declaration `mrangeRestrictValued_rankOne` accessed publicly; this is allowed only because the `backward.privateInPublic` option is enabled. 

Disable `backward.privateInPublic.warn` to silence this warning.
warning: UnitDistance/Upstream/Yamaguchi/ValuedFieldTheory/LocalField/DiscreteValuationField/ValuationSubringUnits/RangeRestrictedTopology.lean:137:2: Try this: 
  letI̵

The goal is a proposition, so `let` is preferred over `letI`.
The difference between `let` and `letI` is that `letI` inlines the value.
But this is not relevant for proofs because of proof irrelevance.

Note: This linter can be disabled with `set_option linter.style.haveILetI false`
⚠ [5520/5550] Replayed UnitDistance.Upstream.Yamaguchi.ValuedFieldTheory.LocalField.DiscreteValuationField.FieldUnitDecomposition
warning: UnitDistance/Upstream/Yamaguchi/ValuedFieldTheory/LocalField/DiscreteValuationField/FieldUnitDecomposition.lean:698:18: `Set.mem_setOf_eq` has been deprecated: Use `Set.mem_ofPred_eq` instead

Hint: Replace the deprecated name:
  S̵e̵t̵.̵m̵e̵m̵_̵s̵e̵t̵O̵f̵_̵e̵q̵S̲e̲t̲.̲m̲e̲m̲_̲o̲f̲P̲r̲e̲d̲_̲e̲q̲
warning: UnitDistance/Upstream/Yamaguchi/ValuedFieldTheory/LocalField/DiscreteValuationField/FieldUnitDecomposition.lean:704:16: `Set.mem_setOf_eq` has been deprecated: Use `Set.mem_ofPred_eq` instead

Hint: Replace the deprecated name:
  S̵e̵t̵.̵m̵e̵m̵_̵s̵e̵t̵O̵f̵_̵e̵q̵S̲e̲t̲.̲m̲e̲m̲_̲o̲f̲P̲r̲e̲d̲_̲e̲q̲
⚠ [5521/5550] Replayed UnitDistance.Upstream.Yamaguchi.ValuedFieldTheory.LocalField.Analytic.LogExpSeries.SeriesTerms
warning: UnitDistance/Upstream/Yamaguchi/ValuedFieldTheory/LocalField/Analytic/LogExpSeries/SeriesTerms.lean:137:29: `if_neg` has been deprecated: Use `ite_eq_right` instead

Hint: Replace the deprecated name:
  i̵f̵_̵n̵e̵g̵i̲t̲e̲_̲e̲q̲_̲r̲i̲g̲h̲t̲
⚠ [5526/5550] Replayed UnitDistance.Upstream.Yamaguchi.ValuedFieldTheory.Ramification.HilbertRamification.Monogeneity
warning: UnitDistance/Upstream/Yamaguchi/ValuedFieldTheory/Ramification/HilbertRamification/Monogeneity.lean:101:12: `Ideal.inertiaDeg'_pos` has been deprecated: Use `Ideal.inertiaDeg_pos` instead.
warning: UnitDistance/Upstream/Yamaguchi/ValuedFieldTheory/Ramification/HilbertRamification/Monogeneity.lean:102:6: `Ideal.inertiaDeg'_algebraMap` has been deprecated: Use `Ideal.inertiaDeg_eq_of_isMaximal` instead.
⚠ [5529/5550] Replayed UnitDistance.OddTameRamification
warning: UnitDistance/OddTameRamification.lean:69:2: Try this: 
  letI̵

The goal is a proposition, so `let` is preferred over `letI`.
The difference between `let` and `letI` is that `letI` inlines the value.
But this is not relevant for proofs because of proof irrelevance.

Note: This linter can be disabled with `set_option linter.style.haveILetI false`
warning: UnitDistance/OddTameRamification.lean:70:2: Try this: 
  letI̵

The goal is a proposition, so `let` is preferred over `letI`.
The difference between `let` and `letI` is that `letI` inlines the value.
But this is not relevant for proofs because of proof irrelevance.

Note: This linter can be disabled with `set_option linter.style.haveILetI false`
⚠ [5530/5550] Replayed UnitDistance.OddTameCharacter
warning: UnitDistance/OddTameCharacter.lean:27:0: automatically included section variable(s) unused in theorem `UnitDistance.OddTame.residueUnit_aut_of_inertia`:
  [FiniteDimensional K L]
  [IsGalois K L]
consider restructuring your `variable` declarations so that the variables are not in scope or explicitly omit them:
  omit [FiniteDimensional K L] [IsGalois K L] in theorem ...

Note: This linter can be disabled with `set_option linter.unusedSectionVars false`
warning: UnitDistance/OddTameCharacter.lean:38:0: automatically included section variable(s) unused in theorem `UnitDistance.OddTame.uniformizerQuotient_one`:
  [FiniteDimensional K L]
  [IsGalois K L]
consider restructuring your `variable` declarations so that the variables are not in scope or explicitly omit them:
  omit [FiniteDimensional K L] [IsGalois K L] in theorem ...

Note: This linter can be disabled with `set_option linter.unusedSectionVars false`
warning: UnitDistance/OddTameCharacter.lean:100:0: automatically included section variable(s) unused in theorem `UnitDistance.OddTame.valuationUnitAut_mul`:
  [FiniteDimensional K L]
  [IsGalois K L]
  [Algebra.IsSeparable base.residueField target.residueField]
consider restructuring your `variable` declarations so that the variables are not in scope or explicitly omit them:
  omit [FiniteDimensional K L] [IsGalois K L] [Algebra.IsSeparable base.residueField target.residueField] in theorem ...

Note: This linter can be disabled with `set_option linter.unusedSectionVars false`
⚠ [5532/5550] Replayed UnitDistance.GaloisCyclicResidueInertia
warning: UnitDistance/GaloisCyclicResidueInertia.lean:18:0: automatically included section variable(s) unused in theorem `UnitDistance.OddTame.fixed_of_kernel_and_cyclic_lift`:
  [FiniteDimensional K L]
  [IsGalois K L]
consider restructuring your `variable` declarations so that the variables are not in scope or explicitly omit them:
  omit [FiniteDimensional K L] [IsGalois K L] in theorem ...

Note: This linter can be disabled with `set_option linter.unusedSectionVars false`
⚠ [5533/5550] Replayed UnitDistance.GaloisBaseEquiv
warning: UnitDistance/GaloisBaseEquiv.lean:43:2: Try this: 
  letI̵

The goal is a proposition, so `let` is preferred over `letI`.
The difference between `let` and `letI` is that `letI` inlines the value.
But this is not relevant for proofs because of proof irrelevance.

Note: This linter can be disabled with `set_option linter.style.haveILetI false`
warning: UnitDistance/GaloisBaseEquiv.lean:59:2: Try this: 
  letI̵

The goal is a proposition, so `let` is preferred over `letI`.
The difference between `let` and `letI` is that `letI` inlines the value.
But this is not relevant for proofs because of proof irrelevance.

Note: This linter can be disabled with `set_option linter.style.haveILetI false`
⚠ [5534/5550] Replayed UnitDistance.Upstream.Yamaguchi.ValuedFieldTheory.Ramification.HilbertRamification.AlgebraicLocalizationTopology
warning: UnitDistance/Upstream/Yamaguchi/ValuedFieldTheory/Ramification/HilbertRamification/AlgebraicLocalizationTopology.lean:63:9: Private declaration `localization` accessed publicly; this is allowed only because the `backward.privateInPublic` option is enabled. 

Disable `backward.privateInPublic.warn` to silence this warning.
warning: UnitDistance/Upstream/Yamaguchi/ValuedFieldTheory/Ramification/HilbertRamification/AlgebraicLocalizationTopology.lean:113:7: Private declaration `localization` accessed publicly; this is allowed only because the `backward.privateInPublic` option is enabled. 

Disable `backward.privateInPublic.warn` to silence this warning.
warning: UnitDistance/Upstream/Yamaguchi/ValuedFieldTheory/Ramification/HilbertRamification/AlgebraicLocalizationTopology.lean:113:43: Private declaration `localization` accessed publicly; this is allowed only because the `backward.privateInPublic` option is enabled. 

Disable `backward.privateInPublic.warn` to silence this warning.
warning: UnitDistance/Upstream/Yamaguchi/ValuedFieldTheory/Ramification/HilbertRamification/AlgebraicLocalizationTopology.lean:147:9: Private declaration `localization` accessed publicly; this is allowed only because the `backward.privateInPublic` option is enabled. 

Disable `backward.privateInPublic.warn` to silence this warning.
warning: UnitDistance/Upstream/Yamaguchi/ValuedFieldTheory/Ramification/HilbertRamification/AlgebraicLocalizationTopology.lean:150:5: Private declaration `localization` accessed publicly; this is allowed only because the `backward.privateInPublic` option is enabled. 

Disable `backward.privateInPublic.warn` to silence this warning.
warning: UnitDistance/Upstream/Yamaguchi/ValuedFieldTheory/Ramification/HilbertRamification/AlgebraicLocalizationTopology.lean:150:41: Private declaration `localization` accessed publicly; this is allowed only because the `backward.privateInPublic` option is enabled. 

Disable `backward.privateInPublic.warn` to silence this warning.
warning: UnitDistance/Upstream/Yamaguchi/ValuedFieldTheory/Ramification/HilbertRamification/AlgebraicLocalizationTopology.lean:154:9: Private declaration `localization` accessed publicly; this is allowed only because the `backward.privateInPublic` option is enabled. 

Disable `backward.privateInPublic.warn` to silence this warning.
warning: UnitDistance/Upstream/Yamaguchi/ValuedFieldTheory/Ramification/HilbertRamification/AlgebraicLocalizationTopology.lean:162:9: Private declaration `localization` accessed publicly; this is allowed only because the `backward.privateInPublic` option is enabled. 

Disable `backward.privateInPublic.warn` to silence this warning.
warning: UnitDistance/Upstream/Yamaguchi/ValuedFieldTheory/Ramification/HilbertRamification/AlgebraicLocalizationTopology.lean:175:42: Private declaration `localization` accessed publicly; this is allowed only because the `backward.privateInPublic` option is enabled. 

Disable `backward.privateInPublic.warn` to silence this warning.
warning: UnitDistance/Upstream/Yamaguchi/ValuedFieldTheory/Ramification/HilbertRamification/AlgebraicLocalizationTopology.lean:224:7: Private declaration `localization` accessed publicly; this is allowed only because the `backward.privateInPublic` option is enabled. 

Disable `backward.privateInPublic.warn` to silence this warning.
warning: UnitDistance/Upstream/Yamaguchi/ValuedFieldTheory/Ramification/HilbertRamification/AlgebraicLocalizationTopology.lean:224:43: Private declaration `localization` accessed publicly; this is allowed only because the `backward.privateInPublic` option is enabled. 

Disable `backward.privateInPublic.warn` to silence this warning.
warning: UnitDistance/Upstream/Yamaguchi/ValuedFieldTheory/Ramification/HilbertRamification/AlgebraicLocalizationTopology.lean:225:44: Private declaration `localization` accessed publicly; this is allowed only because the `backward.privateInPublic` option is enabled. 

Disable `backward.privateInPublic.warn` to silence this warning.
warning: UnitDistance/Upstream/Yamaguchi/ValuedFieldTheory/Ramification/HilbertRamification/AlgebraicLocalizationTopology.lean:227:18: Private declaration `localization` accessed publicly; this is allowed only because the `backward.privateInPublic` option is enabled. 

Disable `backward.privateInPublic.warn` to silence this warning.
warning: UnitDistance/Upstream/Yamaguchi/ValuedFieldTheory/Ramification/HilbertRamification/AlgebraicLocalizationTopology.lean:227:54: Private declaration `localization` accessed publicly; this is allowed only because the `backward.privateInPublic` option is enabled. 

Disable `backward.privateInPublic.warn` to silence this warning.
⚠ [5543/5645] Replayed UnitDistance.OddTameFrobenius
warning: UnitDistance/OddTameFrobenius.lean:40:2: Try this: 
  letI̵

The goal is a proposition, so `let` is preferred over `letI`.
The difference between `let` and `letI` is that `letI` inlines the value.
But this is not relevant for proofs because of proof irrelevance.

Note: This linter can be disabled with `set_option linter.style.haveILetI false`
warning: UnitDistance/OddTameFrobenius.lean:65:2: Try this: 
  letI̵

The goal is a proposition, so `let` is preferred over `letI`.
The difference between `let` and `letI` is that `letI` inlines the value.
But this is not relevant for proofs because of proof irrelevance.

Note: This linter can be disabled with `set_option linter.style.haveILetI false`
warning: UnitDistance/OddTameFrobenius.lean:66:2: Try this: 
  letI̵

The goal is a proposition, so `let` is preferred over `letI`.
The difference between `let` and `letI` is that `letI` inlines the value.
But this is not relevant for proofs because of proof irrelevance.

Note: This linter can be disabled with `set_option linter.style.haveILetI false`
⚠ [5544/5645] Replayed UnitDistance.OddTameRadicalAction
warning: UnitDistance/OddTameRadicalAction.lean:47:0: automatically included section variable(s) unused in theorem `UnitDistance.OddTame.frobenius_unit_radical`:
  [FiniteDimensional K L]
  [IsGalois K L]
consider restructuring your `variable` declarations so that the variables are not in scope or explicitly omit them:
  omit [FiniteDimensional K L] [IsGalois K L] in theorem ...

Note: This linter can be disabled with `set_option linter.unusedSectionVars false`
⚠ [5545/5645] Replayed UnitDistance.OddTameResidueGeneration
warning: UnitDistance/OddTameResidueGeneration.lean:58:2: Try this: 
  letI̵

The goal is a proposition, so `let` is preferred over `letI`.
The difference between `let` and `letI` is that `letI` inlines the value.
But this is not relevant for proofs because of proof irrelevance.

Note: This linter can be disabled with `set_option linter.style.haveILetI false`
⚠ [5546/5645] Replayed UnitDistance.PadicFiniteGaloisValuation
warning: UnitDistance/PadicFiniteGaloisValuation.lean:33:37: Private declaration `exists_target` accessed publicly; this is allowed only because the `backward.privateInPublic` option is enabled. 

Disable `backward.privateInPublic.warn` to silence this warning.
warning: UnitDistance/PadicFiniteGaloisValuation.lean:46:2: Try this: 
  letI̵

The goal is a proposition, so `let` is preferred over `letI`.
The difference between `let` and `letI` is that `letI` inlines the value.
But this is not relevant for proofs because of proof irrelevance.

Note: This linter can be disabled with `set_option linter.style.haveILetI false`
warning: UnitDistance/PadicFiniteGaloisValuation.lean:48:2: Try this: 
  letI̵

The goal is a proposition, so `let` is preferred over `letI`.
The difference between `let` and `letI` is that `letI` inlines the value.
But this is not relevant for proofs because of proof irrelevance.

Note: This linter can be disabled with `set_option linter.style.haveILetI false`
⚠ [5563/5645] Replayed UnitDistance.Upstream.Yamaguchi.SawinTotallyRealTowers.UnramifiedProPRelationRank.Local.FinitePlaceAlgebraicLocalizationAlgClosure
warning: UnitDistance/Upstream/Yamaguchi/SawinTotallyRealTowers/UnramifiedProPRelationRank/Local/FinitePlaceAlgebraicLocalizationAlgClosure.lean:230:6: Private declaration `fieldAlgebra_isTorsionFree` accessed publicly; this is allowed only because the `backward.privateInPublic` option is enabled. 

Disable `backward.privateInPublic.warn` to silence this warning.
warning: UnitDistance/Upstream/Yamaguchi/SawinTotallyRealTowers/UnramifiedProPRelationRank/Local/FinitePlaceAlgebraicLocalizationAlgClosure.lean:261:6: Private declaration `fieldAlgebra_isTorsionFree` accessed publicly; this is allowed only because the `backward.privateInPublic` option is enabled. 

Disable `backward.privateInPublic.warn` to silence this warning.
warning: UnitDistance/Upstream/Yamaguchi/SawinTotallyRealTowers/UnramifiedProPRelationRank/Local/FinitePlaceAlgebraicLocalizationAlgClosure.lean:286:4: Private declaration `fieldAlgebra_isTorsionFree` accessed publicly; this is allowed only because the `backward.privateInPublic` option is enabled. 

Disable `backward.privateInPublic.warn` to silence this warning.
warning: UnitDistance/Upstream/Yamaguchi/SawinTotallyRealTowers/UnramifiedProPRelationRank/Local/FinitePlaceAlgebraicLocalizationAlgClosure.lean:308:4: Private declaration `fieldAlgebra_isTorsionFree` accessed publicly; this is allowed only because the `backward.privateInPublic` option is enabled. 

Disable `backward.privateInPublic.warn` to silence this warning.
⚠ [5565/5645] Replayed UnitDistance.Upstream.Yamaguchi.ValuedFieldTheory.Ramification.HilbertRamification.LocalizationRamificationGroups
warning: UnitDistance/Upstream/Yamaguchi/ValuedFieldTheory/Ramification/HilbertRamification/LocalizationRamificationGroups.lean:104:6: Private declaration `mem_extensionValuationSubring_smul` accessed publicly; this is allowed only because the `backward.privateInPublic` option is enabled. 

Disable `backward.privateInPublic.warn` to silence this warning.
warning: UnitDistance/Upstream/Yamaguchi/ValuedFieldTheory/Ramification/HilbertRamification/LocalizationRamificationGroups.lean:173:10: Private declaration `local_mem_localizationValuationSubring_smul` accessed publicly; this is allowed only because the `backward.privateInPublic` option is enabled. 

Disable `backward.privateInPublic.warn` to silence this warning.
⚠ [5570/5645] Replayed UnitDistance.Upstream.Yamaguchi.GaloisCohomology.ProP.PresentationQuotientEquiv
warning: UnitDistance/Upstream/Yamaguchi/GaloisCohomology/ProP/PresentationQuotientEquiv.lean:56:9: `LinearEquiv.ofLinear` has been deprecated: Use `LinearEquiv.ofLinearMap` instead

Hint: Replace the deprecated name:
  LinearEquiv.ofLinearM̲a̲p̲
⚠ [5572/5645] Replayed UnitDistance.Upstream.Yamaguchi.GaloisCohomology.ProP.FreeProPH2Cocycle
warning: UnitDistance/Upstream/Yamaguchi/GaloisCohomology/ProP/FreeProPH2Cocycle.lean:53:2: Private declaration `cocycleValue` accessed publicly; this is allowed only because the `backward.privateInPublic` option is enabled. 

Disable `backward.privateInPublic.warn` to silence this warning.
warning: UnitDistance/Upstream/Yamaguchi/GaloisCohomology/ProP/FreeProPH2Cocycle.lean:53:31: Private declaration `cocycleValue` accessed publicly; this is allowed only because the `backward.privateInPublic` option is enabled. 

Disable `backward.privateInPublic.warn` to silence this warning.
warning: UnitDistance/Upstream/Yamaguchi/GaloisCohomology/ProP/FreeProPH2Cocycle.lean:183:4: Private declaration `cocycleValue` accessed publicly; this is allowed only because the `backward.privateInPublic` option is enabled. 

Disable `backward.privateInPublic.warn` to silence this warning.
⚠ [5582/5645] Replayed UnitDistance.RationalPrimeCompletionValuation
warning: UnitDistance/RationalPrimeCompletionValuation.lean:52:2: Try this: 
  letI̵

The goal is a proposition, so `let` is preferred over `letI`.
The difference between `let` and `letI` is that `letI` inlines the value.
But this is not relevant for proofs because of proof irrelevance.

Note: This linter can be disabled with `set_option linter.style.haveILetI false`
⚠ [5583/5645] Replayed UnitDistance.RationalLocalAbsoluteEmbedding
warning: UnitDistance/RationalLocalAbsoluteEmbedding.lean:48:2: Try this: 
  letI̵

The goal is a proposition, so `let` is preferred over `letI`.
The difference between `let` and `letI` is that `letI` inlines the value.
But this is not relevant for proofs because of proof irrelevance.

Note: This linter can be disabled with `set_option linter.style.haveILetI false`
warning: UnitDistance/RationalLocalAbsoluteEmbedding.lean:49:2: Try this: 
  letI̵

The goal is a proposition, so `let` is preferred over `letI`.
The difference between `let` and `letI` is that `letI` inlines the value.
But this is not relevant for proofs because of proof irrelevance.

Note: This linter can be disabled with `set_option linter.style.haveILetI false`
warning: UnitDistance/RationalLocalAbsoluteEmbedding.lean:50:2: Try this: 
  letI̵

The goal is a proposition, so `let` is preferred over `letI`.
The difference between `let` and `letI` is that `letI` inlines the value.
But this is not relevant for proofs because of proof irrelevance.

Note: This linter can be disabled with `set_option linter.style.haveILetI false`
⚠ [5584/5645] Replayed UnitDistance.Upstream.Yamaguchi.ValuedFieldTheory.LocalField.NonarchimedeanLocalField.UnramifiedFrobenius
warning: UnitDistance/Upstream/Yamaguchi/ValuedFieldTheory/LocalField/NonarchimedeanLocalField/UnramifiedFrobenius.lean:542:3: Private declaration `zmodCyclicMulEquivOfGenerator` accessed publicly; this is allowed only because the `backward.privateInPublic` option is enabled. 

Disable `backward.privateInPublic.warn` to silence this warning.
⚠ [5585/5645] Replayed UnitDistance.Upstream.Yamaguchi.ClassFieldTheory.LocalClassFieldTheory.Finite.LocalReciprocity.UnramifiedComparison
warning: UnitDistance/Upstream/Yamaguchi/ClassFieldTheory/LocalClassFieldTheory/Finite/LocalReciprocity/UnramifiedComparison.lean:248:10: Private declaration `abstractBase` accessed publicly; this is allowed only because the `backward.privateInPublic` option is enabled. 

Disable `backward.privateInPublic.warn` to silence this warning.
warning: UnitDistance/Upstream/Yamaguchi/ClassFieldTheory/LocalClassFieldTheory/Finite/LocalReciprocity/UnramifiedComparison.lean:383:11: Private declaration `finiteResidueAbstractBase` accessed publicly; this is allowed only because the `backward.privateInPublic` option is enabled. 

Disable `backward.privateInPublic.warn` to silence this warning.
⚠ [5587/5645] Replayed UnitDistance.FiniteAbsoluteInertiaImage
warning: UnitDistance/FiniteAbsoluteInertiaImage.lean:30:2: Try this: 
  letI̵

The goal is a proposition, so `let` is preferred over `letI`.
The difference between `let` and `letI` is that `letI` inlines the value.
But this is not relevant for proofs because of proof irrelevance.

Note: This linter can be disabled with `set_option linter.style.haveILetI false`
warning: UnitDistance/FiniteAbsoluteInertiaImage.lean:31:2: Try this: 
  letI̵

The goal is a proposition, so `let` is preferred over `letI`.
The difference between `let` and `letI` is that `letI` inlines the value.
But this is not relevant for proofs because of proof irrelevance.

Note: This linter can be disabled with `set_option linter.style.haveILetI false`
warning: UnitDistance/FiniteAbsoluteInertiaImage.lean:28:0: automatically included section variable(s) unused in theorem `UnitDistance.ArithmeticProP.finiteAbsoluteRestriction_surjective`:
  [FiniteDimensional K L]
consider restructuring your `variable` declarations so that the variables are not in scope or explicitly omit them:
  omit [FiniteDimensional K L] in theorem ...

Note: This linter can be disabled with `set_option linter.unusedSectionVars false`
warning: UnitDistance/FiniteAbsoluteInertiaImage.lean:41:2: Try this: 
  letI̵

The goal is a proposition, so `let` is preferred over `letI`.
The difference between `let` and `letI` is that `letI` inlines the value.
But this is not relevant for proofs because of proof irrelevance.

Note: This linter can be disabled with `set_option linter.style.haveILetI false`
warning: UnitDistance/FiniteAbsoluteInertiaImage.lean:42:2: Try this: 
  letI̵

The goal is a proposition, so `let` is preferred over `letI`.
The difference between `let` and `letI` is that `letI` inlines the value.
But this is not relevant for proofs because of proof irrelevance.

Note: This linter can be disabled with `set_option linter.style.haveILetI false`
warning: UnitDistance/FiniteAbsoluteInertiaImage.lean:38:0: automatically included section variable(s) unused in theorem `UnitDistance.ArithmeticProP.finiteAbsoluteRestriction_commutes`:
  [FiniteDimensional K L]
consider restructuring your `variable` declarations so that the variables are not in scope or explicitly omit them:
  omit [FiniteDimensional K L] in theorem ...

Note: This linter can be disabled with `set_option linter.unusedSectionVars false`
⚠ [5591/5645] Replayed UnitDistance.PadicOddGenusAction
warning: UnitDistance/PadicOddGenusAction.lean:96:2: Try this: 
  letI̵

The goal is a proposition, so `let` is preferred over `letI`.
The difference between `let` and `letI` is that `letI` inlines the value.
But this is not relevant for proofs because of proof irrelevance.

Note: This linter can be disabled with `set_option linter.style.haveILetI false`
⚠ [5592/5645] Replayed UnitDistance.PadicOddTamePair
warning: UnitDistance/PadicOddTamePair.lean:36:2: Try this: 
  letI̵

The goal is a proposition, so `let` is preferred over `letI`.
The difference between `let` and `letI` is that `letI` inlines the value.
But this is not relevant for proofs because of proof irrelevance.

Note: This linter can be disabled with `set_option linter.style.haveILetI false`
warning: UnitDistance/PadicOddTamePair.lean:111:2: Try this: 
  letI̵

The goal is a proposition, so `let` is preferred over `letI`.
The difference between `let` and `letI` is that `letI` inlines the value.
But this is not relevant for proofs because of proof irrelevance.

Note: This linter can be disabled with `set_option linter.style.haveILetI false`
⚠ [5598/5645] Replayed UnitDistance.PadicOddGeneratingPair
warning: UnitDistance/PadicOddGeneratingPair.lean:106:2: Try this: 
  letI̵

The goal is a proposition, so `let` is preferred over `letI`.
The difference between `let` and `letI` is that `letI` inlines the value.
But this is not relevant for proofs because of proof irrelevance.

Note: This linter can be disabled with `set_option linter.style.haveILetI false`
⚠ [5602/5645] Replayed UnitDistance.FiniteInertiaFixedField
warning: UnitDistance/FiniteInertiaFixedField.lean:38:2: Try this: 
  letI̵

The goal is a proposition, so `let` is preferred over `letI`.
The difference between `let` and `letI` is that `letI` inlines the value.
But this is not relevant for proofs because of proof irrelevance.

Note: This linter can be disabled with `set_option linter.style.haveILetI false`
warning: UnitDistance/FiniteInertiaFixedField.lean:39:2: Try this: 
  letI̵

The goal is a proposition, so `let` is preferred over `letI`.
The difference between `let` and `letI` is that `letI` inlines the value.
But this is not relevant for proofs because of proof irrelevance.

Note: This linter can be disabled with `set_option linter.style.haveILetI false`
warning: UnitDistance/FiniteInertiaFixedField.lean:40:2: Try this: 
  letI̵

The goal is a proposition, so `let` is preferred over `letI`.
The difference between `let` and `letI` is that `letI` inlines the value.
But this is not relevant for proofs because of proof irrelevance.

Note: This linter can be disabled with `set_option linter.style.haveILetI false`
warning: UnitDistance/FiniteInertiaFixedField.lean:41:2: Try this: 
  letI̵

The goal is a proposition, so `let` is preferred over `letI`.
The difference between `let` and `letI` is that `letI` inlines the value.
But this is not relevant for proofs because of proof irrelevance.

Note: This linter can be disabled with `set_option linter.style.haveILetI false`
warning: UnitDistance/FiniteInertiaFixedField.lean:43:2: Try this: 
  letI̵

The goal is a proposition, so `let` is preferred over `letI`.
The difference between `let` and `letI` is that `letI` inlines the value.
But this is not relevant for proofs because of proof irrelevance.

Note: This linter can be disabled with `set_option linter.style.haveILetI false`
warning: UnitDistance/FiniteInertiaFixedField.lean:44:2: Try this: 
  letI̵

The goal is a proposition, so `let` is preferred over `letI`.
The difference between `let` and `letI` is that `letI` inlines the value.
But this is not relevant for proofs because of proof irrelevance.

Note: This linter can be disabled with `set_option linter.style.haveILetI false`
warning: UnitDistance/FiniteInertiaFixedField.lean:45:2: Try this: 
  letI̵

The goal is a proposition, so `let` is preferred over `letI`.
The difference between `let` and `letI` is that `letI` inlines the value.
But this is not relevant for proofs because of proof irrelevance.

Note: This linter can be disabled with `set_option linter.style.haveILetI false`
warning: UnitDistance/FiniteInertiaFixedField.lean:49:2: Try this: 
  letI̵

The goal is a proposition, so `let` is preferred over `letI`.
The difference between `let` and `letI` is that `letI` inlines the value.
But this is not relevant for proofs because of proof irrelevance.

Note: This linter can be disabled with `set_option linter.style.haveILetI false`
⚠ [5605/5645] Replayed UnitDistance.Upstream.Yamaguchi.ClassFieldTheory.LocalClassFieldTheory.Finite.LocalReciprocity.IntermediateFieldNormResidueNaturality
warning: UnitDistance/Upstream/Yamaguchi/ClassFieldTheory/LocalClassFieldTheory/Finite/LocalReciprocity/IntermediateFieldNormResidueNaturality.lean:88:21: Private declaration `absoluteGalois` accessed publicly; this is allowed only because the `backward.privateInPublic` option is enabled. 

Disable `backward.privateInPublic.warn` to silence this warning.
warning: UnitDistance/Upstream/Yamaguchi/ClassFieldTheory/LocalClassFieldTheory/Finite/LocalReciprocity/IntermediateFieldNormResidueNaturality.lean:89:26: Private declaration `absoluteUnits` accessed publicly; this is allowed only because the `backward.privateInPublic` option is enabled. 

Disable `backward.privateInPublic.warn` to silence this warning.
warning: UnitDistance/Upstream/Yamaguchi/ClassFieldTheory/LocalClassFieldTheory/Finite/LocalReciprocity/IntermediateFieldNormResidueNaturality.lean:90:37: Private declaration `absoluteUnits` accessed publicly; this is allowed only because the `backward.privateInPublic` option is enabled. 

Disable `backward.privateInPublic.warn` to silence this warning.
warning: UnitDistance/Upstream/Yamaguchi/ClassFieldTheory/LocalClassFieldTheory/Finite/LocalReciprocity/IntermediateFieldNormResidueNaturality.lean:95:32: Private declaration `absoluteUnits` accessed publicly; this is allowed only because the `backward.privateInPublic` option is enabled. 

Disable `backward.privateInPublic.warn` to silence this warning.
warning: UnitDistance/Upstream/Yamaguchi/ClassFieldTheory/LocalClassFieldTheory/Finite/LocalReciprocity/IntermediateFieldNormResidueNaturality.lean:97:13: Private declaration `embeddedBaseNormClass` accessed publicly; this is allowed only because the `backward.privateInPublic` option is enabled. 

Disable `backward.privateInPublic.warn` to silence this warning.
warning: UnitDistance/Upstream/Yamaguchi/ClassFieldTheory/LocalClassFieldTheory/Finite/LocalReciprocity/IntermediateFieldNormResidueNaturality.lean:275:21: Private declaration `absoluteGalois` accessed publicly; this is allowed only because the `backward.privateInPublic` option is enabled. 

Disable `backward.privateInPublic.warn` to silence this warning.
warning: UnitDistance/Upstream/Yamaguchi/ClassFieldTheory/LocalClassFieldTheory/Finite/LocalReciprocity/IntermediateFieldNormResidueNaturality.lean:276:26: Private declaration `absoluteUnits` accessed publicly; this is allowed only because the `backward.privateInPublic` option is enabled. 

Disable `backward.privateInPublic.warn` to silence this warning.
warning: UnitDistance/Upstream/Yamaguchi/ClassFieldTheory/LocalClassFieldTheory/Finite/LocalReciprocity/IntermediateFieldNormResidueNaturality.lean:277:37: Private declaration `absoluteUnits` accessed publicly; this is allowed only because the `backward.privateInPublic` option is enabled. 

Disable `backward.privateInPublic.warn` to silence this warning.
⚠ [5607/5645] Replayed UnitDistance.LocalArtinRestriction
warning: UnitDistance/LocalArtinRestriction.lean:216:21: Private declaration `towerAbsoluteGalois` accessed publicly; this is allowed only because the `backward.privateInPublic` option is enabled. 

Disable `backward.privateInPublic.warn` to silence this warning.
warning: UnitDistance/LocalArtinRestriction.lean:217:26: Private declaration `towerAbsoluteUnits` accessed publicly; this is allowed only because the `backward.privateInPublic` option is enabled. 

Disable `backward.privateInPublic.warn` to silence this warning.
warning: UnitDistance/LocalArtinRestriction.lean:218:37: Private declaration `towerAbsoluteUnits` accessed publicly; this is allowed only because the `backward.privateInPublic` option is enabled. 

Disable `backward.privateInPublic.warn` to silence this warning.
warning: UnitDistance/LocalArtinRestriction.lean:223:13: Private declaration `towerLowerEmbedding` accessed publicly; this is allowed only because the `backward.privateInPublic` option is enabled. 

Disable `backward.privateInPublic.warn` to silence this warning.
⚠ [5613/5645] Replayed UnitDistance.LocalArtinUnitContainment
warning: UnitDistance/LocalArtinUnitContainment.lean:35:2: Try this: 
  letI̵

The goal is a proposition, so `let` is preferred over `letI`.
The difference between `let` and `letI` is that `letI` inlines the value.
But this is not relevant for proofs because of proof irrelevance.

Note: This linter can be disabled with `set_option linter.style.haveILetI false`
warning: UnitDistance/LocalArtinUnitContainment.lean:36:2: Try this: 
  letI̵

The goal is a proposition, so `let` is preferred over `letI`.
The difference between `let` and `letI` is that `letI` inlines the value.
But this is not relevant for proofs because of proof irrelevance.

Note: This linter can be disabled with `set_option linter.style.haveILetI false`
warning: UnitDistance/LocalArtinUnitContainment.lean:37:2: Try this: 
  letI̵

The goal is a proposition, so `let` is preferred over `letI`.
The difference between `let` and `letI` is that `letI` inlines the value.
But this is not relevant for proofs because of proof irrelevance.

Note: This linter can be disabled with `set_option linter.style.haveILetI false`
warning: UnitDistance/LocalArtinUnitContainment.lean:38:2: Try this: 
  letI̵

The goal is a proposition, so `let` is preferred over `letI`.
The difference between `let` and `letI` is that `letI` inlines the value.
But this is not relevant for proofs because of proof irrelevance.

Note: This linter can be disabled with `set_option linter.style.haveILetI false`
warning: UnitDistance/LocalArtinUnitContainment.lean:40:2: Try this: 
  letI̵

The goal is a proposition, so `let` is preferred over `letI`.
The difference between `let` and `letI` is that `letI` inlines the value.
But this is not relevant for proofs because of proof irrelevance.

Note: This linter can be disabled with `set_option linter.style.haveILetI false`
warning: UnitDistance/LocalArtinUnitContainment.lean:41:2: Try this: 
  letI̵

The goal is a proposition, so `let` is preferred over `letI`.
The difference between `let` and `letI` is that `letI` inlines the value.
But this is not relevant for proofs because of proof irrelevance.

Note: This linter can be disabled with `set_option linter.style.haveILetI false`
warning: UnitDistance/LocalArtinUnitContainment.lean:44:2: Try this: 
  letI̵

The goal is a proposition, so `let` is preferred over `letI`.
The difference between `let` and `letI` is that `letI` inlines the value.
But this is not relevant for proofs because of proof irrelevance.

Note: This linter can be disabled with `set_option linter.style.haveILetI false`
warning: UnitDistance/LocalArtinUnitContainment.lean:45:2: Try this: 
  letI̵

The goal is a proposition, so `let` is preferred over `letI`.
The difference between `let` and `letI` is that `letI` inlines the value.
But this is not relevant for proofs because of proof irrelevance.

Note: This linter can be disabled with `set_option linter.style.haveILetI false`
warning: UnitDistance/LocalArtinUnitContainment.lean:46:2: Try this: 
  letI̵

The goal is a proposition, so `let` is preferred over `letI`.
The difference between `let` and `letI` is that `letI` inlines the value.
But this is not relevant for proofs because of proof irrelevance.

Note: This linter can be disabled with `set_option linter.style.haveILetI false`
⚠ [5618/5645] Replayed UnitDistance.Upstream.Yamaguchi.ClassFieldTheory.LocalClassFieldTheory.Finite.LocalReciprocity.FixedFieldRelativeNorm
warning: UnitDistance/Upstream/Yamaguchi/ClassFieldTheory/LocalClassFieldTheory/Finite/LocalReciprocity/FixedFieldRelativeNorm.lean:116:5: `IsSepClosed.surjective_restrictDomain_of_isSeparable` has been deprecated: Use `IsSepClosed.surjective_domRestrict_of_isSeparable` instead

Hint: Replace the deprecated name:
  I̵s̵S̵e̵p̵C̵l̵o̵s̵e̵d̵.̵s̵u̵r̵j̵e̵c̵t̵i̵v̵e̵_̵r̵e̵s̵t̵r̵i̵c̵t̵D̵o̵m̵a̵i̵n̵_̵o̵f̵_̵i̵s̵S̵e̵p̵a̵r̵a̵b̵l̵e̵I̲s̲S̲e̲p̲C̲l̲o̲s̲e̲d̲.̲s̲u̲r̲j̲e̲c̲t̲i̲v̲e̲_̲d̲o̲m̲R̲e̲s̲t̲r̲i̲c̲t̲_̲o̲f̲_̲i̲s̲S̲e̲p̲a̲r̲a̲b̲l̲e̲
warning: UnitDistance/Upstream/Yamaguchi/ClassFieldTheory/LocalClassFieldTheory/Finite/LocalReciprocity/FixedFieldRelativeNorm.lean:176:5: Private declaration `abstractFixedFieldCosetToAlgHom_injective` accessed publicly; this is allowed only because the `backward.privateInPublic` option is enabled. 

Disable `backward.privateInPublic.warn` to silence this warning.
warning: UnitDistance/Upstream/Yamaguchi/ClassFieldTheory/LocalClassFieldTheory/Finite/LocalReciprocity/FixedFieldRelativeNorm.lean:177:6: Private declaration `abstractFixedFieldCosetToAlgHom_surjective` accessed publicly; this is allowed only because the `backward.privateInPublic` option is enabled. 

Disable `backward.privateInPublic.warn` to silence this warning.
⚠ [5622/5645] Replayed UnitDistance.Upstream.Yamaguchi.ClassFieldTheory.LocalClassFieldTheory.Finite.LocalReciprocity.FixedFieldLocalData
warning: UnitDistance/Upstream/Yamaguchi/ClassFieldTheory/LocalClassFieldTheory/Finite/LocalReciprocity/FixedFieldLocalData.lean:52:13: Private declaration `finiteFixedField` accessed publicly; this is allowed only because the `backward.privateInPublic` option is enabled. 

Disable `backward.privateInPublic.warn` to silence this warning.
warning: UnitDistance/Upstream/Yamaguchi/ClassFieldTheory/LocalClassFieldTheory/Finite/LocalReciprocity/FixedFieldLocalData.lean:53:25: Private declaration `finiteFixedField` accessed publicly; this is allowed only because the `backward.privateInPublic` option is enabled. 

Disable `backward.privateInPublic.warn` to silence this warning.
warning: UnitDistance/Upstream/Yamaguchi/ClassFieldTheory/LocalClassFieldTheory/Finite/LocalReciprocity/FixedFieldLocalData.lean:54:21: Private declaration `finiteFixedField` accessed publicly; this is allowed only because the `backward.privateInPublic` option is enabled. 

Disable `backward.privateInPublic.warn` to silence this warning.
warning: UnitDistance/Upstream/Yamaguchi/ClassFieldTheory/LocalClassFieldTheory/Finite/LocalReciprocity/FixedFieldLocalData.lean:55:23: Private declaration `finiteFixedField` accessed publicly; this is allowed only because the `backward.privateInPublic` option is enabled. 

Disable `backward.privateInPublic.warn` to silence this warning.
warning: UnitDistance/Upstream/Yamaguchi/ClassFieldTheory/LocalClassFieldTheory/Finite/LocalReciprocity/FixedFieldLocalData.lean:136:2: Try this: 
  letI̵

The goal is a proposition, so `let` is preferred over `letI`.
The difference between `let` and `letI` is that `letI` inlines the value.
But this is not relevant for proofs because of proof irrelevance.

Note: This linter can be disabled with `set_option linter.style.haveILetI false`
warning: UnitDistance/Upstream/Yamaguchi/ClassFieldTheory/LocalClassFieldTheory/Finite/LocalReciprocity/FixedFieldLocalData.lean:139:2: Try this: 
  letI̵

The goal is a proposition, so `let` is preferred over `letI`.
The difference between `let` and `letI` is that `letI` inlines the value.
But this is not relevant for proofs because of proof irrelevance.

Note: This linter can be disabled with `set_option linter.style.haveILetI false`
warning: UnitDistance/Upstream/Yamaguchi/ClassFieldTheory/LocalClassFieldTheory/Finite/LocalReciprocity/FixedFieldLocalData.lean:141:2: Try this: 
  letI̵

The goal is a proposition, so `let` is preferred over `letI`.
The difference between `let` and `letI` is that `letI` inlines the value.
But this is not relevant for proofs because of proof irrelevance.

Note: This linter can be disabled with `set_option linter.style.haveILetI false`
warning: UnitDistance/Upstream/Yamaguchi/ClassFieldTheory/LocalClassFieldTheory/Finite/LocalReciprocity/FixedFieldLocalData.lean:142:2: Try this: 
  letI̵

The goal is a proposition, so `let` is preferred over `letI`.
The difference between `let` and `letI` is that `letI` inlines the value.
But this is not relevant for proofs because of proof irrelevance.

Note: This linter can be disabled with `set_option linter.style.haveILetI false`
warning: UnitDistance/Upstream/Yamaguchi/ClassFieldTheory/LocalClassFieldTheory/Finite/LocalReciprocity/FixedFieldLocalData.lean:144:2: Try this: 
  letI̵

The goal is a proposition, so `let` is preferred over `letI`.
The difference between `let` and `letI` is that `letI` inlines the value.
But this is not relevant for proofs because of proof irrelevance.

Note: This linter can be disabled with `set_option linter.style.haveILetI false`
warning: UnitDistance/Upstream/Yamaguchi/ClassFieldTheory/LocalClassFieldTheory/Finite/LocalReciprocity/FixedFieldLocalData.lean:162:2: Try this: 
  letI̵

The goal is a proposition, so `let` is preferred over `letI`.
The difference between `let` and `letI` is that `letI` inlines the value.
But this is not relevant for proofs because of proof irrelevance.

Note: This linter can be disabled with `set_option linter.style.haveILetI false`
warning: UnitDistance/Upstream/Yamaguchi/ClassFieldTheory/LocalClassFieldTheory/Finite/LocalReciprocity/FixedFieldLocalData.lean:163:2: Try this: 
  letI̵

The goal is a proposition, so `let` is preferred over `letI`.
The difference between `let` and `letI` is that `letI` inlines the value.
But this is not relevant for proofs because of proof irrelevance.

Note: This linter can be disabled with `set_option linter.style.haveILetI false`
warning: UnitDistance/Upstream/Yamaguchi/ClassFieldTheory/LocalClassFieldTheory/Finite/LocalReciprocity/FixedFieldLocalData.lean:170:4: Try this: 
  letI̵

The goal is a proposition, so `let` is preferred over `letI`.
The difference between `let` and `letI` is that `letI` inlines the value.
But this is not relevant for proofs because of proof irrelevance.

Note: This linter can be disabled with `set_option linter.style.haveILetI false`
warning: UnitDistance/Upstream/Yamaguchi/ClassFieldTheory/LocalClassFieldTheory/Finite/LocalReciprocity/FixedFieldLocalData.lean:179:4: Try this: 
  letI̵

The goal is a proposition, so `let` is preferred over `letI`.
The difference between `let` and `letI` is that `letI` inlines the value.
But this is not relevant for proofs because of proof irrelevance.

Note: This linter can be disabled with `set_option linter.style.haveILetI false`
warning: UnitDistance/Upstream/Yamaguchi/ClassFieldTheory/LocalClassFieldTheory/Finite/LocalReciprocity/FixedFieldLocalData.lean:452:8: Private declaration `finiteExtensionDecompositionResidueFintype` accessed publicly; this is allowed only because the `backward.privateInPublic` option is enabled. 

Disable `backward.privateInPublic.warn` to silence this warning.
warning: UnitDistance/Upstream/Yamaguchi/ClassFieldTheory/LocalClassFieldTheory/Finite/LocalReciprocity/FixedFieldLocalData.lean:778:10: Private declaration `finiteFixedField` accessed publicly; this is allowed only because the `backward.privateInPublic` option is enabled. 

Disable `backward.privateInPublic.warn` to silence this warning.
warning: UnitDistance/Upstream/Yamaguchi/ClassFieldTheory/LocalClassFieldTheory/Finite/LocalReciprocity/FixedFieldLocalData.lean:777:27: Private declaration `finiteFixedField` accessed publicly; this is allowed only because the `backward.privateInPublic` option is enabled. 

Disable `backward.privateInPublic.warn` to silence this warning.
warning: UnitDistance/Upstream/Yamaguchi/ClassFieldTheory/LocalClassFieldTheory/Finite/LocalReciprocity/FixedFieldLocalData.lean:780:9: Private declaration `finiteFixedField` accessed publicly; this is allowed only because the `backward.privateInPublic` option is enabled. 

Disable `backward.privateInPublic.warn` to silence this warning.
warning: UnitDistance/Upstream/Yamaguchi/ClassFieldTheory/LocalClassFieldTheory/Finite/LocalReciprocity/FixedFieldLocalData.lean:784:9: Private declaration `finiteFixedField` accessed publicly; this is allowed only because the `backward.privateInPublic` option is enabled. 

Disable `backward.privateInPublic.warn` to silence this warning.
warning: UnitDistance/Upstream/Yamaguchi/ClassFieldTheory/LocalClassFieldTheory/Finite/LocalReciprocity/FixedFieldLocalData.lean:786:9: Private declaration `finiteFixedField` accessed publicly; this is allowed only because the `backward.privateInPublic` option is enabled. 

Disable `backward.privateInPublic.warn` to silence this warning.
warning: UnitDistance/Upstream/Yamaguchi/ClassFieldTheory/LocalClassFieldTheory/Finite/LocalReciprocity/FixedFieldLocalData.lean:788:9: Private declaration `finiteFixedField` accessed publicly; this is allowed only because the `backward.privateInPublic` option is enabled. 

Disable `backward.privateInPublic.warn` to silence this warning.
warning: UnitDistance/Upstream/Yamaguchi/ClassFieldTheory/LocalClassFieldTheory/Finite/LocalReciprocity/FixedFieldLocalData.lean:790:9: Private declaration `finiteFixedField` accessed publicly; this is allowed only because the `backward.privateInPublic` option is enabled. 

Disable `backward.privateInPublic.warn` to silence this warning.
warning: UnitDistance/Upstream/Yamaguchi/ClassFieldTheory/LocalClassFieldTheory/Finite/LocalReciprocity/FixedFieldLocalData.lean:792:9: Private declaration `finiteFixedField` accessed publicly; this is allowed only because the `backward.privateInPublic` option is enabled. 

Disable `backward.privateInPublic.warn` to silence this warning.
warning: UnitDistance/Upstream/Yamaguchi/ClassFieldTheory/LocalClassFieldTheory/Finite/LocalReciprocity/FixedFieldLocalData.lean:794:9: Private declaration `finiteFixedField` accessed publicly; this is allowed only because the `backward.privateInPublic` option is enabled. 

Disable `backward.privateInPublic.warn` to silence this warning.
warning: UnitDistance/Upstream/Yamaguchi/ClassFieldTheory/LocalClassFieldTheory/Finite/LocalReciprocity/FixedFieldLocalData.lean:795:36: Private declaration `finiteFixedField` accessed publicly; this is allowed only because the `backward.privateInPublic` option is enabled. 

Disable `backward.privateInPublic.warn` to silence this warning.
warning: UnitDistance/Upstream/Yamaguchi/ClassFieldTheory/LocalClassFieldTheory/Finite/LocalReciprocity/FixedFieldLocalData.lean:846:10: Private declaration `finiteFixedField` accessed publicly; this is allowed only because the `backward.privateInPublic` option is enabled. 

Disable `backward.privateInPublic.warn` to silence this warning.
warning: UnitDistance/Upstream/Yamaguchi/ClassFieldTheory/LocalClassFieldTheory/Finite/LocalReciprocity/FixedFieldLocalData.lean:845:27: Private declaration `finiteFixedField` accessed publicly; this is allowed only because the `backward.privateInPublic` option is enabled. 

Disable `backward.privateInPublic.warn` to silence this warning.
warning: UnitDistance/Upstream/Yamaguchi/ClassFieldTheory/LocalClassFieldTheory/Finite/LocalReciprocity/FixedFieldLocalData.lean:848:6: Private declaration `finiteFixedField` accessed publicly; this is allowed only because the `backward.privateInPublic` option is enabled. 

Disable `backward.privateInPublic.warn` to silence this warning.
warning: UnitDistance/Upstream/Yamaguchi/ClassFieldTheory/LocalClassFieldTheory/Finite/LocalReciprocity/FixedFieldLocalData.lean:847:35: Private declaration `finiteFixedField` accessed publicly; this is allowed only because the `backward.privateInPublic` option is enabled. 

Disable `backward.privateInPublic.warn` to silence this warning.
warning: UnitDistance/Upstream/Yamaguchi/ClassFieldTheory/LocalClassFieldTheory/Finite/LocalReciprocity/FixedFieldLocalData.lean:847:35: Private declaration `finiteFixedField` accessed publicly; this is allowed only because the `backward.privateInPublic` option is enabled. 

Disable `backward.privateInPublic.warn` to silence this warning.
warning: UnitDistance/Upstream/Yamaguchi/ClassFieldTheory/LocalClassFieldTheory/Finite/LocalReciprocity/FixedFieldLocalData.lean:850:9: Private declaration `finiteFixedField` accessed publicly; this is allowed only because the `backward.privateInPublic` option is enabled. 

Disable `backward.privateInPublic.warn` to silence this warning.
warning: UnitDistance/Upstream/Yamaguchi/ClassFieldTheory/LocalClassFieldTheory/Finite/LocalReciprocity/FixedFieldLocalData.lean:854:9: Private declaration `finiteFixedField` accessed publicly; this is allowed only because the `backward.privateInPublic` option is enabled. 

Disable `backward.privateInPublic.warn` to silence this warning.
warning: UnitDistance/Upstream/Yamaguchi/ClassFieldTheory/LocalClassFieldTheory/Finite/LocalReciprocity/FixedFieldLocalData.lean:856:9: Private declaration `finiteFixedField` accessed publicly; this is allowed only because the `backward.privateInPublic` option is enabled. 

Disable `backward.privateInPublic.warn` to silence this warning.
warning: UnitDistance/Upstream/Yamaguchi/ClassFieldTheory/LocalClassFieldTheory/Finite/LocalReciprocity/FixedFieldLocalData.lean:858:9: Private declaration `finiteFixedField` accessed publicly; this is allowed only because the `backward.privateInPublic` option is enabled. 

Disable `backward.privateInPublic.warn` to silence this warning.
warning: UnitDistance/Upstream/Yamaguchi/ClassFieldTheory/LocalClassFieldTheory/Finite/LocalReciprocity/FixedFieldLocalData.lean:860:9: Private declaration `finiteFixedField` accessed publicly; this is allowed only because the `backward.privateInPublic` option is enabled. 

Disable `backward.privateInPublic.warn` to silence this warning.
warning: UnitDistance/Upstream/Yamaguchi/ClassFieldTheory/LocalClassFieldTheory/Finite/LocalReciprocity/FixedFieldLocalData.lean:862:9: Private declaration `finiteFixedField` accessed publicly; this is allowed only because the `backward.privateInPublic` option is enabled. 

Disable `backward.privateInPublic.warn` to silence this warning.
warning: UnitDistance/Upstream/Yamaguchi/ClassFieldTheory/LocalClassFieldTheory/Finite/LocalReciprocity/FixedFieldLocalData.lean:864:9: Private declaration `finiteFixedField` accessed publicly; this is allowed only because the `backward.privateInPublic` option is enabled. 

Disable `backward.privateInPublic.warn` to silence this warning.
warning: UnitDistance/Upstream/Yamaguchi/ClassFieldTheory/LocalClassFieldTheory/Finite/LocalReciprocity/FixedFieldLocalData.lean:865:24: Private declaration `finiteFixedField` accessed publicly; this is allowed only because the `backward.privateInPublic` option is enabled. 

Disable `backward.privateInPublic.warn` to silence this warning.
⚠ [5628/5645] Replayed UnitDistance.Upstream.Yamaguchi.ValuedFieldTheory.Ramification.GaloisValuation.CompositumRestriction
warning: UnitDistance/Upstream/Yamaguchi/ValuedFieldTheory/Ramification/GaloisValuation/CompositumRestriction.lean:83:24: `IntermediateField.restrict_algEquiv` has been deprecated: Use `IntermediateField.restrictAlgEquiv` instead

Hint: Replace the deprecated name:
  IntermediateField.restrict_̵a̵A̲lgEquiv
warning: UnitDistance/Upstream/Yamaguchi/ValuedFieldTheory/Ramification/GaloisValuation/CompositumRestriction.lean:85:24: `IntermediateField.restrict_algEquiv` has been deprecated: Use `IntermediateField.restrictAlgEquiv` instead

Hint: Replace the deprecated name:
  IntermediateField.restrict_̵a̵A̲lgEquiv
⚠ [5641/5723] Replayed UnitDistance.Upstream.Yamaguchi.ClassFieldTheory.LocalClassFieldTheory.Finite.LocalReciprocity.GeneralTowerNaturality
warning: UnitDistance/Upstream/Yamaguchi/ClassFieldTheory/LocalClassFieldTheory/Finite/LocalReciprocity/GeneralTowerNaturality.lean:247:21: Private declaration `towerAbsoluteGalois` accessed publicly; this is allowed only because the `backward.privateInPublic` option is enabled. 

Disable `backward.privateInPublic.warn` to silence this warning.
warning: UnitDistance/Upstream/Yamaguchi/ClassFieldTheory/LocalClassFieldTheory/Finite/LocalReciprocity/GeneralTowerNaturality.lean:248:26: Private declaration `towerAbsoluteUnits` accessed publicly; this is allowed only because the `backward.privateInPublic` option is enabled. 

Disable `backward.privateInPublic.warn` to silence this warning.
warning: UnitDistance/Upstream/Yamaguchi/ClassFieldTheory/LocalClassFieldTheory/Finite/LocalReciprocity/GeneralTowerNaturality.lean:249:37: Private declaration `towerAbsoluteUnits` accessed publicly; this is allowed only because the `backward.privateInPublic` option is enabled. 

Disable `backward.privateInPublic.warn` to silence this warning.
warning: UnitDistance/Upstream/Yamaguchi/ClassFieldTheory/LocalClassFieldTheory/Finite/LocalReciprocity/GeneralTowerNaturality.lean:257:15: Private declaration `towerLowerEmbedding` accessed publicly; this is allowed only because the `backward.privateInPublic` option is enabled. 

Disable `backward.privateInPublic.warn` to silence this warning.
⚠ [5645/5723] Replayed UnitDistance.Upstream.Yamaguchi.ValuedFieldTheory.Ramification.HilbertRamification.FiniteGaloisLevel
warning: UnitDistance/Upstream/Yamaguchi/ValuedFieldTheory/Ramification/HilbertRamification/FiniteGaloisLevel.lean:65:20: Private declaration `chosenIntegralClosureData_exists` accessed publicly; this is allowed only because the `backward.privateInPublic` option is enabled. 

Disable `backward.privateInPublic.warn` to silence this warning.
⚠ [5649/5723] Replayed UnitDistance.Upstream.Yamaguchi.ValuedFieldTheory.Ramification.HilbertRamification.RamificationNumberFormula
warning: UnitDistance/Upstream/Yamaguchi/ValuedFieldTheory/Ramification/HilbertRamification/RamificationNumberFormula.lean:232:12: `if_neg` has been deprecated: Use `ite_eq_right` instead

Hint: Replace the deprecated name:
  i̵f̵_̵n̵e̵g̵i̲t̲e̲_̲e̲q̲_̲r̲i̲g̲h̲t̲
⚠ [5660/5723] Replayed UnitDistance.Upstream.Yamaguchi.ValuedFieldTheory.Ramification.HilbertRamification.HerbrandTheorem
warning: UnitDistance/Upstream/Yamaguchi/ValuedFieldTheory/Ramification/HilbertRamification/HerbrandTheorem.lean:306:10: `ENat.coe_le_coe` has been deprecated: Use `ENat.natCast_le_natCast` instead

Hint: Replace the deprecated name:
  E̵N̵a̵t̵.̵c̵o̵e̵_̵l̵e̵_̵c̵o̵e̵E̲N̲a̲t̲.̲n̲a̲t̲C̲a̲s̲t̲_̲l̲e̲_̲n̲a̲t̲C̲a̲s̲t̲
warning: UnitDistance/Upstream/Yamaguchi/ValuedFieldTheory/Ramification/HilbertRamification/HerbrandTheorem.lean:389:12: `if_neg` has been deprecated: Use `ite_eq_right` instead

Hint: Replace the deprecated name:
  i̵f̵_̵n̵e̵g̵i̲t̲e̲_̲e̲q̲_̲r̲i̲g̲h̲t̲
warning: UnitDistance/Upstream/Yamaguchi/ValuedFieldTheory/Ramification/HilbertRamification/HerbrandTheorem.lean:521:10: `ENat.coe_le_coe` has been deprecated: Use `ENat.natCast_le_natCast` instead

Hint: Replace the deprecated name:
  E̵N̵a̵t̵.̵c̵o̵e̵_̵l̵e̵_̵c̵o̵e̵E̲N̲a̲t̲.̲n̲a̲t̲C̲a̲s̲t̲_̲l̲e̲_̲n̲a̲t̲C̲a̲s̲t̲
warning: UnitDistance/Upstream/Yamaguchi/ValuedFieldTheory/Ramification/HilbertRamification/HerbrandTheorem.lean:529:8: `if_pos` has been deprecated: Use `ite_eq_left` instead

Hint: Replace the deprecated name:
  i̵f̵_̵p̵o̵s̵i̲t̲e̲_̲e̲q̲_̲l̲e̲f̲t̲
warning: UnitDistance/Upstream/Yamaguchi/ValuedFieldTheory/Ramification/HilbertRamification/HerbrandTheorem.lean:537:26: `ENat.coe_lt_coe` has been deprecated: Use `ENat.natCast_lt_natCast` instead

Hint: Replace the deprecated name:
  E̵N̵a̵t̵.̵c̵o̵e̵_̵l̵t̵_̵c̵o̵e̵E̲N̲a̲t̲.̲n̲a̲t̲C̲a̲s̲t̲_̲l̲t̲_̲n̲a̲t̲C̲a̲s̲t̲
warning: UnitDistance/Upstream/Yamaguchi/ValuedFieldTheory/Ramification/HilbertRamification/HerbrandTheorem.lean:562:8: `if_neg` has been deprecated: Use `ite_eq_right` instead

Hint: Replace the deprecated name:
  i̵f̵_̵n̵e̵g̵i̲t̲e̲_̲e̲q̲_̲r̲i̲g̲h̲t̲
warning: UnitDistance/Upstream/Yamaguchi/ValuedFieldTheory/Ramification/HilbertRamification/HerbrandTheorem.lean:583:12: `if_neg` has been deprecated: Use `ite_eq_right` instead

Hint: Replace the deprecated name:
  i̵f̵_̵n̵e̵g̵i̲t̲e̲_̲e̲q̲_̲r̲i̲g̲h̲t̲
warning: UnitDistance/Upstream/Yamaguchi/ValuedFieldTheory/Ramification/HilbertRamification/HerbrandTheorem.lean:1049:18: `ENat.coe_le_coe` has been deprecated: Use `ENat.natCast_le_natCast` instead

Hint: Replace the deprecated name:
  E̵N̵a̵t̵.̵c̵o̵e̵_̵l̵e̵_̵c̵o̵e̵E̲N̲a̲t̲.̲n̲a̲t̲C̲a̲s̲t̲_̲l̲e̲_̲n̲a̲t̲C̲a̲s̲t̲
⚠ [5690/5723] Replayed UnitDistance.Upstream.Yamaguchi.ValuedFieldTheory.LocalField.DiscreteValuationField.EqualCharacteristicLaurent
warning: UnitDistance/Upstream/Yamaguchi/ValuedFieldTheory/LocalField/DiscreteValuationField/EqualCharacteristicLaurent.lean:532:4: Private declaration `valuationSubring_isLinearTopology_withIdeal` accessed publicly; this is allowed only because the `backward.privateInPublic` option is enabled. 

Disable `backward.privateInPublic.warn` to silence this warning.
warning: UnitDistance/Upstream/Yamaguchi/ValuedFieldTheory/LocalField/DiscreteValuationField/EqualCharacteristicLaurent.lean:534:4: Private declaration `valuationSubring_completeSpace_withIdeal` accessed publicly; this is allowed only because the `backward.privateInPublic` option is enabled. 

Disable `backward.privateInPublic.warn` to silence this warning.
warning: UnitDistance/Upstream/Yamaguchi/ValuedFieldTheory/LocalField/DiscreteValuationField/EqualCharacteristicLaurent.lean:536:4: Private declaration `valuationSubring_t2Space_withIdeal` accessed publicly; this is allowed only because the `backward.privateInPublic` option is enabled. 

Disable `backward.privateInPublic.warn` to silence this warning.
warning: UnitDistance/Upstream/Yamaguchi/ValuedFieldTheory/LocalField/DiscreteValuationField/EqualCharacteristicLaurent.lean:642:4: Private declaration `valuationSubring_isLinearTopology_withIdeal` accessed publicly; this is allowed only because the `backward.privateInPublic` option is enabled. 

Disable `backward.privateInPublic.warn` to silence this warning.
warning: UnitDistance/Upstream/Yamaguchi/ValuedFieldTheory/LocalField/DiscreteValuationField/EqualCharacteristicLaurent.lean:644:4: Private declaration `valuationSubring_completeSpace_withIdeal` accessed publicly; this is allowed only because the `backward.privateInPublic` option is enabled. 

Disable `backward.privateInPublic.warn` to silence this warning.
warning: UnitDistance/Upstream/Yamaguchi/ValuedFieldTheory/LocalField/DiscreteValuationField/EqualCharacteristicLaurent.lean:646:4: Private declaration `valuationSubring_t2Space_withIdeal` accessed publicly; this is allowed only because the `backward.privateInPublic` option is enabled. 

Disable `backward.privateInPublic.warn` to silence this warning.
⚠ [5699/5723] Replayed UnitDistance.Upstream.Yamaguchi.ValuedFieldTheory.Valuation.Topology.AdicCompletionInverseLimitRing
warning: UnitDistance/Upstream/Yamaguchi/ValuedFieldTheory/Valuation/Topology/AdicCompletionInverseLimitRing.lean:604:19: Private declaration `adicQuotientCompatibleFamiliesHomeomorph` accessed publicly; this is allowed only because the `backward.privateInPublic` option is enabled. 

Disable `backward.privateInPublic.warn` to silence this warning.
warning: UnitDistance/Upstream/Yamaguchi/ValuedFieldTheory/Valuation/Topology/AdicCompletionInverseLimitRing.lean:605:16: Private declaration `adicQuotientInverseLimitRepresentationHomeomorph` accessed publicly; this is allowed only because the `backward.privateInPublic` option is enabled. 

Disable `backward.privateInPublic.warn` to silence this warning.
warning: UnitDistance/Upstream/Yamaguchi/ValuedFieldTheory/Valuation/Topology/AdicCompletionInverseLimitRing.lean:953:19: Private declaration `adicPositiveQuotientCompatibleFamiliesHomeomorph` accessed publicly; this is allowed only because the `backward.privateInPublic` option is enabled. 

Disable `backward.privateInPublic.warn` to silence this warning.
warning: UnitDistance/Upstream/Yamaguchi/ValuedFieldTheory/Valuation/Topology/AdicCompletionInverseLimitRing.lean:954:16: Private declaration `adicPositiveQuotientInverseLimitRepresentationHomeomorph` accessed publicly; this is allowed only because the `backward.privateInPublic` option is enabled. 

Disable `backward.privateInPublic.warn` to silence this warning.
⚠ [5700/5723] Replayed UnitDistance.Upstream.Yamaguchi.ValuedFieldTheory.Valuation.Topology.AdicCompletionInverseLimit
warning: UnitDistance/Upstream/Yamaguchi/ValuedFieldTheory/Valuation/Topology/AdicCompletionInverseLimit.lean:953:6: Private declaration `dvrHigherUnitQuotientTransition_mk` accessed publicly; this is allowed only because the `backward.privateInPublic` option is enabled. 

Disable `backward.privateInPublic.warn` to silence this warning.
warning: UnitDistance/Upstream/Yamaguchi/ValuedFieldTheory/Valuation/Topology/AdicCompletionInverseLimit.lean:1364:19: Private declaration `unitsCompatibleFamiliesHomeomorph` accessed publicly; this is allowed only because the `backward.privateInPublic` option is enabled. 

Disable `backward.privateInPublic.warn` to silence this warning.
warning: UnitDistance/Upstream/Yamaguchi/ValuedFieldTheory/Valuation/Topology/AdicCompletionInverseLimit.lean:1365:16: Private declaration `dvrHigherUnitQuotientInverseLimitRepresentationHomeomorph` accessed publicly; this is allowed only because the `backward.privateInPublic` option is enabled. 

Disable `backward.privateInPublic.warn` to silence this warning.
⚠ [5719/5810] Replayed UnitDistance.Upstream.Yamaguchi.ValuedFieldTheory.LocalField.DiscreteValuationField.IwasawaPrincipalUnits
warning: UnitDistance/Upstream/Yamaguchi/ValuedFieldTheory/LocalField/DiscreteValuationField/IwasawaPrincipalUnits.lean:2162:25: `dif_pos` has been deprecated: Use `dite_eq_left` instead

Hint: Replace the deprecated name:
  d̵i̵f̵_̵p̵o̵s̵d̲i̲t̲e̲_̲e̲q̲_̲l̲e̲f̲t̲
warning: UnitDistance/Upstream/Yamaguchi/ValuedFieldTheory/LocalField/DiscreteValuationField/IwasawaPrincipalUnits.lean:2163:58: `dif_neg` has been deprecated: Use `dite_eq_right` instead

Hint: Replace the deprecated name:
  d̵i̵f̵_̵n̵e̵g̵d̲i̲t̲e̲_̲e̲q̲_̲r̲i̲g̲h̲t̲
⚠ [5725/5810] Replayed UnitDistance.Upstream.Yamaguchi.ValuedFieldTheory.LocalField.Padic.NonarchimedeanLocalField
warning: UnitDistance/Upstream/Yamaguchi/ValuedFieldTheory/LocalField/Padic/NonarchimedeanLocalField.lean:47:8: `if_neg` has been deprecated: Use `ite_eq_right` instead

Hint: Replace the deprecated name:
  i̵f̵_̵n̵e̵g̵i̲t̲e̲_̲e̲q̲_̲r̲i̲g̲h̲t̲
warning: UnitDistance/Upstream/Yamaguchi/ValuedFieldTheory/LocalField/Padic/NonarchimedeanLocalField.lean:78:6: `if_neg` has been deprecated: Use `ite_eq_right` instead

Hint: Replace the deprecated name:
  i̵f̵_̵n̵e̵g̵i̲t̲e̲_̲e̲q̲_̲r̲i̲g̲h̲t̲
warning: UnitDistance/Upstream/Yamaguchi/ValuedFieldTheory/LocalField/Padic/NonarchimedeanLocalField.lean:78:17: `if_neg` has been deprecated: Use `ite_eq_right` instead

Hint: Replace the deprecated name:
  i̵f̵_̵n̵e̵g̵i̲t̲e̲_̲e̲q̲_̲r̲i̲g̲h̲t̲
⚠ [5730/5810] Replayed UnitDistance.Upstream.Yamaguchi.ValuedFieldTheory.LocalField.NonarchimedeanLocalField.MultiplicativeDecomposition
warning: UnitDistance/Upstream/Yamaguchi/ValuedFieldTheory/LocalField/NonarchimedeanLocalField/MultiplicativeDecomposition.lean:72:14: `Set.preimage_setOf_eq` has been deprecated: Use `Set.preimage_ofPred_eq` instead

Hint: Replace the deprecated name:
  S̵e̵t̵.̵p̵r̵e̵i̵m̵a̵g̵e̵_̵s̵e̵t̵O̵f̵_̵e̵q̵S̲e̲t̲.̲p̲r̲e̲i̲m̲a̲g̲e̲_̲o̲f̲P̲r̲e̲d̲_̲e̲q̲
⚠ [5732/5810] Replayed UnitDistance.Upstream.Yamaguchi.ValuedFieldTheory.LocalField.Padic.ClosedAddSubgroup
warning: UnitDistance/Upstream/Yamaguchi/ValuedFieldTheory/LocalField/Padic/ClosedAddSubgroup.lean:124:17: `Set.mem_setOf_eq` has been deprecated: Use `Set.mem_ofPred_eq` instead

Hint: Replace the deprecated name:
  S̵e̵t̵.̵m̵e̵m̵_̵s̵e̵t̵O̵f̵_̵e̵q̵S̲e̲t̲.̲m̲e̲m̲_̲o̲f̲P̲r̲e̲d̲_̲e̲q̲
⚠ [5746/5810] Replayed UnitDistance.Upstream.Yamaguchi.ValuedFieldTheory.LocalField.Padic.Cyclotomic.Unramified.ArithmeticFrobenius
warning: UnitDistance/Upstream/Yamaguchi/ValuedFieldTheory/LocalField/Padic/Cyclotomic/Unramified/ArithmeticFrobenius.lean:222:4: Private declaration `padicCyclotomicUnramified_isIntegralClosure_of_subring_eq` accessed publicly; this is allowed only because the `backward.privateInPublic` option is enabled. 

Disable `backward.privateInPublic.warn` to silence this warning.
warning: UnitDistance/Upstream/Yamaguchi/ValuedFieldTheory/LocalField/Padic/Cyclotomic/Unramified/ArithmeticFrobenius.lean:395:8: Private declaration `padicCyclotomicUnramified_residueMapEquiv_commutes` accessed publicly; this is allowed only because the `backward.privateInPublic` option is enabled. 

Disable `backward.privateInPublic.warn` to silence this warning.
warning: UnitDistance/Upstream/Yamaguchi/ValuedFieldTheory/LocalField/Padic/Cyclotomic/Unramified/ArithmeticFrobenius.lean:560:9: Private declaration `padicCyclotomicUnramified_order_pos` accessed publicly; this is allowed only because the `backward.privateInPublic` option is enabled. 

Disable `backward.privateInPublic.warn` to silence this warning.
warning: UnitDistance/Upstream/Yamaguchi/ValuedFieldTheory/LocalField/Padic/Cyclotomic/Unramified/ArithmeticFrobenius.lean:1731:6: Private declaration `padicCyclotomicUnramified_finiteDimensional_of_primitiveRoot_adjoin_eq_top` accessed publicly; this is allowed only because the `backward.privateInPublic` option is enabled. 

Disable `backward.privateInPublic.warn` to silence this warning.
warning: UnitDistance/Upstream/Yamaguchi/ValuedFieldTheory/LocalField/Padic/Cyclotomic/Unramified/ArithmeticFrobenius.lean:1732:9: Private declaration `padicCyclotomicUnramified_order_pos` accessed publicly; this is allowed only because the `backward.privateInPublic` option is enabled. 

Disable `backward.privateInPublic.warn` to silence this warning.
⚠ [5748/5810] Replayed UnitDistance.Upstream.Yamaguchi.ClassFieldTheory.LocalFieldTheory.Padic.Cyclotomic.Unramified.CanonicalExtension
warning: UnitDistance/Upstream/Yamaguchi/ClassFieldTheory/LocalFieldTheory/Padic/Cyclotomic/Unramified/CanonicalExtension.lean:635:12: Private declaration `padicCyclotomicUnramified_valuationSubring_eq_integralClosure` accessed publicly; this is allowed only because the `backward.privateInPublic` option is enabled. 

Disable `backward.privateInPublic.warn` to silence this warning.
⚠ [5752/5810] Replayed UnitDistance.Upstream.Yamaguchi.ValuedFieldTheory.Valuation.DiscreteValuationField.Compositum
warning: UnitDistance/Upstream/Yamaguchi/ValuedFieldTheory/Valuation/DiscreteValuationField/Compositum.lean:421:2: Private declaration `quotientKerAlgEquivOfSurjectiveCommRing` accessed publicly; this is allowed only because the `backward.privateInPublic` option is enabled. 

Disable `backward.privateInPublic.warn` to silence this warning.
⚠ [5768/5810] Replayed UnitDistance.Upstream.Yamaguchi.ValuedFieldTheory.LocalField.NonarchimedeanLocalField.FiniteUnramifiedEquiv
warning: UnitDistance/Upstream/Yamaguchi/ValuedFieldTheory/LocalField/NonarchimedeanLocalField/FiniteUnramifiedEquiv.lean:56:25: Private declaration `finiteLocalAlgEquiv_mem_integerRing` accessed publicly; this is allowed only because the `backward.privateInPublic` option is enabled. 

Disable `backward.privateInPublic.warn` to silence this warning.
warning: UnitDistance/Upstream/Yamaguchi/ValuedFieldTheory/LocalField/NonarchimedeanLocalField/FiniteUnramifiedEquiv.lean:57:31: Private declaration `finiteLocalAlgEquiv_mem_integerRing` accessed publicly; this is allowed only because the `backward.privateInPublic` option is enabled. 

Disable `backward.privateInPublic.warn` to silence this warning.
⚠ [5769/5810] Replayed UnitDistance.AbsoluteProPRestriction
warning: UnitDistance/AbsoluteProPRestriction.lean:78:2: Private declaration `normalAbsoluteRestriction` accessed publicly; this is allowed only because the `backward.privateInPublic` option is enabled. 

Disable `backward.privateInPublic.warn` to silence this warning.
⚠ [5770/5810] Replayed UnitDistance.AbsoluteLocalCompactness
warning: UnitDistance/AbsoluteLocalCompactness.lean:58:2: Try this: 
  letI̵

The goal is a proposition, so `let` is preferred over `letI`.
The difference between `let` and `letI` is that `letI` inlines the value.
But this is not relevant for proofs because of proof irrelevance.

Note: This linter can be disabled with `set_option linter.style.haveILetI false`
warning: UnitDistance/AbsoluteLocalCompactness.lean:66:2: Try this: 
  letI̵

The goal is a proposition, so `let` is preferred over `letI`.
The difference between `let` and `letI` is that `letI` inlines the value.
But this is not relevant for proofs because of proof irrelevance.

Note: This linter can be disabled with `set_option linter.style.haveILetI false`
warning: UnitDistance/AbsoluteLocalCompactness.lean:67:2: Try this: 
  letI̵

The goal is a proposition, so `let` is preferred over `letI`.
The difference between `let` and `letI` is that `letI` inlines the value.
But this is not relevant for proofs because of proof irrelevance.

Note: This linter can be disabled with `set_option linter.style.haveILetI false`
⚠ [5771/5810] Replayed UnitDistance.ProfiniteTameCompactness
warning: UnitDistance/ProfiniteTameCompactness.lean:52:2: Try this: 
  letI̵

The goal is a proposition, so `let` is preferred over `letI`.
The difference between `let` and `letI` is that `letI` inlines the value.
But this is not relevant for proofs because of proof irrelevance.

Note: This linter can be disabled with `set_option linter.style.haveILetI false`
⚠ [5772/5810] Replayed UnitDistance.SigmaOddRelationWitness
warning: UnitDistance/SigmaOddRelationWitness.lean:48:2: Try this: 
  letI̵

The goal is a proposition, so `let` is preferred over `letI`.
The difference between `let` and `letI` is that `letI` inlines the value.
But this is not relevant for proofs because of proof irrelevance.

Note: This linter can be disabled with `set_option linter.style.haveILetI false`
warning: UnitDistance/SigmaOddRelationWitness.lean:51:2: Try this: 
  letI̵

The goal is a proposition, so `let` is preferred over `letI`.
The difference between `let` and `letI` is that `letI` inlines the value.
But this is not relevant for proofs because of proof irrelevance.

Note: This linter can be disabled with `set_option linter.style.haveILetI false`
warning: UnitDistance/SigmaOddRelationWitness.lean:52:2: Try this: 
  letI̵

The goal is a proposition, so `let` is preferred over `letI`.
The difference between `let` and `letI` is that `letI` inlines the value.
But this is not relevant for proofs because of proof irrelevance.

Note: This linter can be disabled with `set_option linter.style.haveILetI false`
warning: UnitDistance/SigmaOddRelationWitness.lean:53:2: Try this: 
  letI̵

The goal is a proposition, so `let` is preferred over `letI`.
The difference between `let` and `letI` is that `letI` inlines the value.
But this is not relevant for proofs because of proof irrelevance.

Note: This linter can be disabled with `set_option linter.style.haveILetI false`
⚠ [5776/5810] Replayed UnitDistance.ProfiniteGeneratedTameCompactness
warning: UnitDistance/ProfiniteGeneratedTameCompactness.lean:113:2: Try this: 
  letI̵

The goal is a proposition, so `let` is preferred over `letI`.
The difference between `let` and `letI` is that `letI` inlines the value.
But this is not relevant for proofs because of proof irrelevance.

Note: This linter can be disabled with `set_option linter.style.haveILetI false`
⚠ [5780/5810] Replayed UnitDistance.PadicTwoQuadraticClosure
warning: UnitDistance/PadicTwoQuadraticClosure.lean:89:2: Try this: 
  letI̵

The goal is a proposition, so `let` is preferred over `letI`.
The difference between `let` and `letI` is that `letI` inlines the value.
But this is not relevant for proofs because of proof irrelevance.

Note: This linter can be disabled with `set_option linter.style.haveILetI false`
⚠ [5781/5810] Replayed UnitDistance.PadicTwoSquareclassIndependence
warning: UnitDistance/PadicTwoSquareclassIndependence.lean:34:48: `simp` already closes the goal

Hint: Use `simp` instead of `simpa`:
  [apply] simp

Note: This linter can be disabled with `set_option linter.unnecessarySimpa false`
⚠ [5782/5810] Replayed UnitDistance.QuadraticRootCharacterSurjectivity
warning: UnitDistance/QuadraticRootCharacterSurjectivity.lean:28:0: automatically included section variable(s) unused in theorem `UnitDistance.Multiquadratic.signHom_surjective_of_products`:
  [CharZero F]
consider restructuring your `variable` declarations so that the variables are not in scope or explicitly omit them:
  omit [CharZero F] in theorem ...

Note: This linter can be disabled with `set_option linter.unusedSectionVars false`
warning: UnitDistance/QuadraticRootCharacterSurjectivity.lean:58:16: This simp argument is unused:
  Pi.single_apply

Hint: Omit it from the simp argument list.
  [apply] simp [hij, Ne.symm hij]

Note: This linter can be disabled with `set_option linter.unusedSimpArgs false`
warning: UnitDistance/QuadraticRootCharacterSurjectivity.lean:58:32: This simp argument is unused:
  hij

Hint: Omit it from the simp argument list.
  [apply] simp [Pi.single_apply, Ne.symm hij]

Note: This linter can be disabled with `set_option linter.unusedSimpArgs false`
⚠ [5783/5810] Replayed UnitDistance.GeneratedQuadraticSigns
warning: UnitDistance/GeneratedQuadraticSigns.lean:23:0: automatically included section variable(s) unused in theorem `UnitDistance.Multiquadratic.rootCharacter_action`:
  [CharZero K]
  [CharZero E]
  [Fintype ι]
  [DecidableEq ι]
  [FiniteDimensional K E]
  [IsGalois K E]
consider restructuring your `variable` declarations so that the variables are not in scope or explicitly omit them:
  omit [CharZero K] [CharZero E] [Fintype ι] [DecidableEq ι] [FiniteDimensional K E] [IsGalois K E] in theorem ...

Note: This linter can be disabled with `set_option linter.unusedSectionVars false`
warning: UnitDistance/GeneratedQuadraticSigns.lean:31:26: This simp argument is unused:
  he

Hint: Omit it from the simp argument list.
  [apply] simp [rootCharacter, binarySign, binarySignInteger, h]

Note: This linter can be disabled with `set_option linter.unusedSimpArgs false`
warning: UnitDistance/GeneratedQuadraticSigns.lean:62:0: automatically included section variable(s) unused in theorem `UnitDistance.Multiquadratic.generated_aut_ext`:
  [CharZero K]
  [CharZero E]
  [DecidableEq ι]
  [FiniteDimensional K E]
  [IsGalois K E]
consider restructuring your `variable` declarations so that the variables are not in scope or explicitly omit them:
  omit [CharZero K] [CharZero E] [DecidableEq ι] [FiniteDimensional K E] [IsGalois K E] in theorem ...

Note: This linter can be disabled with `set_option linter.unusedSectionVars false`
⚠ [5784/5917] Replayed UnitDistance.PadicTwoGenusField
warning: UnitDistance/PadicTwoGenusField.lean:36:13: This simp argument is unused:
  show (1 : ZMod 2).val = 1 from rfl

Hint: Omit it from the simp argument list.
  [apply] simp [w, hi] at hh

Note: This linter can be disabled with `set_option linter.unusedSimpArgs false`
⚠ [5785/5917] Replayed UnitDistance.PadicTwoMaximalProTwo
warning: UnitDistance/PadicTwoMaximalProTwo.lean:197:2: Try this: 
  letI̵

The goal is a proposition, so `let` is preferred over `letI`.
The difference between `let` and `letI` is that `letI` inlines the value.
But this is not relevant for proofs because of proof irrelevance.

Note: This linter can be disabled with `set_option linter.style.haveILetI false`
⚠ [5787/5917] Replayed UnitDistance.QuadraticNormTwist
warning: UnitDistance/QuadraticNormTwist.lean:17:8: automatically included section variable(s) unused in theorem `_private.UnitDistance.QuadraticNormTwist.0.UnitDistance.QuadraticNormTwist.binarySign_one`:
  [CharZero E]
consider restructuring your `variable` declarations so that the variables are not in scope or explicitly omit them:
  omit [CharZero E] in theorem ...

Note: This linter can be disabled with `set_option linter.unusedSectionVars false`
warning: UnitDistance/QuadraticNormTwist.lean:28:0: automatically included section variable(s) unused in theorem `UnitDistance.QuadraticNormTwist.alpha_ne_zero`:
  [CharZero E]
consider restructuring your `variable` declarations so that the variables are not in scope or explicitly omit them:
  omit [CharZero E] in theorem ...

Note: This linter can be disabled with `set_option linter.unusedSectionVars false`
warning: UnitDistance/QuadraticNormTwist.lean:41:38: `if_false` has been deprecated: Use `ite_false` instead

Hint: Replace the deprecated name:
  i̵f̵_̵f̵a̵l̵s̵e̵i̲t̲e̲_̲f̲a̲l̲s̲e̲
warning: UnitDistance/QuadraticNormTwist.lean:58:38: `if_false` has been deprecated: Use `ite_false` instead

Hint: Replace the deprecated name:
  i̵f̵_̵f̵a̵l̵s̵e̵i̲t̲e̲_̲f̲a̲l̲s̲e̲
⚠ [5788/5917] Replayed UnitDistance.PadicTwoNormCatalog
warning: UnitDistance/PadicTwoNormCatalog.lean:21:27: Private declaration `has_seven_scalar` accessed publicly; this is allowed only because the `backward.privateInPublic` option is enabled. 

Disable `backward.privateInPublic.warn` to silence this warning.
⚠ [5789/5917] Replayed UnitDistance.PadicTwoQuadraticField
warning: UnitDistance/PadicTwoQuadraticField.lean:57:4: `push_neg` has been deprecated. Prefer using `push Not` instead.
If you'd rather continue using `push_neg` in your project, you can implement it as follows:
```
open Lean.Parser.Tactic in
macro "push_neg" cfg:optConfig loc:(location)? : tactic =>
  `(tactic| push $cfg:optConfig Not $[$loc]?)
```
⚠ [5792/5917] Replayed UnitDistance.PadicTwoRootSigns
warning: UnitDistance/PadicTwoRootSigns.lean:87:22: Used `tac1 <;> tac2` where `(tac1; tac2)` would suffice

Note: This linter can be disabled with `set_option linter.unnecessarySeqFocus false`
⚠ [5793/5917] Replayed UnitDistance.ClassTwoCollectionDiagonal
warning: UnitDistance/ClassTwoCollectionDiagonal.lean:37:10: This simp argument is unused:
  Pi.single_apply

Hint: Omit it from the simp argument list.
  [apply] simp [hji]

Note: This linter can be disabled with `set_option linter.unusedSimpArgs false`
warning: UnitDistance/ClassTwoCollectionDiagonal.lean:42:10: This simp argument is unused:
  Pi.single_apply

Hint: Omit it from the simp argument list.
  [apply] simp [hji]

Note: This linter can be disabled with `set_option linter.unusedSimpArgs false`
⚠ [5794/5917] Replayed UnitDistance.LocalQuadraticModel
warning: UnitDistance/LocalQuadraticModel.lean:110:46: This simp argument is unused:
  LinearMap.add_apply

Hint: Omit it from the simp argument list.
  [apply] simp only [word, indices, List.map_cons, List.map_nil, List.prod_cons, List.prod_nil, bit_basis,
    GroupModel.mul_base, GroupModel.one_base, GroupModel.mul_central, GroupModel.one_central, map_add, map_smul,
    LinearMap.smul_apply, map_zero, zero_add, add_zero, smul_zero]

Note: This linter can be disabled with `set_option linter.unusedSimpArgs false`
warning: UnitDistance/LocalQuadraticModel.lean:111:33: This simp argument is unused:
  smul_zero

Hint: Omit it from the simp argument list.
  [apply] simp only [word, indices, List.map_cons, List.map_nil, List.prod_cons, List.prod_nil, bit_basis,
    GroupModel.mul_base, GroupModel.one_base, GroupModel.mul_central, GroupModel.one_central, map_add, map_smul,
    LinearMap.add_apply, LinearMap.smul_apply, map_zero, zero_add, add_zero]

Note: This linter can be disabled with `set_option linter.unusedSimpArgs false`
warning: UnitDistance/LocalQuadraticModel.lean:132:6: `simp` already closes the goal

Hint: Use `simp` instead of `simpa`:
  [apply] simp [bit, h]

Note: This linter can be disabled with `set_option linter.unnecessarySimpa false`
⚠ [5795/5917] Replayed UnitDistance.FreeThreeQuadratic
warning: UnitDistance/FreeThreeQuadratic.lean:145:28: `if_pos` has been deprecated: Use `ite_eq_left` instead

Hint: Replace the deprecated name:
  i̵f̵_̵p̵o̵s̵i̲t̲e̲_̲e̲q̲_̲l̲e̲f̲t̲
⚠ [5796/5917] Replayed UnitDistance.QuadraticRadicalPresentation
warning: UnitDistance/QuadraticRadicalPresentation.lean:32:8: automatically included section variable(s) unused in theorem `UnitDistance.QuadraticRadical.equiv_root`:
  [CharZero F]
consider restructuring your `variable` declarations so that the variables are not in scope or explicitly omit them:
  omit [CharZero F] in theorem ...

Note: This linter can be disabled with `set_option linter.unusedSectionVars false`
⚠ [5797/5917] Replayed UnitDistance.CyclicQuarticNorm
warning: UnitDistance/CyclicQuarticNorm.lean:20:0: automatically included section variable(s) unused in theorem `UnitDistance.CyclicQuartic.antiInvariant_quotient`:
  [CharZero F]
  [FiniteDimensional F L]
  [IsGalois F L]
consider restructuring your `variable` declarations so that the variables are not in scope or explicitly omit them:
  omit [CharZero F] [FiniteDimensional F L] [IsGalois F L] in theorem ...

Note: This linter can be disabled with `set_option linter.unusedSectionVars false`
warning: UnitDistance/CyclicQuarticNorm.lean:52:0: automatically included section variable(s) unused in theorem `UnitDistance.CyclicQuartic.mem_fixedField_zpowers`:
  [CharZero F]
  [FiniteDimensional F L]
  [IsGalois F L]
consider restructuring your `variable` declarations so that the variables are not in scope or explicitly omit them:
  omit [CharZero F] [FiniteDimensional F L] [IsGalois F L] in theorem ...

Note: This linter can be disabled with `set_option linter.unusedSectionVars false`
warning: UnitDistance/CyclicQuarticNorm.lean:62:0: automatically included section variable(s) unused in theorem `UnitDistance.CyclicQuartic.fixed_square_degree`:
  [CharZero F]
  [IsGalois F L]
consider restructuring your `variable` declarations so that the variables are not in scope or explicitly omit them:
  omit [CharZero F] [IsGalois F L] in theorem ...

Note: This linter can be disabled with `set_option linter.unusedSectionVars false`
warning: UnitDistance/CyclicQuarticNorm.lean:76:0: automatically included section variable(s) unused in theorem `UnitDistance.CyclicQuartic.norm_eq_mul_conjugate`:
  [CharZero F]
  [FiniteDimensional F L]
  [IsGalois F L]
consider restructuring your `variable` declarations so that the variables are not in scope or explicitly omit them:
  omit [CharZero F] [FiniteDimensional F L] [IsGalois F L] in theorem ...

Note: This linter can be disabled with `set_option linter.unusedSectionVars false`
warning: UnitDistance/CyclicQuarticNorm.lean:139:2: Try this: 
  haveI̵

The goal is a proposition, so `have` is preferred over `haveI`.
The difference between `have` and `haveI` is that `haveI` inlines the value.
But this is not relevant for proofs because of proof irrelevance.

Note: This linter can be disabled with `set_option linter.style.haveILetI false`
⚠ [5801/5917] Replayed UnitDistance.PadicTwoNoQuarticCharacter
warning: UnitDistance/PadicTwoNoQuarticCharacter.lean:58:2: Try this: 
  letI̵

The goal is a proposition, so `let` is preferred over `letI`.
The difference between `let` and `letI` is that `letI` inlines the value.
But this is not relevant for proofs because of proof irrelevance.

Note: This linter can be disabled with `set_option linter.style.haveILetI false`
warning: UnitDistance/PadicTwoNoQuarticCharacter.lean:61:2: Try this: 
  letI̵

The goal is a proposition, so `let` is preferred over `letI`.
The difference between `let` and `letI` is that `letI` inlines the value.
But this is not relevant for proofs because of proof irrelevance.

Note: This linter can be disabled with `set_option linter.style.haveILetI false`
warning: UnitDistance/PadicTwoNoQuarticCharacter.lean:69:2: Try this: 
  letI̵

The goal is a proposition, so `let` is preferred over `letI`.
The difference between `let` and `letI` is that `letI` inlines the value.
But this is not relevant for proofs because of proof irrelevance.

Note: This linter can be disabled with `set_option linter.style.haveILetI false`
⚠ [5802/5917] Replayed UnitDistance.PadicTwoQuadraticCharacters
warning: UnitDistance/PadicTwoQuadraticCharacters.lean:54:30: This simp argument is unused:
  he

Hint: Omit it from the simp argument list.
  [apply] simp [relativeCharacter, binarySign, binarySignInteger, h]

Note: This linter can be disabled with `set_option linter.unusedSimpArgs false`
warning: UnitDistance/PadicTwoQuadraticCharacters.lean:97:2: Try this: 
  letI̵

The goal is a proposition, so `let` is preferred over `letI`.
The difference between `let` and `letI` is that `letI` inlines the value.
But this is not relevant for proofs because of proof irrelevance.

Note: This linter can be disabled with `set_option linter.style.haveILetI false`
warning: UnitDistance/PadicTwoQuadraticCharacters.lean:101:61: This simp argument is unused:
  Fintype.card_fun

Hint: Omit it from the simp argument list.
  [apply] simp [Nat.card_eq_fintype_card, Fintype.card_multiplicative, ZMod.card]

Note: This linter can be disabled with `set_option linter.unusedSimpArgs false`
⚠ [5804/5917] Replayed UnitDistance.PadicTwoQuadraticModel
warning: UnitDistance/PadicTwoQuadraticModel.lean:80:52: This simp argument is unused:
  Nat.card_fun

Hint: Omit it from the simp argument list.
  [apply] simp [LocalQuadraticModel.V, LocalQuadraticModel.W, Nat.card_fin, Nat.card_zmod]

Note: This linter can be disabled with `set_option linter.unusedSimpArgs false`
warning: UnitDistance/PadicTwoQuadraticModel.lean:80:65: This simp argument is unused:
  Nat.card_fin

Hint: Omit it from the simp argument list.
  [apply] simp [LocalQuadraticModel.V, LocalQuadraticModel.W, Nat.card_fun, Nat.card_zmod]

Note: This linter can be disabled with `set_option linter.unusedSimpArgs false`
warning: UnitDistance/PadicTwoQuadraticModel.lean:80:78: This simp argument is unused:
  Nat.card_zmod

Hint: Omit it from the simp argument list.
  [apply] simp [LocalQuadraticModel.V, LocalQuadraticModel.W, Nat.card_fun, Nat.card_fin]

Note: This linter can be disabled with `set_option linter.unusedSimpArgs false`
⚠ [5805/5917] Replayed UnitDistance.PadicTwoQuadraticRelation
warning: UnitDistance/PadicTwoQuadraticRelation.lean:61:58: `if_pos` has been deprecated: Use `ite_eq_left` instead

Hint: Replace the deprecated name:
  i̵f̵_̵p̵o̵s̵i̲t̲e̲_̲e̲q̲_̲l̲e̲f̲t̲
⚠ [5808/5917] Replayed UnitDistance.ClassTwoTameWords
warning: UnitDistance/ClassTwoTameWords.lean:38:63: This simp argument is unused:
  neg_neg

Hint: Omit it from the simp argument list.
  [apply] simp only [GroupModel.inv_base, map_neg, LinearMap.neg_apply, sub_eq_add_neg, hn]

Note: This linter can be disabled with `set_option linter.unusedSimpArgs false`
⚠ [5809/5917] Replayed UnitDistance.TruncatedMagnusGroup
warning: UnitDistance/TruncatedMagnusGroup.lean:61:27: Used `tac1 <;> tac2` where `(tac1; tac2)` would suffice

Note: This linter can be disabled with `set_option linter.unnecessarySeqFocus false`
warning: UnitDistance/TruncatedMagnusGroup.lean:130:2: exponent 399 exceeds the threshold 256, exponentiation operation was not evaluated, use `set_option exponentiation.threshold <num>` to set a new threshold
⚠ [5810/5917] Replayed UnitDistance.TruncatedMagnusQuotient
warning: UnitDistance/TruncatedMagnusQuotient.lean:15:5: Ambiguous namespace `Group`: it is interpreted as `_root_.UnitDistance.TruncatedMagnus.Group` because this `open` occurs inside `namespace UnitDistance.TruncatedMagnus`, while `_root_.Group` is silently not opened. Specify the namespace unambiguously, e.g. `_root_.UnitDistance.TruncatedMagnus.Group`. The warning can sometimes also be addressed by moving the `open` outside of the surrounding `namespace`.

Note: This linter can be disabled with `set_option linter.ambiguousOpen false`
⚠ [5811/5917] Replayed UnitDistance.TruncatedMagnusCertificates
warning: UnitDistance/TruncatedMagnusCertificates.lean:65:28: This simp argument is unused:
  Pi.smul_apply

Hint: Omit it from the simp argument list.
  [apply] simp only [Pi.add_apply, smul_eq_mul, RingHom.id_apply]

Note: This linter can be disabled with `set_option linter.unusedSimpArgs false`
warning: UnitDistance/TruncatedMagnusCertificates.lean:65:42: This simp argument is unused:
  smul_eq_mul

Hint: Omit it from the simp argument list.
  [apply] simp only [Pi.add_apply, Pi.smul_apply, RingHom.id_apply]

Note: This linter can be disabled with `set_option linter.unusedSimpArgs false`
warning: UnitDistance/TruncatedMagnusCertificates.lean:65:54: This simp argument is unused:
  RingHom.id_apply

Hint: Omit it from the simp argument list.
  [apply] simp only [Pi.add_apply, Pi.smul_apply, smul_eq_mul]

Note: This linter can be disabled with `set_option linter.unusedSimpArgs false`
warning: UnitDistance/TruncatedMagnusCertificates.lean:68:60: This simp argument is unused:
  Pi.add_apply

Hint: Omit it from the simp argument list.
  [apply] simp only [List.map_cons, List.sum_cons, ih]

Note: This linter can be disabled with `set_option linter.unusedSimpArgs false`
warning: UnitDistance/TruncatedMagnusCertificates.lean:71:15: This simp argument is unused:
  Pi.add_apply

Hint: Omit it from the simp argument list.
  [apply] simp only [Pi.smul_apply, smul_eq_mul, RingHom.id_apply]

Note: This linter can be disabled with `set_option linter.unusedSimpArgs false`
warning: UnitDistance/TruncatedMagnusCertificates.lean:74:60: This simp argument is unused:
  Pi.smul_apply

Hint: Omit it from the simp argument list.
  [apply] simp only [List.map_cons, List.sum_cons, smul_eq_mul, ih, RingHom.id_apply, mul_add]

Note: This linter can be disabled with `set_option linter.unusedSimpArgs false`
warning: UnitDistance/TruncatedMagnusCertificates.lean:74:74: This simp argument is unused:
  smul_eq_mul

Hint: Omit it from the simp argument list.
  [apply] simp only [List.map_cons, List.sum_cons, Pi.smul_apply, ih, RingHom.id_apply, mul_add]

Note: This linter can be disabled with `set_option linter.unusedSimpArgs false`
warning: UnitDistance/TruncatedMagnusCertificates.lean:75:8: This simp argument is unused:
  RingHom.id_apply

Hint: Omit it from the simp argument list.
  [apply] simp only [List.map_cons, List.sum_cons, Pi.smul_apply, smul_eq_mul, ih, mul_add]

Note: This linter can be disabled with `set_option linter.unusedSimpArgs false`
warning: UnitDistance/TruncatedMagnusCertificates.lean:82:28: This simp argument is unused:
  Pi.smul_apply

Hint: Omit it from the simp argument list.
  [apply] simp only [Pi.add_apply, smul_eq_mul, RingHom.id_apply]

Note: This linter can be disabled with `set_option linter.unusedSimpArgs false`
warning: UnitDistance/TruncatedMagnusCertificates.lean:82:42: This simp argument is unused:
  smul_eq_mul

Hint: Omit it from the simp argument list.
  [apply] simp only [Pi.add_apply, Pi.smul_apply, RingHom.id_apply]

Note: This linter can be disabled with `set_option linter.unusedSimpArgs false`
warning: UnitDistance/TruncatedMagnusCertificates.lean:82:54: This simp argument is unused:
  RingHom.id_apply

Hint: Omit it from the simp argument list.
  [apply] simp only [Pi.add_apply, Pi.smul_apply, smul_eq_mul]

Note: This linter can be disabled with `set_option linter.unusedSimpArgs false`
warning: UnitDistance/TruncatedMagnusCertificates.lean:85:60: This simp argument is unused:
  Pi.add_apply

Hint: Omit it from the simp argument list.
  [apply] simp only [List.map_cons, List.sum_cons, ih]

Note: This linter can be disabled with `set_option linter.unusedSimpArgs false`
warning: UnitDistance/TruncatedMagnusCertificates.lean:88:15: This simp argument is unused:
  Pi.add_apply

Hint: Omit it from the simp argument list.
  [apply] simp only [Pi.smul_apply, smul_eq_mul, RingHom.id_apply]

Note: This linter can be disabled with `set_option linter.unusedSimpArgs false`
warning: UnitDistance/TruncatedMagnusCertificates.lean:91:60: This simp argument is unused:
  Pi.smul_apply

Hint: Omit it from the simp argument list.
  [apply] simp only [List.map_cons, List.sum_cons, smul_eq_mul, ih, RingHom.id_apply, mul_add]

Note: This linter can be disabled with `set_option linter.unusedSimpArgs false`
warning: UnitDistance/TruncatedMagnusCertificates.lean:91:74: This simp argument is unused:
  smul_eq_mul

Hint: Omit it from the simp argument list.
  [apply] simp only [List.map_cons, List.sum_cons, Pi.smul_apply, ih, RingHom.id_apply, mul_add]

Note: This linter can be disabled with `set_option linter.unusedSimpArgs false`
warning: UnitDistance/TruncatedMagnusCertificates.lean:92:8: This simp argument is unused:
  RingHom.id_apply

Hint: Omit it from the simp argument list.
  [apply] simp only [List.map_cons, List.sum_cons, Pi.smul_apply, smul_eq_mul, ih, mul_add]

Note: This linter can be disabled with `set_option linter.unusedSimpArgs false`
⚠ [5813/5917] Replayed UnitDistance.TruncatedMagnusConjugacy
warning: UnitDistance/TruncatedMagnusConjugacy.lean:16:5: Ambiguous namespace `Group`: it is interpreted as `_root_.UnitDistance.TruncatedMagnus.Group` because this `open` occurs inside `namespace UnitDistance.TruncatedMagnus`, while `_root_.Group` is silently not opened. Specify the namespace unambiguously, e.g. `_root_.UnitDistance.TruncatedMagnus.Group`. The warning can sometimes also be addressed by moving the `open` outside of the surrounding `namespace`.

Note: This linter can be disabled with `set_option linter.ambiguousOpen false`
warning: UnitDistance/TruncatedMagnusConjugacy.lean:30:28: Used `tac1 <;> tac2` where `(tac1; tac2)` would suffice

Note: This linter can be disabled with `set_option linter.unnecessarySeqFocus false`
warning: UnitDistance/TruncatedMagnusConjugacy.lean:127:31: This simp argument is unused:
  quadraticBracket

Hint: Omit it from the simp argument list.
  [apply] simp [conjugator, generator]

Note: This linter can be disabled with `set_option linter.unusedSimpArgs false`
⚠ [5815/5917] Replayed UnitDistance.TruncatedMagnusWords
warning: UnitDistance/TruncatedMagnusWords.lean:14:5: Ambiguous namespace `Group`: it is interpreted as `_root_.UnitDistance.TruncatedMagnus.Group` because this `open` occurs inside `namespace UnitDistance.TruncatedMagnus.Certificate`, while `_root_.Group` is silently not opened. Specify the namespace unambiguously, e.g. `_root_.UnitDistance.TruncatedMagnus.Group`. The warning can sometimes also be addressed by moving the `open` outside of the surrounding `namespace`.

Note: This linter can be disabled with `set_option linter.ambiguousOpen false`
warning: UnitDistance/TruncatedMagnusWords.lean:21:24: This simp argument is unused:
  h1

Hint: Omit it from the simp argument list.
  [apply] simp [pow_two]

Note: This linter can be disabled with `set_option linter.unusedSimpArgs false`
⚠ [5816/5917] Replayed UnitDistance.TruncatedMagnusAugmentation
warning: UnitDistance/TruncatedMagnusAugmentation.lean:16:5: Ambiguous namespace `Group`: it is interpreted as `_root_.UnitDistance.TruncatedMagnus.Group` because this `open` occurs inside `namespace UnitDistance.TruncatedMagnus`, while `_root_.Group` is silently not opened. Specify the namespace unambiguously, e.g. `_root_.UnitDistance.TruncatedMagnus.Group`. The warning can sometimes also be addressed by moving the `open` outside of the surrounding `namespace`.

Note: This linter can be disabled with `set_option linter.ambiguousOpen false`
⚠ [5818/5917] Replayed UnitDistance.TruncatedMagnusPresentationWords
warning: UnitDistance/TruncatedMagnusPresentationWords.lean:15:5: Ambiguous namespace `Group`: it is interpreted as `_root_.UnitDistance.TruncatedMagnus.Group` because this `open` occurs inside `namespace UnitDistance.TruncatedMagnus.Certificate`, while `_root_.Group` is silently not opened. Specify the namespace unambiguously, e.g. `_root_.UnitDistance.TruncatedMagnus.Group`. The warning can sometimes also be addressed by moving the `open` outside of the surrounding `namespace`.

Note: This linter can be disabled with `set_option linter.ambiguousOpen false`
⚠ [5819/5917] Replayed UnitDistance.RetainedQuadraticCutWords
warning: UnitDistance/RetainedQuadraticCutWords.lean:75:65: This simp argument is unused:
  neg_neg

Hint: Omit it from the simp argument list.
  [apply] simp only [GroupModel.inv_base, map_neg, LinearMap.neg_apply, sub_eq_add_neg, hneg]

Note: This linter can be disabled with `set_option linter.unusedSimpArgs false`
warning: UnitDistance/RetainedQuadraticCutWords.lean:172:0: automatically included section variable(s) unused in theorem `UnitDistance.RetainedQuadratic.Cut.literal_closedNormalClosure_le_ker`:
  [IsTopologicalGroup Q]
consider restructuring your `variable` declarations so that the variables are not in scope or explicitly omit them:
  omit [IsTopologicalGroup Q] in theorem ...

Note: This linter can be disabled with `set_option linter.unusedSectionVars false`
⚠ [5820/5917] Replayed UnitDistance.TruncatedMagnusConjugacyFlexible
warning: UnitDistance/TruncatedMagnusConjugacyFlexible.lean:14:5: Ambiguous namespace `Group`: it is interpreted as `_root_.UnitDistance.TruncatedMagnus.Group` because this `open` occurs inside `namespace UnitDistance.TruncatedMagnus.Certificate`, while `_root_.Group` is silently not opened. Specify the namespace unambiguously, e.g. `_root_.UnitDistance.TruncatedMagnus.Group`. The warning can sometimes also be addressed by moving the `open` outside of the surrounding `namespace`.

Note: This linter can be disabled with `set_option linter.ambiguousOpen false`
⚠ [5821/5917] Replayed UnitDistance.RetainedMagnusGenus
warning: UnitDistance/RetainedMagnusGenus.lean:34:2: Try this: 
  letI̵

The goal is a proposition, so `let` is preferred over `letI`.
The difference between `let` and `letI` is that `letI` inlines the value.
But this is not relevant for proofs because of proof irrelevance.

Note: This linter can be disabled with `set_option linter.style.haveILetI false`
warning: UnitDistance/RetainedMagnusGenus.lean:35:2: Try this: 
  letI̵

The goal is a proposition, so `let` is preferred over `letI`.
The difference between `let` and `letI` is that `letI` inlines the value.
But this is not relevant for proofs because of proof irrelevance.

Note: This linter can be disabled with `set_option linter.style.haveILetI false`
⚠ [5825/5917] Replayed UnitDistance.DyadicLiteralPresentation
warning: UnitDistance/DyadicLiteralPresentation.lean:38:49: Used `tac1 <;> tac2` where `(tac1; tac2)` would suffice

Note: This linter can be disabled with `set_option linter.unnecessarySeqFocus false`
warning: UnitDistance/DyadicLiteralPresentation.lean:39:50: Used `tac1 <;> tac2` where `(tac1; tac2)` would suffice

Note: This linter can be disabled with `set_option linter.unnecessarySeqFocus false`
⚠ [5826/5917] Replayed UnitDistance.DyadicClosedPresentation
warning: UnitDistance/DyadicClosedPresentation.lean:49:2: Try this: 
  letI̵

The goal is a proposition, so `let` is preferred over `letI`.
The difference between `let` and `letI` is that `letI` inlines the value.
But this is not relevant for proofs because of proof irrelevance.

Note: This linter can be disabled with `set_option linter.style.haveILetI false`
warning: UnitDistance/DyadicClosedPresentation.lean:50:2: Try this: 
  letI̵

The goal is a proposition, so `let` is preferred over `letI`.
The difference between `let` and `letI` is that `letI` inlines the value.
But this is not relevant for proofs because of proof irrelevance.

Note: This linter can be disabled with `set_option linter.style.haveILetI false`
warning: UnitDistance/DyadicClosedPresentation.lean:72:2: Try this: 
  letI̵

The goal is a proposition, so `let` is preferred over `letI`.
The difference between `let` and `letI` is that `letI` inlines the value.
But this is not relevant for proofs because of proof irrelevance.

Note: This linter can be disabled with `set_option linter.style.haveILetI false`
warning: UnitDistance/DyadicClosedPresentation.lean:44:0: automatically included section variable(s) unused in theorem `UnitDistance.Dyadic.Presentation.closedNormalClosure_literalRelations`:
  [T2Space G]
consider restructuring your `variable` declarations so that the variables are not in scope or explicitly omit them:
  omit [T2Space G] in theorem ...

Note: This linter can be disabled with `set_option linter.unusedSectionVars false`
⚠ [5829/5917] Replayed UnitDistance.ClassTwoCentralCharacters
warning: UnitDistance/ClassTwoCentralCharacters.lean:64:8: automatically included section variable(s) unused in theorem `UnitDistance.ClassTwo.centralCharacter_apply`:
  [IsTopologicalGroup G]
consider restructuring your `variable` declarations so that the variables are not in scope or explicitly omit them:
  omit [IsTopologicalGroup G] in theorem ...

Note: This linter can be disabled with `set_option linter.unusedSectionVars false`
warning: UnitDistance/ClassTwoCentralCharacters.lean:71:0: automatically included section variable(s) unused in theorem `UnitDistance.ClassTwo.centralCharacter_conjNormal`:
  [IsTopologicalGroup G]
consider restructuring your `variable` declarations so that the variables are not in scope or explicitly omit them:
  omit [IsTopologicalGroup G] in theorem ...

Note: This linter can be disabled with `set_option linter.unusedSectionVars false`
⚠ [5831/5917] Replayed UnitDistance.Upstream.Yamaguchi.ProCGroups.Cohomology.RelativeNakayama
warning: UnitDistance/Upstream/Yamaguchi/ProCGroups/Cohomology/RelativeNakayama.lean:53:26: `SetLike.exists_of_lt` has been deprecated: Use `IsConcreteLE.exists_of_lt` instead

Note: The updated constant is in a different namespace. Dot notation may need to be changed (e.g., from `x.exists_of_lt` to `IsConcreteLE.exists_of_lt x`).

Hint: Replace the deprecated name:
  S̵e̵t̵L̵i̵k̵e̵.̵e̵x̵i̵s̵t̵s̵_̵o̵f̵_̵l̵t̵I̲s̲C̲o̲n̲c̲r̲e̲t̲e̲L̲E̲.̲e̲x̲i̲s̲t̲s̲_̲o̲f̲_̲l̲t̲
⚠ [5832/5917] Replayed UnitDistance.RelativeRelatorReplacement
warning: UnitDistance/RelativeRelatorReplacement.lean:29:2: Try this: 
  letI̵

The goal is a proposition, so `let` is preferred over `letI`.
The difference between `let` and `letI` is that `letI` inlines the value.
But this is not relevant for proofs because of proof irrelevance.

Note: This linter can be disabled with `set_option linter.style.haveILetI false`
warning: UnitDistance/RelativeRelatorReplacement.lean:22:0: automatically included section variable(s) unused in theorem `UnitDistance.RelativeRelatorReplacement.invariant_character_ext`:
  [CompactSpace F]
  [T2Space F]
  [TotallyDisconnectedSpace F]
consider restructuring your `variable` declarations so that the variables are not in scope or explicitly omit them:
  omit [CompactSpace F] [T2Space F] [TotallyDisconnectedSpace F] in theorem ...

Note: This linter can be disabled with `set_option linter.unusedSectionVars false`
warning: UnitDistance/RelativeRelatorReplacement.lean:69:2: Try this: 
  letI̵

The goal is a proposition, so `let` is preferred over `letI`.
The difference between `let` and `letI` is that `letI` inlines the value.
But this is not relevant for proofs because of proof irrelevance.

Note: This linter can be disabled with `set_option linter.style.haveILetI false`
⚠ [5833/5917] Replayed UnitDistance.DyadicArithmeticPresentation
warning: UnitDistance/DyadicArithmeticPresentation.lean:42:60: This simp argument is unused:
  Matrix.cons_val_succ

Hint: Omit it from the simp argument list.
  [apply] simp only [z, map_mul, model_generator, Matrix.cons_val_zero, Matrix.cons_val_fin_one]

Note: This linter can be disabled with `set_option linter.unusedSimpArgs false`
warning: UnitDistance/DyadicArithmeticPresentation.lean:43:4: This simp argument is unused:
  Matrix.cons_val_fin_one

Hint: Omit it from the simp argument list.
  [apply] simp only [z, map_mul, model_generator, Matrix.cons_val_zero, Matrix.cons_val_succ]

Note: This linter can be disabled with `set_option linter.unusedSimpArgs false`
warning: UnitDistance/DyadicArithmeticPresentation.lean:163:36: `if_pos` has been deprecated: Use `ite_eq_left` instead

Hint: Replace the deprecated name:
  i̵f̵_̵p̵o̵s̵i̲t̲e̲_̲e̲q̲_̲l̲e̲f̲t̲
warning: UnitDistance/DyadicArithmeticPresentation.lean:169:40: `if_neg` has been deprecated: Use `ite_eq_right` instead

Hint: Replace the deprecated name:
  i̵f̵_̵n̵e̵g̵i̲t̲e̲_̲e̲q̲_̲r̲i̲g̲h̲t̲
⚠ [5838/5917] Replayed UnitDistance.GroupAugmentationNilpotence
warning: UnitDistance/GroupAugmentationNilpotence.lean:33:2: Try this: 
  letI̵

The goal is a proposition, so `let` is preferred over `letI`.
The difference between `let` and `letI` is that `letI` inlines the value.
But this is not relevant for proofs because of proof irrelevance.

Note: This linter can be disabled with `set_option linter.style.haveILetI false`
warning: UnitDistance/GroupAugmentationNilpotence.lean:39:2: Try this: 
  haveI̵

The goal is a proposition, so `have` is preferred over `haveI`.
The difference between `have` and `haveI` is that `haveI` inlines the value.
But this is not relevant for proofs because of proof irrelevance.

Note: This linter can be disabled with `set_option linter.style.haveILetI false`
warning: UnitDistance/GroupAugmentationNilpotence.lean:144:2: Try this: 
  letI̵

The goal is a proposition, so `let` is preferred over `letI`.
The difference between `let` and `letI` is that `letI` inlines the value.
But this is not relevant for proofs because of proof irrelevance.

Note: This linter can be disabled with `set_option linter.style.haveILetI false`
warning: UnitDistance/GroupAugmentationNilpotence.lean:146:2: Try this: 
  letI̵

The goal is a proposition, so `let` is preferred over `letI`.
The difference between `let` and `letI` is that `letI` inlines the value.
But this is not relevant for proofs because of proof irrelevance.

Note: This linter can be disabled with `set_option linter.style.haveILetI false`
warning: UnitDistance/GroupAugmentationNilpotence.lean:167:2: Try this: 
  letI̵

The goal is a proposition, so `let` is preferred over `letI`.
The difference between `let` and `letI` is that `letI` inlines the value.
But this is not relevant for proofs because of proof irrelevance.

Note: This linter can be disabled with `set_option linter.style.haveILetI false`
warning: UnitDistance/GroupAugmentationNilpotence.lean:194:2: Try this: 
  letI̵

The goal is a proposition, so `let` is preferred over `letI`.
The difference between `let` and `letI` is that `letI` inlines the value.
But this is not relevant for proofs because of proof irrelevance.

Note: This linter can be disabled with `set_option linter.style.haveILetI false`
⚠ [5842/5917] Replayed UnitDistance.ExtraPrimeRadicals
warning: UnitDistance/ExtraPrimeRadicals.lean:72:2: Try this: 
  letI̵

The goal is a proposition, so `let` is preferred over `letI`.
The difference between `let` and `letI` is that `letI` inlines the value.
But this is not relevant for proofs because of proof irrelevance.

Note: This linter can be disabled with `set_option linter.style.haveILetI false`
⚠ [5849/5917] Replayed UnitDistance.Upstream.Yamaguchi.SawinTotallyRealTowers.UnramifiedProPRelationRank.RelationRank.AbsoluteUnramifiedGaloisSequence
warning: UnitDistance/Upstream/Yamaguchi/SawinTotallyRealTowers/UnramifiedProPRelationRank/RelationRank/AbsoluteUnramifiedGaloisSequence.lean:58:45: Private declaration `M` accessed publicly; this is allowed only because the `backward.privateInPublic` option is enabled. 

Disable `backward.privateInPublic.warn` to silence this warning.
warning: UnitDistance/Upstream/Yamaguchi/SawinTotallyRealTowers/UnramifiedProPRelationRank/RelationRank/AbsoluteUnramifiedGaloisSequence.lean:59:67: Private declaration `M` accessed publicly; this is allowed only because the `backward.privateInPublic` option is enabled. 

Disable `backward.privateInPublic.warn` to silence this warning.
warning: UnitDistance/Upstream/Yamaguchi/SawinTotallyRealTowers/UnramifiedProPRelationRank/RelationRank/AbsoluteUnramifiedGaloisSequence.lean:70:17: Private declaration `M` accessed publicly; this is allowed only because the `backward.privateInPublic` option is enabled. 

Disable `backward.privateInPublic.warn` to silence this warning.
warning: UnitDistance/Upstream/Yamaguchi/SawinTotallyRealTowers/UnramifiedProPRelationRank/RelationRank/AbsoluteUnramifiedGaloisSequence.lean:71:55: Private declaration `M` accessed publicly; this is allowed only because the `backward.privateInPublic` option is enabled. 

Disable `backward.privateInPublic.warn` to silence this warning.
⚠ [5851/5917] Replayed UnitDistance.Upstream.Yamaguchi.ClassFieldTheory.AlgebraicNumberTheory.Ramification.Splitting.FinitePlace
warning: UnitDistance/Upstream/Yamaguchi/ClassFieldTheory/AlgebraicNumberTheory/Ramification/Splitting/FinitePlace.lean:71:0: automatically included section variable(s) unused in theorem `mem_finitePlaceDecompositionGroup_iff`:
  [FiniteDimensional K L]
consider restructuring your `variable` declarations so that the variables are not in scope or explicitly omit them:
  omit [FiniteDimensional K L] in theorem ...

Note: This linter can be disabled with `set_option linter.unusedSectionVars false`
warning: UnitDistance/Upstream/Yamaguchi/ClassFieldTheory/AlgebraicNumberTheory/Ramification/Splitting/FinitePlace.lean:153:0: automatically included section variable(s) unused in theorem `finitePlaceSplitsCompletely_iff_card_eq_one`:
  [FiniteDimensional K L]
consider restructuring your `variable` declarations so that the variables are not in scope or explicitly omit them:
  omit [FiniteDimensional K L] in theorem ...

Note: This linter can be disabled with `set_option linter.unusedSectionVars false`
warning: UnitDistance/Upstream/Yamaguchi/ClassFieldTheory/AlgebraicNumberTheory/Ramification/Splitting/FinitePlace.lean:309:0: automatically included section variable(s) unused in theorem `finitePlaceDecompositionGroupInQuotient_eq_bot_iff`:
  [FiniteDimensional K L]
consider restructuring your `variable` declarations so that the variables are not in scope or explicitly omit them:
  omit [FiniteDimensional K L] in theorem ...

Note: This linter can be disabled with `set_option linter.unusedSectionVars false`
⚠ [5853/5917] Replayed UnitDistance.Upstream.Yamaguchi.ClassFieldTheory.AlgebraicNumberTheory.Ramification.Splitting.FinitePlaceIdeal
warning: UnitDistance/Upstream/Yamaguchi/ClassFieldTheory/AlgebraicNumberTheory/Ramification/Splitting/FinitePlaceIdeal.lean:100:0: automatically included section variable(s) unused in theorem `finitePlaceSplitsCompletely_iff_centre_stabilizer_eq_bot`:
  [FiniteDimensional K L]
consider restructuring your `variable` declarations so that the variables are not in scope or explicitly omit them:
  omit [FiniteDimensional K L] in theorem ...

Note: This linter can be disabled with `set_option linter.unusedSectionVars false`
⚠ [5857/5917] Replayed UnitDistance.ExtraPrimeGenusWitness
warning: UnitDistance/ExtraPrimeGenusWitness.lean:71:2: Try this: 
  letI̵

The goal is a proposition, so `let` is preferred over `letI`.
The difference between `let` and `letI` is that `letI` inlines the value.
But this is not relevant for proofs because of proof irrelevance.

Note: This linter can be disabled with `set_option linter.style.haveILetI false`
warning: UnitDistance/ExtraPrimeGenusWitness.lean:75:2: Try this: 
  letI̵

The goal is a proposition, so `let` is preferred over `letI`.
The difference between `let` and `letI` is that `letI` inlines the value.
But this is not relevant for proofs because of proof irrelevance.

Note: This linter can be disabled with `set_option linter.style.haveILetI false`
warning: UnitDistance/ExtraPrimeGenusWitness.lean:79:2: Try this: 
  letI̵

The goal is a proposition, so `let` is preferred over `letI`.
The difference between `let` and `letI` is that `letI` inlines the value.
But this is not relevant for proofs because of proof irrelevance.

Note: This linter can be disabled with `set_option linter.style.haveILetI false`
warning: UnitDistance/ExtraPrimeGenusWitness.lean:80:2: Try this: 
  letI̵

The goal is a proposition, so `let` is preferred over `letI`.
The difference between `let` and `letI` is that `letI` inlines the value.
But this is not relevant for proofs because of proof irrelevance.

Note: This linter can be disabled with `set_option linter.style.haveILetI false`
warning: UnitDistance/ExtraPrimeGenusWitness.lean:81:2: Try this: 
  letI̵

The goal is a proposition, so `let` is preferred over `letI`.
The difference between `let` and `letI` is that `letI` inlines the value.
But this is not relevant for proofs because of proof irrelevance.

Note: This linter can be disabled with `set_option linter.style.haveILetI false`
⚠ [5861/5917] Replayed UnitDistance.GroupAugmentationLayerRanks
warning: UnitDistance/GroupAugmentationLayerRanks.lean:62:2: Try this: 
  letI̵

The goal is a proposition, so `let` is preferred over `letI`.
The difference between `let` and `letI` is that `letI` inlines the value.
But this is not relevant for proofs because of proof irrelevance.

Note: This linter can be disabled with `set_option linter.style.haveILetI false`
warning: UnitDistance/GroupAugmentationLayerRanks.lean:108:2: Try this: 
  letI̵

The goal is a proposition, so `let` is preferred over `letI`.
The difference between `let` and `letI` is that `letI` inlines the value.
But this is not relevant for proofs because of proof irrelevance.

Note: This linter can be disabled with `set_option linter.style.haveILetI false`
⚠ [5865/5917] Replayed UnitDistance.JenningsGenerators
warning: UnitDistance/JenningsGenerators.lean:62:2: Try this: 
  letI̵

The goal is a proposition, so `let` is preferred over `letI`.
The difference between `let` and `letI` is that `letI` inlines the value.
But this is not relevant for proofs because of proof irrelevance.

Note: This linter can be disabled with `set_option linter.style.haveILetI false`
warning: UnitDistance/JenningsGenerators.lean:90:4: Try this: 
  letI̵

The goal is a proposition, so `let` is preferred over `letI`.
The difference between `let` and `letI` is that `letI` inlines the value.
But this is not relevant for proofs because of proof irrelevance.

Note: This linter can be disabled with `set_option linter.style.haveILetI false`
⚠ [5866/5917] Replayed UnitDistance.JenningsAugmentationBasis
warning: UnitDistance/JenningsAugmentationBasis.lean:55:2: Try this: 
  letI̵

The goal is a proposition, so `let` is preferred over `letI`.
The difference between `let` and `letI` is that `letI` inlines the value.
But this is not relevant for proofs because of proof irrelevance.

Note: This linter can be disabled with `set_option linter.style.haveILetI false`
⚠ [5867/5917] Replayed UnitDistance.JenningsWeights
warning: UnitDistance/JenningsWeights.lean:45:21: `dif_neg` has been deprecated: Use `dite_eq_right` instead

Hint: Replace the deprecated name:
  d̵i̵f̵_̵n̵e̵g̵d̲i̲t̲e̲_̲e̲q̲_̲r̲i̲g̲h̲t̲
warning: UnitDistance/JenningsWeights.lean:63:19: `dif_neg` has been deprecated: Use `dite_eq_right` instead

Hint: Replace the deprecated name:
  d̵i̵f̵_̵n̵e̵g̵d̲i̲t̲e̲_̲e̲q̲_̲r̲i̲g̲h̲t̲
⚠ [5869/5917] Replayed UnitDistance.JenningsHomogeneousRelations
warning: UnitDistance/JenningsHomogeneousRelations.lean:112:2: Try this: 
  letI̵

The goal is a proposition, so `let` is preferred over `letI`.
The difference between `let` and `letI` is that `letI` inlines the value.
But this is not relevant for proofs because of proof irrelevance.

Note: This linter can be disabled with `set_option linter.style.haveILetI false`
warning: UnitDistance/JenningsHomogeneousRelations.lean:155:4: Try this: 
  letI̵

The goal is a proposition, so `let` is preferred over `letI`.
The difference between `let` and `letI` is that `letI` inlines the value.
But this is not relevant for proofs because of proof irrelevance.

Note: This linter can be disabled with `set_option linter.style.haveILetI false`
warning: UnitDistance/JenningsHomogeneousRelations.lean:169:4: Try this: 
  letI̵

The goal is a proposition, so `let` is preferred over `letI`.
The difference between `let` and `letI` is that `letI` inlines the value.
But this is not relevant for proofs because of proof irrelevance.

Note: This linter can be disabled with `set_option linter.style.haveILetI false`
⚠ [5870/5917] Replayed UnitDistance.JenningsOrderedSpans
warning: UnitDistance/JenningsOrderedSpans.lean:89:38: `Set.mem_setOf_eq` has been deprecated: Use `Set.mem_ofPred_eq` instead

Hint: Replace the deprecated name:
  S̵e̵t̵.̵m̵e̵m̵_̵s̵e̵t̵O̵f̵_̵e̵q̵S̲e̲t̲.̲m̲e̲m̲_̲o̲f̲P̲r̲e̲d̲_̲e̲q̲
⚠ [5873/5917] Replayed UnitDistance.JenningsBasisChange
warning: UnitDistance/JenningsBasisChange.lean:124:4: Try this: 
  letI̵

The goal is a proposition, so `let` is preferred over `letI`.
The difference between `let` and `letI` is that `letI` inlines the value.
But this is not relevant for proofs because of proof irrelevance.

Note: This linter can be disabled with `set_option linter.style.haveILetI false`
warning: UnitDistance/JenningsBasisChange.lean:135:4: Try this: 
  letI̵

The goal is a proposition, so `let` is preferred over `letI`.
The difference between `let` and `letI` is that `letI` inlines the value.
But this is not relevant for proofs because of proof irrelevance.

Note: This linter can be disabled with `set_option linter.style.haveILetI false`
warning: UnitDistance/JenningsBasisChange.lean:131:23: Used `tac1 <;> tac2` where `(tac1; tac2)` would suffice

Note: This linter can be disabled with `set_option linter.unnecessarySeqFocus false`
warning: UnitDistance/JenningsBasisChange.lean:131:41: Used `tac1 <;> tac2` where `(tac1; tac2)` would suffice

Note: This linter can be disabled with `set_option linter.unnecessarySeqFocus false`
warning: UnitDistance/JenningsBasisChange.lean:142:23: Used `tac1 <;> tac2` where `(tac1; tac2)` would suffice

Note: This linter can be disabled with `set_option linter.unnecessarySeqFocus false`
warning: UnitDistance/JenningsBasisChange.lean:142:39: Used `tac1 <;> tac2` where `(tac1; tac2)` would suffice

Note: This linter can be disabled with `set_option linter.unnecessarySeqFocus false`
warning: UnitDistance/JenningsBasisChange.lean:147:0: automatically included section variable(s) unused in theorem `UnitDistance.GroupAugmentation.power_le_approximateWordSpan_of_spansActualLayers`:
  [LinearOrder ι]
  [Fintype ι]
consider restructuring your `variable` declarations so that the variables are not in scope or explicitly omit them:
  omit [LinearOrder ι] [Fintype ι] in theorem ...

Note: This linter can be disabled with `set_option linter.unusedSectionVars false`
⚠ [5874/5917] Replayed UnitDistance.JenningsOrderedBasis
warning: UnitDistance/JenningsOrderedBasis.lean:66:34: `Set.mem_setOf_eq` has been deprecated: Use `Set.mem_ofPred_eq` instead

Hint: Replace the deprecated name:
  S̵e̵t̵.̵m̵e̵m̵_̵s̵e̵t̵O̵f̵_̵e̵q̵S̲e̲t̲.̲m̲e̲m̲_̲o̲f̲P̲r̲e̲d̲_̲e̲q̲
⚠ [5876/5917] Replayed UnitDistance.GroupAugmentationDyadicRanks
warning: UnitDistance/GroupAugmentationDyadicRanks.lean:20:5: Ambiguous namespace `Dyadic`: it is interpreted as `_root_.UnitDistance.Dyadic` because this `open` occurs inside `namespace UnitDistance.GroupAugmentation`, while `_root_.Dyadic` is silently not opened. Specify the namespace unambiguously, e.g. `_root_.UnitDistance.Dyadic`. The warning can sometimes also be addressed by moving the `open` outside of the surrounding `namespace`.

Note: This linter can be disabled with `set_option linter.ambiguousOpen false`
⚠ [5877/5917] Replayed UnitDistance.JenningsAdaptedLayers
warning: UnitDistance/JenningsAdaptedLayers.lean:48:30: This simp argument is unused:
  Equiv.trans_apply

Hint: Omit it from the simp argument list.
  [apply] simp only [Equiv.symm_symm, Equiv.sumCongr_apply, Equiv.Set.sumDiffSubset_apply_inl, Equiv.ofInjective_apply,
    Set.inclusion_mk]

Note: This linter can be disabled with `set_option linter.unusedSimpArgs false`
warning: UnitDistance/JenningsAdaptedLayers.lean:48:49: This simp argument is unused:
  Equiv.sumCongr_apply

Hint: Omit it from the simp argument list.
  [apply] simp only [Equiv.symm_symm, Equiv.trans_apply, Equiv.Set.sumDiffSubset_apply_inl, Equiv.ofInjective_apply,
    Set.inclusion_mk]

Note: This linter can be disabled with `set_option linter.unusedSimpArgs false`
warning: UnitDistance/JenningsAdaptedLayers.lean:49:4: This simp argument is unused:
  Equiv.Set.sumDiffSubset_apply_inl

Hint: Omit it from the simp argument list.
  [apply] simp only [Equiv.symm_symm, Equiv.trans_apply, Equiv.sumCongr_apply, Equiv.ofInjective_apply,
    Set.inclusion_mk]

Note: This linter can be disabled with `set_option linter.unusedSimpArgs false`
warning: UnitDistance/JenningsAdaptedLayers.lean:49:39: This simp argument is unused:
  Equiv.ofInjective_apply

Hint: Omit it from the simp argument list.
  [apply] simp only [Equiv.symm_symm, Equiv.trans_apply, Equiv.sumCongr_apply, Equiv.Set.sumDiffSubset_apply_inl,
    Set.inclusion_mk]

Note: This linter can be disabled with `set_option linter.unusedSimpArgs false`
warning: UnitDistance/JenningsAdaptedLayers.lean:50:4: This simp argument is unused:
  Set.inclusion_mk

Hint: Omit it from the simp argument list.
  [apply] simp only [Equiv.symm_symm, Equiv.trans_apply, Equiv.sumCongr_apply, Equiv.Set.sumDiffSubset_apply_inl,
    Equiv.ofInjective_apply]

Note: This linter can be disabled with `set_option linter.unusedSimpArgs false`
warning: UnitDistance/JenningsAdaptedLayers.lean:102:2: Try this: 
  letI̵

The goal is a proposition, so `let` is preferred over `letI`.
The difference between `let` and `letI` is that `letI` inlines the value.
But this is not relevant for proofs because of proof irrelevance.

Note: This linter can be disabled with `set_option linter.style.haveILetI false`
warning: UnitDistance/JenningsAdaptedLayers.lean:129:2: Try this: 
  letI̵

The goal is a proposition, so `let` is preferred over `letI`.
The difference between `let` and `letI` is that `letI` inlines the value.
But this is not relevant for proofs because of proof irrelevance.

Note: This linter can be disabled with `set_option linter.style.haveILetI false`
⚠ [5878/5917] Replayed UnitDistance.JenningsAdaptedGenerators
warning: UnitDistance/JenningsAdaptedGenerators.lean:38:34: This simp argument is unused:
  Nat.card_eq_fintype_card

Hint: Omit it from the simp argument list.
  [apply] simp [layerComplementGenerators]

Note: This linter can be disabled with `set_option linter.unusedSimpArgs false`
warning: UnitDistance/JenningsAdaptedGenerators.lean:81:4: Try this: 
  letI̵

The goal is a proposition, so `let` is preferred over `letI`.
The difference between `let` and `letI` is that `letI` inlines the value.
But this is not relevant for proofs because of proof irrelevance.

Note: This linter can be disabled with `set_option linter.style.haveILetI false`
warning: UnitDistance/JenningsAdaptedGenerators.lean:108:4: Try this: 
  letI̵

The goal is a proposition, so `let` is preferred over `letI`.
The difference between `let` and `letI` is that `letI` inlines the value.
But this is not relevant for proofs because of proof irrelevance.

Note: This linter can be disabled with `set_option linter.style.haveILetI false`
warning: UnitDistance/JenningsAdaptedGenerators.lean:156:2: Try this: 
  letI̵

The goal is a proposition, so `let` is preferred over `letI`.
The difference between `let` and `letI` is that `letI` inlines the value.
But this is not relevant for proofs because of proof irrelevance.

Note: This linter can be disabled with `set_option linter.style.haveILetI false`
warning: UnitDistance/JenningsAdaptedGenerators.lean:170:2: Try this: 
  letI̵

The goal is a proposition, so `let` is preferred over `letI`.
The difference between `let` and `letI` is that `letI` inlines the value.
But this is not relevant for proofs because of proof irrelevance.

Note: This linter can be disabled with `set_option linter.style.haveILetI false`
warning: UnitDistance/JenningsAdaptedGenerators.lean:190:2: Try this: 
  letI̵

The goal is a proposition, so `let` is preferred over `letI`.
The difference between `let` and `letI` is that `letI` inlines the value.
But this is not relevant for proofs because of proof irrelevance.

Note: This linter can be disabled with `set_option linter.style.haveILetI false`
warning: UnitDistance/JenningsAdaptedGenerators.lean:241:9: Variable name `i` is not explicitly referenced.

Hint: The binding can be removed (if unused) or named `_` (if used implicitly). Alternatively, prefix the name with `_` to silence this warning:
  [apply] _i

Note: This linter can be disabled with `set_option linter.unusedVariables false`
warning: UnitDistance/JenningsAdaptedGenerators.lean:252:9: Variable name `i` is not explicitly referenced.

Hint: The binding can be removed (if unused) or named `_` (if used implicitly). Alternatively, prefix the name with `_` to silence this warning:
  [apply] _i

Note: This linter can be disabled with `set_option linter.unusedVariables false`
⚠ [5881/5917] Replayed UnitDistance.FilteredHilbert
warning: UnitDistance/FilteredHilbert.lean:44:0: automatically included section variable(s) unused in theorem `UnitDistance.FilteredHilbert.value_eq_cumulative`:
  [FiniteDimensional K V]
consider restructuring your `variable` declarations so that the variables are not in scope or explicitly omit them:
  omit [FiniteDimensional K V] in theorem ...

Note: This linter can be disabled with `set_option linter.unusedSectionVars false`
warning: UnitDistance/FilteredHilbert.lean:51:0: automatically included section variable(s) unused in theorem `UnitDistance.FilteredHilbert.value_succ`:
  [FiniteDimensional K V]
consider restructuring your `variable` declarations so that the variables are not in scope or explicitly omit them:
  omit [FiniteDimensional K V] in theorem ...

Note: This linter can be disabled with `set_option linter.unusedSectionVars false`
warning: UnitDistance/FilteredHilbert.lean:72:0: automatically included section variable(s) unused in theorem `UnitDistance.FilteredHilbert.value_extend`:
  [FiniteDimensional K V]
consider restructuring your `variable` declarations so that the variables are not in scope or explicitly omit them:
  omit [FiniteDimensional K V] in theorem ...

Note: This linter can be disabled with `set_option linter.unusedSectionVars false`
warning: UnitDistance/FilteredHilbert.lean:129:0: automatically included section variable(s) unused in theorem `UnitDistance.FilteredHilbert.finrank_map_add_inf_ker`:
  [FiniteDimensional K W]
consider restructuring your `variable` declarations so that the variables are not in scope or explicitly omit them:
  omit [FiniteDimensional K W] in theorem ...

Note: This linter can be disabled with `set_option linter.unusedSectionVars false`
⚠ [5882/5917] Replayed UnitDistance.GroupAugmentationProductBasis
warning: UnitDistance/GroupAugmentationProductBasis.lean:32:0: automatically included section variable(s) unused in theorem `UnitDistance.GroupAugmentation.productCoordinates_repr`:
  [Group P]
consider restructuring your `variable` declarations so that the variables are not in scope or explicitly omit them:
  omit [Group P] in theorem ...

Note: This linter can be disabled with `set_option linter.unusedSectionVars false`
warning: UnitDistance/GroupAugmentationProductBasis.lean:93:0: automatically included section variable(s) unused in theorem `UnitDistance.GroupAugmentation.mem_weighted_basis_span_iff`:
  [Group D]
consider restructuring your `variable` declarations so that the variables are not in scope or explicitly omit them:
  omit [Group D] in theorem ...

Note: This linter can be disabled with `set_option linter.unusedSectionVars false`
⚠ [5883/6012] Replayed UnitDistance.SigmaExtraFrobenius
warning: UnitDistance/SigmaExtraFrobenius.lean:104:2: Try this: 
  letI̵

The goal is a proposition, so `let` is preferred over `letI`.
The difference between `let` and `letI` is that `letI` inlines the value.
But this is not relevant for proofs because of proof irrelevance.

Note: This linter can be disabled with `set_option linter.style.haveILetI false`
⚠ [5884/6012] Replayed UnitDistance.JenningsGeneratedLayers
warning: UnitDistance/JenningsGeneratedLayers.lean:49:0: automatically included section variable(s) unused in theorem `UnitDistance.GroupAugmentation.spansActualLayers_of_generation`:
  [LinearOrder ι]
  [Fintype ι]
consider restructuring your `variable` declarations so that the variables are not in scope or explicitly omit them:
  omit [LinearOrder ι] [Fintype ι] in theorem ...

Note: This linter can be disabled with `set_option linter.unusedSectionVars false`
⚠ [5885/6012] Replayed UnitDistance.JenningsGeneratorBasis
warning: UnitDistance/JenningsGeneratorBasis.lean:25:61: `simp` already closes the goal

Hint: Use `simp` instead of `simpa`:
  [apply] simp [homogeneousDifferences]

Note: This linter can be disabled with `set_option linter.unnecessarySimpa false`
warning: UnitDistance/JenningsGeneratorBasis.lean:32:2: Try this: 
  letI̵

The goal is a proposition, so `let` is preferred over `letI`.
The difference between `let` and `letI` is that `letI` inlines the value.
But this is not relevant for proofs because of proof irrelevance.

Note: This linter can be disabled with `set_option linter.style.haveILetI false`
⚠ [5886/6012] Replayed UnitDistance.JenningsAdaptedProduct
warning: UnitDistance/JenningsAdaptedProduct.lean:77:61: `simp` already closes the goal

Hint: Use `simp` instead of `simpa`:
  [apply] simp [homogeneousDifferences]

Note: This linter can be disabled with `set_option linter.unnecessarySimpa false`
warning: UnitDistance/JenningsAdaptedProduct.lean:79:2: Try this: 
  letI̵

The goal is a proposition, so `let` is preferred over `letI`.
The difference between `let` and `letI` is that `letI` inlines the value.
But this is not relevant for proofs because of proof irrelevance.

Note: This linter can be disabled with `set_option linter.style.haveILetI false`
warning: UnitDistance/JenningsAdaptedProduct.lean:85:0: automatically included section variable(s) unused in theorem `UnitDistance.GroupAugmentation.induced_generatorMonomial`:
  [Finite P]
consider restructuring your `variable` declarations so that the variables are not in scope or explicitly omit them:
  omit [Finite P] in theorem ...

Note: This linter can be disabled with `set_option linter.unusedSectionVars false`
⚠ [5887/6012] Replayed UnitDistance.GroupAugmentationHilbert
warning: UnitDistance/GroupAugmentationHilbert.lean:59:0: automatically included section variable(s) unused in theorem `UnitDistance.GroupAugmentation.basisWeight_lt_card`:
  [Fintype J]
consider restructuring your `variable` declarations so that the variables are not in scope or explicitly omit them:
  omit [Fintype J] in theorem ...

Note: This linter can be disabled with `set_option linter.unusedSectionVars false`
⚠ [5888/6012] Replayed UnitDistance.JenningsBinaryHilbert
warning: UnitDistance/JenningsBinaryHilbert.lean:28:8: This simp argument is unused:
  Fintype.sum_bool

Hint: Omit it from the simp argument list.
  [apply] simp [add_comm]

Note: This linter can be disabled with `set_option linter.unusedSimpArgs false`
⚠ [5889/6012] Replayed UnitDistance.OddLocalHilbert
warning: UnitDistance/OddLocalHilbert.lean:86:4: `simp` already closes the goal

Hint: Use `simp` instead of `simpa`:
  [apply] simp [h3]

Note: This linter can be disabled with `set_option linter.unnecessarySimpa false`
⚠ [5891/6012] Replayed UnitDistance.GroupAugmentationFoxExact
warning: UnitDistance/GroupAugmentationFoxExact.lean:33:8: automatically included section variable(s) unused in theorem `UnitDistance.GroupAugmentation.foxSection_delta`:
  [Fintype ι]
consider restructuring your `variable` declarations so that the variables are not in scope or explicitly omit them:
  omit [Fintype ι] in theorem ...

Note: This linter can be disabled with `set_option linter.unusedSectionVars false`
warning: UnitDistance/GroupAugmentationFoxExact.lean:42:0: automatically included section variable(s) unused in theorem `UnitDistance.GroupAugmentation.foxLoop_eval`:
  [Fintype ι]
consider restructuring your `variable` declarations so that the variables are not in scope or explicitly omit them:
  omit [Fintype ι] in theorem ...

Note: This linter can be disabled with `set_option linter.unusedSectionVars false`
warning: UnitDistance/GroupAugmentationFoxExact.lean:56:33: This simp argument is unused:
  Pi.single_apply

Hint: Omit it from the simp argument list.
  [apply] simp [h]

Note: This linter can be disabled with `set_option linter.unusedSimpArgs false`
⚠ [5892/6012] Replayed UnitDistance.GroupAugmentationFoxPresentation
warning: UnitDistance/GroupAugmentationFoxPresentation.lean:39:0: automatically included section variable(s) unused in theorem `UnitDistance.GroupAugmentation.foxDerivative_conjugate`:
  [Fintype ι]
consider restructuring your `variable` declarations so that the variables are not in scope or explicitly omit them:
  omit [Fintype ι] in theorem ...

Note: This linter can be disabled with `set_option linter.unusedSectionVars false`
warning: UnitDistance/GroupAugmentationFoxPresentation.lean:45:60: This simp argument is unused:
  map_inv

Hint: Omit it from the simp argument list.
  [apply] simp only [foxDerivative_mul, foxDerivative_inv, map_mul, hw, mul_one, Pi.smul_apply, smul_eq_mul, mul_neg,
    ← mul_assoc, delta_mul, mul_inv_cancel, delta_one, one_mul]

Note: This linter can be disabled with `set_option linter.unusedSimpArgs false`
⚠ [5895/6012] Replayed UnitDistance.GroupAugmentationHilbertShift
warning: UnitDistance/GroupAugmentationHilbertShift.lean:43:0: automatically included section variable(s) unused in theorem `UnitDistance.GroupAugmentation.coefficientPower_bot`:
  [Finite G]
  [Fintype ι]
consider restructuring your `variable` declarations so that the variables are not in scope or explicitly omit them:
  omit [Finite G] [Fintype ι] in theorem ...

Note: This linter can be disabled with `set_option linter.unusedSectionVars false`
warning: UnitDistance/GroupAugmentationHilbertShift.lean:49:0: automatically included section variable(s) unused in theorem `UnitDistance.GroupAugmentation.shiftedFoxCoefficientPower_antitone`:
  [Finite G]
  [Fintype ι]
consider restructuring your `variable` declarations so that the variables are not in scope or explicitly omit them:
  omit [Finite G] [Fintype ι] in theorem ...

Note: This linter can be disabled with `set_option linter.unusedSectionVars false`
warning: UnitDistance/GroupAugmentationHilbertShift.lean:55:8: automatically included section variable(s) unused in theorem `UnitDistance.GroupAugmentation.shiftedFoxCoefficientPower_zero`:
  [Finite G]
  [Fintype ι]
consider restructuring your `variable` declarations so that the variables are not in scope or explicitly omit them:
  omit [Finite G] [Fintype ι] in theorem ...

Note: This linter can be disabled with `set_option linter.unusedSectionVars false`
⚠ [5896/6012] Replayed UnitDistance.GroupAugmentationFoxSubstitution
warning: UnitDistance/GroupAugmentationFoxSubstitution.lean:36:8: automatically included section variable(s) unused in theorem `UnitDistance.GroupAugmentation.foxSubstitution_apply`:
  [Fintype ι]
consider restructuring your `variable` declarations so that the variables are not in scope or explicitly omit them:
  omit [Fintype ι] in theorem ...

Note: This linter can be disabled with `set_option linter.unusedSectionVars false`
warning: UnitDistance/GroupAugmentationFoxSubstitution.lean:41:0: automatically included section variable(s) unused in theorem `UnitDistance.GroupAugmentation.foxSubstitution_filtered`:
  [Fintype ι]
consider restructuring your `variable` declarations so that the variables are not in scope or explicitly omit them:
  omit [Fintype ι] in theorem ...

Note: This linter can be disabled with `set_option linter.unusedSectionVars false`
warning: UnitDistance/GroupAugmentationFoxSubstitution.lean:74:0: automatically included section variable(s) unused in theorem `UnitDistance.GroupAugmentation.lift_substitution`:
  [Fintype ι]
  [Fintype κ]
consider restructuring your `variable` declarations so that the variables are not in scope or explicitly omit them:
  omit [Fintype ι] [Fintype κ] in theorem ...

Note: This linter can be disabled with `set_option linter.unusedSectionVars false`
⚠ [5898/6012] Replayed UnitDistance.GroupAugmentationCoefficientInjection
warning: UnitDistance/GroupAugmentationCoefficientInjection.lean:28:0: automatically included section variable(s) unused in theorem `UnitDistance.GroupAugmentation.coefficientLinearMap_apply`:
  [Fintype ι]
consider restructuring your `variable` declarations so that the variables are not in scope or explicitly omit them:
  omit [Fintype ι] in theorem ...

Note: This linter can be disabled with `set_option linter.unusedSectionVars false`
⚠ [5899/6012] Replayed UnitDistance.FilteredHilbertMaps
warning: UnitDistance/FilteredHilbertMaps.lean:26:0: automatically included section variable(s) unused in theorem `UnitDistance.FilteredHilbert.value_comap_subtype`:
  [FiniteDimensional K V]
consider restructuring your `variable` declarations so that the variables are not in scope or explicitly omit them:
  omit [FiniteDimensional K V] in theorem ...

Note: This linter can be disabled with `set_option linter.unusedSectionVars false`
⚠ [5900/6012] Replayed UnitDistance.FilteredHilbertPi
warning: UnitDistance/FilteredHilbertPi.lean:29:8: automatically included section variable(s) unused in theorem `UnitDistance.FilteredHilbert.mem_piSpace`:
  [FiniteDimensional K V]
  [Fintype T]
consider restructuring your `variable` declarations so that the variables are not in scope or explicitly omit them:
  omit [FiniteDimensional K V] [Fintype T] in theorem ...

Note: This linter can be disabled with `set_option linter.unusedSectionVars false`
warning: UnitDistance/FilteredHilbertPi.lean:58:0: automatically included section variable(s) unused in theorem `UnitDistance.FilteredHilbert.value_map_equiv`:
  [FiniteDimensional K V]
consider restructuring your `variable` declarations so that the variables are not in scope or explicitly omit them:
  omit [FiniteDimensional K V] in theorem ...

Note: This linter can be disabled with `set_option linter.unusedSectionVars false`
⚠ [5901/6012] Replayed UnitDistance.GroupAugmentationInducedFox
warning: UnitDistance/GroupAugmentationInducedFox.lean:31:0: automatically included section variable(s) unused in theorem `UnitDistance.GroupAugmentation.induced_foxMap_coordinates`:
  [Fintype T]
consider restructuring your `variable` declarations so that the variables are not in scope or explicitly omit them:
  omit [Fintype T] in theorem ...

Note: This linter can be disabled with `set_option linter.unusedSectionVars false`
⚠ [5902/6012] Replayed UnitDistance.GroupAugmentationInducedHilbert
warning: UnitDistance/GroupAugmentationInducedHilbert.lean:31:0: automatically included section variable(s) unused in theorem `UnitDistance.GroupAugmentation.augmentationIdealPower_eq`:
  [Finite D]
consider restructuring your `variable` declarations so that the variables are not in scope or explicitly omit them:
  omit [Finite D] in theorem ...

Note: This linter can be disabled with `set_option linter.unusedSectionVars false`
warning: UnitDistance/GroupAugmentationInducedHilbert.lean:81:8: automatically included section variable(s) unused in theorem `UnitDistance.GroupAugmentation.finiteBlockCoordinates_apply`:
  [Finite D]
  [Group P]
  [Finite P]
consider restructuring your `variable` declarations so that the variables are not in scope or explicitly omit them:
  omit [Finite D] [Group P] [Finite P] in theorem ...

Note: This linter can be disabled with `set_option linter.unusedSectionVars false`
warning: UnitDistance/GroupAugmentationInducedHilbert.lean:87:0: automatically included section variable(s) unused in theorem `UnitDistance.GroupAugmentation.induced_foxImage_coordinates`:
  [Finite P]
consider restructuring your `variable` declarations so that the variables are not in scope or explicitly omit them:
  omit [Finite P] in theorem ...

Note: This linter can be disabled with `set_option linter.unusedSectionVars false`
warning: UnitDistance/GroupAugmentationInducedHilbert.lean:131:0: automatically included section variable(s) unused in theorem `UnitDistance.GroupAugmentation.induced_foxMap_shifted_strict`:
  [Finite D]
consider restructuring your `variable` declarations so that the variables are not in scope or explicitly omit them:
  omit [Finite D] in theorem ...

Note: This linter can be disabled with `set_option linter.unusedSectionVars false`
⚠ [5903/6012] Replayed UnitDistance.GroupAugmentationRowHilbert
warning: UnitDistance/GroupAugmentationRowHilbert.lean:37:0: automatically included section variable(s) unused in theorem `UnitDistance.GroupAugmentation.induced_rowKernel_coordinates`:
  [Finite D]
  [Finite P]
  [Fintype T]
  [Fintype ι]
consider restructuring your `variable` declarations so that the variables are not in scope or explicitly omit them:
  omit [Finite D] [Finite P] [Fintype T] [Fintype ι] in theorem ...

Note: This linter can be disabled with `set_option linter.unusedSectionVars false`
warning: UnitDistance/GroupAugmentationRowHilbert.lean:89:0: automatically included section variable(s) unused in theorem `UnitDistance.GroupAugmentation.rowKernelPower_nilpotent`:
  [Fintype ι]
consider restructuring your `variable` declarations so that the variables are not in scope or explicitly omit them:
  omit [Fintype ι] in theorem ...

Note: This linter can be disabled with `set_option linter.unusedSectionVars false`
warning: UnitDistance/GroupAugmentationRowHilbert.lean:114:0: automatically included section variable(s) unused in theorem `UnitDistance.GroupAugmentation.induced_row_shifted_strict`:
  [Finite D]
consider restructuring your `variable` declarations so that the variables are not in scope or explicitly omit them:
  omit [Finite D] in theorem ...

Note: This linter can be disabled with `set_option linter.unusedSectionVars false`
⚠ [5906/6012] Replayed UnitDistance.JenningsDyadicInduction
warning: UnitDistance/JenningsDyadicInduction.lean:23:5: Ambiguous namespace `Dyadic`: it is interpreted as `_root_.UnitDistance.Dyadic` because this `open` occurs inside `namespace UnitDistance.GroupAugmentation`, while `_root_.Dyadic` is silently not opened. Specify the namespace unambiguously, e.g. `_root_.UnitDistance.Dyadic`. The warning can sometimes also be addressed by moving the `open` outside of the surrounding `namespace`.

Note: This linter can be disabled with `set_option linter.ambiguousOpen false`
⚠ [5907/6012] Replayed UnitDistance.JenningsDyadicHilbert
warning: UnitDistance/JenningsDyadicHilbert.lean:23:5: Ambiguous namespace `Dyadic`: it is interpreted as `_root_.UnitDistance.Dyadic` because this `open` occurs inside `namespace UnitDistance.GroupAugmentation`, while `_root_.Dyadic` is silently not opened. Specify the namespace unambiguously, e.g. `_root_.UnitDistance.Dyadic`. The warning can sometimes also be addressed by moving the `open` outside of the surrounding `namespace`.

Note: This linter can be disabled with `set_option linter.ambiguousOpen false`
⚠ [5908/6012] Replayed UnitDistance.JenningsInducedKernelHilbert
warning: UnitDistance/JenningsInducedKernelHilbert.lean:57:5: Ambiguous namespace `Dyadic`: it is interpreted as `_root_.UnitDistance.Dyadic` because this `open` occurs inside `namespace UnitDistance.GroupAugmentation`, while `_root_.Dyadic` is silently not opened. Specify the namespace unambiguously, e.g. `_root_.UnitDistance.Dyadic`. The warning can sometimes also be addressed by moving the `open` outside of the surrounding `namespace`.

Note: This linter can be disabled with `set_option linter.ambiguousOpen false`
⚠ [5909/6012] Replayed UnitDistance.JenningsDyadicRowHilbert
warning: UnitDistance/JenningsDyadicRowHilbert.lean:22:21: Ambiguous namespace `Dyadic`: it is interpreted as `_root_.UnitDistance.Dyadic` because this `open` occurs inside `namespace UnitDistance.GroupAugmentation`, while `_root_.Dyadic` is silently not opened. Specify the namespace unambiguously, e.g. `_root_.UnitDistance.Dyadic`. The warning can sometimes also be addressed by moving the `open` outside of the surrounding `namespace`.

Note: This linter can be disabled with `set_option linter.ambiguousOpen false`
warning: UnitDistance/JenningsDyadicRowHilbert.lean:32:8: `if_pos` has been deprecated: Use `ite_eq_left` instead

Hint: Replace the deprecated name:
  i̵f̵_̵p̵o̵s̵i̲t̲e̲_̲e̲q̲_̲l̲e̲f̲t̲
warning: UnitDistance/JenningsDyadicRowHilbert.lean:37:8: `if_neg` has been deprecated: Use `ite_eq_right` instead

Hint: Replace the deprecated name:
  i̵f̵_̵n̵e̵g̵i̲t̲e̲_̲e̲q̲_̲r̲i̲g̲h̲t̲
⚠ [5910/6012] Replayed UnitDistance.GroupAugmentationGlobalBlocks
warning: UnitDistance/GroupAugmentationGlobalBlocks.lean:35:0: automatically included section variable(s) unused in theorem `UnitDistance.GroupAugmentation.globalFoxBlock_le_kernel`:
  [Finite P]
consider restructuring your `variable` declarations so that the variables are not in scope or explicitly omit them:
  omit [Finite P] in theorem ...

Note: This linter can be disabled with `set_option linter.unusedSectionVars false`
warning: UnitDistance/GroupAugmentationGlobalBlocks.lean:116:0: automatically included section variable(s) unused in theorem `UnitDistance.GroupAugmentation.globalDyadicRow_le_block`:
  [Finite P]
  [Fintype ι]
consider restructuring your `variable` declarations so that the variables are not in scope or explicitly omit them:
  omit [Finite P] [Fintype ι] in theorem ...

Note: This linter can be disabled with `set_option linter.unusedSectionVars false`
⚠ [5911/6012] Replayed UnitDistance.JenningsGlobalKernelCost
warning: UnitDistance/JenningsGlobalKernelCost.lean:45:43: `simp` already closes the goal

Hint: Use `simp` instead of `simpa`:
  [apply] simp

Note: This linter can be disabled with `set_option linter.unnecessarySimpa false`
⚠ [5912/6012] Replayed UnitDistance.GroupAugmentationProTwoFox
warning: UnitDistance/GroupAugmentationProTwoFox.lean:40:0: automatically included section variable(s) unused in theorem `UnitDistance.GroupAugmentation.proTwoPresentation_of_normalClosure`:
  [Fintype ι]
consider restructuring your `variable` declarations so that the variables are not in scope or explicitly omit them:
  omit [Fintype ι] in theorem ...

Note: This linter can be disabled with `set_option linter.unusedSectionVars false`
warning: UnitDistance/GroupAugmentationProTwoFox.lean:56:0: automatically included section variable(s) unused in theorem `UnitDistance.GroupAugmentation.foxAffine_isTwoGroup`:
  [Fintype ι]
consider restructuring your `variable` declarations so that the variables are not in scope or explicitly omit them:
  omit [Fintype ι] in theorem ...

Note: This linter can be disabled with `set_option linter.unusedSectionVars false`
warning: UnitDistance/GroupAugmentationProTwoFox.lean:80:2: Try this: 
  letI̵

The goal is a proposition, so `let` is preferred over `letI`.
The difference between `let` and `letI` is that `letI` inlines the value.
But this is not relevant for proofs because of proof irrelevance.

Note: This linter can be disabled with `set_option linter.style.haveILetI false`
warning: UnitDistance/GroupAugmentationProTwoFox.lean:81:2: Try this: 
  letI̵

The goal is a proposition, so `let` is preferred over `letI`.
The difference between `let` and `letI` is that `letI` inlines the value.
But this is not relevant for proofs because of proof irrelevance.

Note: This linter can be disabled with `set_option linter.style.haveILetI false`
warning: UnitDistance/GroupAugmentationProTwoFox.lean:82:2: Try this: 
  letI̵

The goal is a proposition, so `let` is preferred over `letI`.
The difference between `let` and `letI` is that `letI` inlines the value.
But this is not relevant for proofs because of proof irrelevance.

Note: This linter can be disabled with `set_option linter.style.haveILetI false`
warning: UnitDistance/GroupAugmentationProTwoFox.lean:103:6: `simp` already closes the goal

Hint: Use `simp` instead of `simpa`:
  [apply] simp [hh]

Note: This linter can be disabled with `set_option linter.unnecessarySimpa false`
warning: UnitDistance/GroupAugmentationProTwoFox.lean:107:2: Try this: 
  letI̵

The goal is a proposition, so `let` is preferred over `letI`.
The difference between `let` and `letI` is that `letI` inlines the value.
But this is not relevant for proofs because of proof irrelevance.

Note: This linter can be disabled with `set_option linter.style.haveILetI false`
warning: UnitDistance/GroupAugmentationProTwoFox.lean:126:2: Try this: 
  letI̵

The goal is a proposition, so `let` is preferred over `letI`.
The difference between `let` and `letI` is that `letI` inlines the value.
But this is not relevant for proofs because of proof irrelevance.

Note: This linter can be disabled with `set_option linter.style.haveILetI false`
⚠ [5914/6012] Replayed UnitDistance.GroupAugmentationCompletedPresentation
warning: UnitDistance/GroupAugmentationCompletedPresentation.lean:53:2: Try this: 
  letI̵

The goal is a proposition, so `let` is preferred over `letI`.
The difference between `let` and `letI` is that `letI` inlines the value.
But this is not relevant for proofs because of proof irrelevance.

Note: This linter can be disabled with `set_option linter.style.haveILetI false`
⚠ [5915/6012] Replayed UnitDistance.GroupAugmentationCompletedRelations
warning: UnitDistance/GroupAugmentationCompletedRelations.lean:149:2: Try this: 
  letI̵

The goal is a proposition, so `let` is preferred over `letI`.
The difference between `let` and `letI` is that `letI` inlines the value.
But this is not relevant for proofs because of proof irrelevance.

Note: This linter can be disabled with `set_option linter.style.haveILetI false`
⚠ [5918/6012] Replayed UnitDistance.GroupAugmentationGlobalCommonRow
warning: UnitDistance/GroupAugmentationGlobalCommonRow.lean:33:0: automatically included section variable(s) unused in theorem `UnitDistance.GroupAugmentation.dyadic_completed_row_naturality`:
  [Fintype ι]
consider restructuring your `variable` declarations so that the variables are not in scope or explicitly omit them:
  omit [Fintype ι] in theorem ...

Note: This linter can be disabled with `set_option linter.unusedSectionVars false`
warning: UnitDistance/GroupAugmentationGlobalCommonRow.lean:44:0: automatically included section variable(s) unused in theorem `UnitDistance.GroupAugmentation.dyadic_completed_row_kernel`:
  [Finite P]
  [Fintype ι]
consider restructuring your `variable` declarations so that the variables are not in scope or explicitly omit them:
  omit [Finite P] [Fintype ι] in theorem ...

Note: This linter can be disabled with `set_option linter.unusedSectionVars false`
⚠ [5920/6012] Replayed UnitDistance.ArithmeticLocalBlockCosts
warning: UnitDistance/ArithmeticLocalBlockCosts.lean:107:2: Used `tac1 <;> tac2` where `(tac1; tac2)` would suffice

Note: This linter can be disabled with `set_option linter.unnecessarySeqFocus false`
⚠ [5921/6012] Replayed UnitDistance.GroupAugmentationFoxCharacters
warning: UnitDistance/GroupAugmentationFoxCharacters.lean:51:34: This simp argument is unused:
  add_mul

Hint: Omit it from the simp argument list.
  [apply] simp [Finset.sum_add_distrib]

Note: This linter can be disabled with `set_option linter.unusedSimpArgs false`
warning: UnitDistance/GroupAugmentationFoxCharacters.lean:52:47: This simp argument is unused:
  mul_assoc

Hint: Omit it from the simp argument list.
  [apply] simp [smul_eq_mul, Finset.mul_sum]

Note: This linter can be disabled with `set_option linter.unusedSimpArgs false`
warning: UnitDistance/GroupAugmentationFoxCharacters.lean:56:0: automatically included section variable(s) unused in theorem `UnitDistance.GroupAugmentation.characterFoxRetraction_foxDerivative`:
  [Fintype κ]
  [DecidableEq κ]
consider restructuring your `variable` declarations so that the variables are not in scope or explicitly omit them:
  omit [Fintype κ] [DecidableEq κ] in theorem ...

Note: This linter can be disabled with `set_option linter.unusedSectionVars false`
⚠ [5923/6012] Replayed UnitDistance.FreeThreeQuadraticTensor
warning: UnitDistance/FreeThreeQuadraticTensor.lean:41:49: This simp argument is unused:
  zero_mul

Hint: Omit it from the simp argument list.
  [apply] simp only [show (2 : F) = 0 by decide, mul_zero, add_zero]

Note: This linter can be disabled with `set_option linter.unusedSimpArgs false`
warning: UnitDistance/FreeThreeQuadraticTensor.lean:44:49: This simp argument is unused:
  zero_mul

Hint: Omit it from the simp argument list.
  [apply] simp only [show (2 : F) = 0 by decide, mul_zero, add_zero]

Note: This linter can be disabled with `set_option linter.unusedSimpArgs false`
warning: UnitDistance/FreeThreeQuadraticTensor.lean:51:49: This simp argument is unused:
  zero_mul

Hint: Omit it from the simp argument list.
  [apply] simp only [show (2 : F) = 0 by decide, mul_zero, add_zero]

Note: This linter can be disabled with `set_option linter.unusedSimpArgs false`
warning: UnitDistance/FreeThreeQuadraticTensor.lean:38:17: this tactic is never executed

Note: This linter can be disabled with `set_option linter.unreachableTactic false`
warning: UnitDistance/FreeThreeQuadraticTensor.lean:46:17: this tactic is never executed

Note: This linter can be disabled with `set_option linter.unreachableTactic false`
warning: UnitDistance/FreeThreeQuadraticTensor.lean:48:17: this tactic is never executed

Note: This linter can be disabled with `set_option linter.unreachableTactic false`
warning: UnitDistance/FreeThreeQuadraticTensor.lean:53:17: this tactic is never executed

Note: This linter can be disabled with `set_option linter.unreachableTactic false`
warning: UnitDistance/FreeThreeQuadraticTensor.lean:55:17: this tactic is never executed

Note: This linter can be disabled with `set_option linter.unreachableTactic false`
warning: UnitDistance/FreeThreeQuadraticTensor.lean:57:17: this tactic is never executed

Note: This linter can be disabled with `set_option linter.unreachableTactic false`
warning: UnitDistance/FreeThreeQuadraticTensor.lean:40:13: Used `tac1 <;> tac2` where `(tac1; tac2)` would suffice

Note: This linter can be disabled with `set_option linter.unnecessarySeqFocus false`
warning: UnitDistance/FreeThreeQuadraticTensor.lean:43:13: Used `tac1 <;> tac2` where `(tac1; tac2)` would suffice

Note: This linter can be disabled with `set_option linter.unnecessarySeqFocus false`
warning: UnitDistance/FreeThreeQuadraticTensor.lean:50:13: Used `tac1 <;> tac2` where `(tac1; tac2)` would suffice

Note: This linter can be disabled with `set_option linter.unnecessarySeqFocus false`
warning: UnitDistance/FreeThreeQuadraticTensor.lean:38:17: Unused tactic linter: `ring_nf` does nothing

Note: This linter can be disabled with `set_option linter.unusedTactic false`
warning: UnitDistance/FreeThreeQuadraticTensor.lean:46:17: Unused tactic linter: `ring_nf` does nothing

Note: This linter can be disabled with `set_option linter.unusedTactic false`
warning: UnitDistance/FreeThreeQuadraticTensor.lean:48:17: Unused tactic linter: `ring_nf` does nothing

Note: This linter can be disabled with `set_option linter.unusedTactic false`
warning: UnitDistance/FreeThreeQuadraticTensor.lean:53:17: Unused tactic linter: `ring_nf` does nothing

Note: This linter can be disabled with `set_option linter.unusedTactic false`
warning: UnitDistance/FreeThreeQuadraticTensor.lean:55:17: Unused tactic linter: `ring_nf` does nothing

Note: This linter can be disabled with `set_option linter.unusedTactic false`
warning: UnitDistance/FreeThreeQuadraticTensor.lean:57:17: Unused tactic linter: `ring_nf` does nothing

Note: This linter can be disabled with `set_option linter.unusedTactic false`
⚠ [5924/6012] Replayed UnitDistance.GroupAugmentationQuadraticFoxMoments
warning: UnitDistance/GroupAugmentationQuadraticFoxMoments.lean:29:31: This simp argument is unused:
  Pi.single_apply

Hint: Omit it from the simp argument list.
  [apply] simp [h]

Note: This linter can be disabled with `set_option linter.unusedSimpArgs false`
warning: UnitDistance/GroupAugmentationQuadraticFoxMoments.lean:54:31: This simp argument is unused:
  Pi.single_apply

Hint: Omit it from the simp argument list.
  [apply] simp [h]

Note: This linter can be disabled with `set_option linter.unusedSimpArgs false`
⚠ [5925/6012] Replayed UnitDistance.DyadicFirstOrder
warning: UnitDistance/DyadicFirstOrder.lean:49:26: This simp argument is unused:
  dyadic_augmentation

Hint: Omit it from the simp argument list.
  [apply] simp [sectionColumn]

Note: This linter can be disabled with `set_option linter.unusedSimpArgs false`
⚠ [5926/6012] Replayed UnitDistance.DyadicGenuineFoxInitial
warning: UnitDistance/DyadicGenuineFoxInitial.lean:37:56: This simp argument is unused:
  Pi.single_apply

Hint: Omit it from the simp argument list.
  [apply] simp [foxSubstitution_apply, Fin.sum_univ_succ, inverseWords, foxDerivative_mul, foxDerivative_inv,
    foxDerivative_of, Filtration.gen, sub_eq_add_neg]

Note: This linter can be disabled with `set_option linter.unusedSimpArgs false`
⚠ [5927/6012] Replayed UnitDistance.ProTwoCompletedConsequence
warning: UnitDistance/ProTwoCompletedConsequence.lean:38:8: automatically included section variable(s) unused in theorem `UnitDistance.GroupAugmentation.completionMap_word`:
  [T2Space G]
consider restructuring your `variable` declarations so that the variables are not in scope or explicitly omit them:
  omit [T2Space G] in theorem ...

Note: This linter can be disabled with `set_option linter.unusedSectionVars false`
warning: UnitDistance/ProTwoCompletedConsequence.lean:51:0: automatically included section variable(s) unused in theorem `UnitDistance.GroupAugmentation.completionMap_surjective`:
  [TopologicalSpace ι]
  [DiscreteTopology ι]
consider restructuring your `variable` declarations so that the variables are not in scope or explicitly omit them:
  omit [TopologicalSpace ι] [DiscreteTopology ι] in theorem ...

Note: This linter can be disabled with `set_option linter.unusedSectionVars false`
warning: UnitDistance/ProTwoCompletedConsequence.lean:128:0: automatically included section variable(s) unused in theorem `UnitDistance.GroupAugmentation.finiteMap_comp_completionMap`:
  [TopologicalSpace ι]
  [DiscreteTopology ι]
consider restructuring your `variable` declarations so that the variables are not in scope or explicitly omit them:
  omit [TopologicalSpace ι] [DiscreteTopology ι] in theorem ...

Note: This linter can be disabled with `set_option linter.unusedSectionVars false`
warning: UnitDistance/ProTwoCompletedConsequence.lean:148:0: automatically included section variable(s) unused in theorem `UnitDistance.GroupAugmentation.completedWordEvaluation_eq_finiteMap`:
  [TopologicalSpace ι]
  [DiscreteTopology ι]
consider restructuring your `variable` declarations so that the variables are not in scope or explicitly omit them:
  omit [TopologicalSpace ι] [DiscreteTopology ι] in theorem ...

Note: This linter can be disabled with `set_option linter.unusedSectionVars false`
warning: UnitDistance/ProTwoCompletedConsequence.lean:159:8: automatically included section variable(s) unused in theorem `_private.UnitDistance.ProTwoCompletedConsequence.0.UnitDistance.GroupAugmentation.lift_comp_generators`:
  [TopologicalSpace G]
  [IsTopologicalGroup G]
  [CompactSpace G]
  [T2Space G]
  [TotallyDisconnectedSpace G]
  [TopologicalSpace ι]
  [DiscreteTopology ι]
consider restructuring your `variable` declarations so that the variables are not in scope or explicitly omit them:
  omit [TopologicalSpace
  G] [IsTopologicalGroup
  G] [CompactSpace G] [T2Space G] [TotallyDisconnectedSpace G] [TopologicalSpace ι] [DiscreteTopology ι] in theorem ...

Note: This linter can be disabled with `set_option linter.unusedSectionVars false`
⚠ [5928/6012] Replayed UnitDistance.GroupAugmentationRelationBlocks
warning: UnitDistance/GroupAugmentationRelationBlocks.lean:35:0: automatically included section variable(s) unused in theorem `UnitDistance.GroupAugmentation.globalFoxBlockAlgebra_restrict`:
  [Finite P]
  [Fintype ι]
consider restructuring your `variable` declarations so that the variables are not in scope or explicitly omit them:
  omit [Finite P] [Fintype ι] in theorem ...

Note: This linter can be disabled with `set_option linter.unusedSectionVars false`
warning: UnitDistance/GroupAugmentationRelationBlocks.lean:165:0: automatically included section variable(s) unused in theorem `UnitDistance.GroupAugmentation.substitutedRelationFamily_coverage`:
  [Fintype ι]
consider restructuring your `variable` declarations so that the variables are not in scope or explicitly omit them:
  omit [Fintype ι] in theorem ...

Note: This linter can be disabled with `set_option linter.unusedSectionVars false`
⚠ [5932/6012] Replayed UnitDistance.ProTwoCompletedLocalFamily
warning: UnitDistance/ProTwoCompletedLocalFamily.lean:74:2: Try this: 
  letI̵

The goal is a proposition, so `let` is preferred over `letI`.
The difference between `let` and `letI` is that `letI` inlines the value.
But this is not relevant for proofs because of proof irrelevance.

Note: This linter can be disabled with `set_option linter.style.haveILetI false`
warning: UnitDistance/ProTwoCompletedLocalFamily.lean:75:2: Try this: 
  letI̵

The goal is a proposition, so `let` is preferred over `letI`.
The difference between `let` and `letI` is that `letI` inlines the value.
But this is not relevant for proofs because of proof irrelevance.

Note: This linter can be disabled with `set_option linter.style.haveILetI false`
⚠ [5935/6012] Replayed UnitDistance.ProTwoFiniteQuotient
warning: UnitDistance/ProTwoFiniteQuotient.lean:21:0: automatically included section variable(s) unused in theorem `UnitDistance.GroupAugmentation.isPGroup_of_freeProTwo_surjective`:
  [IsTopologicalGroup P]
  [DiscreteTopology ι]
consider restructuring your `variable` declarations so that the variables are not in scope or explicitly omit them:
  omit [IsTopologicalGroup P] [DiscreteTopology ι] in theorem ...

Note: This linter can be disabled with `set_option linter.unusedSectionVars false`
warning: UnitDistance/ProTwoFiniteQuotient.lean:29:0: automatically included section variable(s) unused in theorem `UnitDistance.GroupAugmentation.generates_of_freeProTwo_surjective`:
  [DiscreteTopology ι]
consider restructuring your `variable` declarations so that the variables are not in scope or explicitly omit them:
  omit [DiscreteTopology ι] in theorem ...

Note: This linter can be disabled with `set_option linter.unusedSectionVars false`
⚠ [5938/6012] Replayed UnitDistance.GaloisPrimeConjugation
warning: UnitDistance/GaloisPrimeConjugation.lean:30:0: automatically included section variable(s) unused in theorem `UnitDistance.GaloisPrimeConjugation.galois_smul_ideal`:
  [IsGalois ℚ K]
consider restructuring your `variable` declarations so that the variables are not in scope or explicitly omit them:
  omit [IsGalois ℚ K] in theorem ...

Note: This linter can be disabled with `set_option linter.unusedSectionVars false`
warning: UnitDistance/GaloisPrimeConjugation.lean:43:2: Try this: 
  letI̵

The goal is a proposition, so `let` is preferred over `letI`.
The difference between `let` and `letI` is that `letI` inlines the value.
But this is not relevant for proofs because of proof irrelevance.

Note: This linter can be disabled with `set_option linter.style.haveILetI false`
warning: UnitDistance/GaloisPrimeConjugation.lean:44:2: Try this: 
  letI̵

The goal is a proposition, so `let` is preferred over `letI`.
The difference between `let` and `letI` is that `letI` inlines the value.
But this is not relevant for proofs because of proof irrelevance.

Note: This linter can be disabled with `set_option linter.style.haveILetI false`
warning: UnitDistance/GaloisPrimeConjugation.lean:47:2: Try this: 
  letI̵

The goal is a proposition, so `let` is preferred over `letI`.
The difference between `let` and `letI` is that `letI` inlines the value.
But this is not relevant for proofs because of proof irrelevance.

Note: This linter can be disabled with `set_option linter.style.haveILetI false`
⚠ [5939/6012] Replayed UnitDistance.AbsoluteDecompositionPrime
warning: UnitDistance/AbsoluteDecompositionPrime.lean:82:2: Try this: 
  letI̵

The goal is a proposition, so `let` is preferred over `letI`.
The difference between `let` and `letI` is that `letI` inlines the value.
But this is not relevant for proofs because of proof irrelevance.

Note: This linter can be disabled with `set_option linter.style.haveILetI false`
warning: UnitDistance/AbsoluteDecompositionPrime.lean:83:2: Try this: 
  letI̵

The goal is a proposition, so `let` is preferred over `letI`.
The difference between `let` and `letI` is that `letI` inlines the value.
But this is not relevant for proofs because of proof irrelevance.

Note: This linter can be disabled with `set_option linter.style.haveILetI false`
warning: UnitDistance/AbsoluteDecompositionPrime.lean:78:0: automatically included section variable(s) unused in theorem `UnitDistance.PrimeCompletion.restrictedAbsolutePrime_liesOver`:
  [IsGalois ℚ M]
consider restructuring your `variable` declarations so that the variables are not in scope or explicitly omit them:
  omit [IsGalois ℚ M] in theorem ...

Note: This linter can be disabled with `set_option linter.unusedSectionVars false`
warning: UnitDistance/AbsoluteDecompositionPrime.lean:103:2: Try this: 
  letI̵

The goal is a proposition, so `let` is preferred over `letI`.
The difference between `let` and `letI` is that `letI` inlines the value.
But this is not relevant for proofs because of proof irrelevance.

Note: This linter can be disabled with `set_option linter.style.haveILetI false`
warning: UnitDistance/AbsoluteDecompositionPrime.lean:104:2: Try this: 
  letI̵

The goal is a proposition, so `let` is preferred over `letI`.
The difference between `let` and `letI` is that `letI` inlines the value.
But this is not relevant for proofs because of proof irrelevance.

Note: This linter can be disabled with `set_option linter.style.haveILetI false`
warning: UnitDistance/AbsoluteDecompositionPrime.lean:131:2: Try this: 
  letI̵

The goal is a proposition, so `let` is preferred over `letI`.
The difference between `let` and `letI` is that `letI` inlines the value.
But this is not relevant for proofs because of proof irrelevance.

Note: This linter can be disabled with `set_option linter.style.haveILetI false`
⚠ [5942/6012] Replayed UnitDistance.AbsolutePrimeImages
warning: UnitDistance/AbsolutePrimeImages.lean:27:2: Try this: 
  letI̵

The goal is a proposition, so `let` is preferred over `letI`.
The difference between `let` and `letI` is that `letI` inlines the value.
But this is not relevant for proofs because of proof irrelevance.

Note: This linter can be disabled with `set_option linter.style.haveILetI false`
⚠ [5950/6012] Replayed UnitDistance.ArithmeticDyadicGenerators
warning: UnitDistance/ArithmeticDyadicGenerators.lean:61:2: Try this: 
  letI̵

The goal is a proposition, so `let` is preferred over `letI`.
The difference between `let` and `letI` is that `letI` inlines the value.
But this is not relevant for proofs because of proof irrelevance.

Note: This linter can be disabled with `set_option linter.style.haveILetI false`
⚠ [5953/6012] Replayed UnitDistance.DyadicInertiaRadical
warning: UnitDistance/DyadicInertiaRadical.lean:24:0: automatically included section variable(s) unused in theorem `UnitDistance.DyadicInertia.golden_integral`:
  [CharZero L]
consider restructuring your `variable` declarations so that the variables are not in scope or explicitly omit them:
  omit [CharZero L] in theorem ...

Note: This linter can be disabled with `set_option linter.unusedSectionVars false`
warning: UnitDistance/DyadicInertiaRadical.lean:39:0: automatically included section variable(s) unused in theorem `UnitDistance.DyadicInertia.inertia_fixes_sqrt_five`:
  [FiniteDimensional K L]
  [IsGalois K L]
consider restructuring your `variable` declarations so that the variables are not in scope or explicitly omit them:
  omit [FiniteDimensional K L] [IsGalois K L] in theorem ...

Note: This linter can be disabled with `set_option linter.unusedSectionVars false`
⚠ [5959/6012] Replayed UnitDistance.PadicFiniteGaloisIntrinsic
warning: UnitDistance/PadicFiniteGaloisIntrinsic.lean:46:0: automatically included section variable(s) unused in theorem `UnitDistance.PadicFiniteGalois.base_hasIntrinsicExtension`:
  [FiniteDimensional ℚ_[p] L]
  [IsGalois ℚ_[p] L]
consider restructuring your `variable` declarations so that the variables are not in scope or explicitly omit them:
  omit [FiniteDimensional ℚ_[p] L] [IsGalois ℚ_[p] L] in theorem ...

Note: This linter can be disabled with `set_option linter.unusedSectionVars false`
warning: UnitDistance/PadicFiniteGaloisIntrinsic.lean:56:2: Try this: 
  letI̵

The goal is a proposition, so `let` is preferred over `letI`.
The difference between `let` and `letI` is that `letI` inlines the value.
But this is not relevant for proofs because of proof irrelevance.

Note: This linter can be disabled with `set_option linter.style.haveILetI false`
⚠ [5965/6012] Replayed UnitDistance.PrimeIdealValuationInertia
warning: UnitDistance/PrimeIdealValuationInertia.lean:44:36: `simp` already closes the goal

Hint: Use `simp` instead of `simpa`:
  [apply] simp [h] at hs1

Note: This linter can be disabled with `set_option linter.unnecessarySimpa false`
warning: UnitDistance/PrimeIdealValuationInertia.lean:22:0: automatically included section variable(s) unused in theorem `UnitDistance.PrimeCompletion.prime_inertia_displacement`:
  [IsGalois ℚ M]
consider restructuring your `variable` declarations so that the variables are not in scope or explicitly omit them:
  omit [IsGalois ℚ M] in theorem ...

Note: This linter can be disabled with `set_option linter.unusedSectionVars false`
warning: UnitDistance/PrimeIdealValuationInertia.lean:51:4: Used `tac1 <;> tac2` where `(tac1; tac2)` would suffice

Note: This linter can be disabled with `set_option linter.unnecessarySeqFocus false`
⚠ [5971/6093] Replayed UnitDistance.RelativeUnramifiedIndices
warning: UnitDistance/RelativeUnramifiedIndices.lean:24:2: Try this: 
  letI̵

The goal is a proposition, so `let` is preferred over `letI`.
The difference between `let` and `letI` is that `letI` inlines the value.
But this is not relevant for proofs because of proof irrelevance.

Note: This linter can be disabled with `set_option linter.style.haveILetI false`
warning: UnitDistance/RelativeUnramifiedIndices.lean:30:2: Try this: 
  letI̵

The goal is a proposition, so `let` is preferred over `letI`.
The difference between `let` and `letI` is that `letI` inlines the value.
But this is not relevant for proofs because of proof irrelevance.

Note: This linter can be disabled with `set_option linter.style.haveILetI false`
warning: UnitDistance/RelativeUnramifiedIndices.lean:31:2: Try this: 
  letI̵

The goal is a proposition, so `let` is preferred over `letI`.
The difference between `let` and `letI` is that `letI` inlines the value.
But this is not relevant for proofs because of proof irrelevance.

Note: This linter can be disabled with `set_option linter.style.haveILetI false`
⚠ [5972/6093] Replayed UnitDistance.RelativeUnramifiedSigma
warning: UnitDistance/RelativeUnramifiedSigma.lean:32:2: Try this: 
  letI̵

The goal is a proposition, so `let` is preferred over `letI`.
The difference between `let` and `letI` is that `letI` inlines the value.
But this is not relevant for proofs because of proof irrelevance.

Note: This linter can be disabled with `set_option linter.style.haveILetI false`
warning: UnitDistance/RelativeUnramifiedSigma.lean:33:2: Try this: 
  letI̵

The goal is a proposition, so `let` is preferred over `letI`.
The difference between `let` and `letI` is that `letI` inlines the value.
But this is not relevant for proofs because of proof irrelevance.

Note: This linter can be disabled with `set_option linter.style.haveILetI false`
warning: UnitDistance/RelativeUnramifiedSigma.lean:36:4: Try this: 
  letI̵

The goal is a proposition, so `let` is preferred over `letI`.
The difference between `let` and `letI` is that `letI` inlines the value.
But this is not relevant for proofs because of proof irrelevance.

Note: This linter can be disabled with `set_option linter.style.haveILetI false`
warning: UnitDistance/RelativeUnramifiedSigma.lean:46:4: Try this: 
  letI̵

The goal is a proposition, so `let` is preferred over `letI`.
The difference between `let` and `letI` is that `letI` inlines the value.
But this is not relevant for proofs because of proof irrelevance.

Note: This linter can be disabled with `set_option linter.style.haveILetI false`
warning: UnitDistance/RelativeUnramifiedSigma.lean:47:4: Try this: 
  letI̵

The goal is a proposition, so `let` is preferred over `letI`.
The difference between `let` and `letI` is that `letI` inlines the value.
But this is not relevant for proofs because of proof irrelevance.

Note: This linter can be disabled with `set_option linter.style.haveILetI false`
warning: UnitDistance/RelativeUnramifiedSigma.lean:48:4: Try this: 
  letI̵

The goal is a proposition, so `let` is preferred over `letI`.
The difference between `let` and `letI` is that `letI` inlines the value.
But this is not relevant for proofs because of proof irrelevance.

Note: This linter can be disabled with `set_option linter.style.haveILetI false`
warning: UnitDistance/RelativeUnramifiedSigma.lean:49:4: Try this: 
  letI̵

The goal is a proposition, so `let` is preferred over `letI`.
The difference between `let` and `letI` is that `letI` inlines the value.
But this is not relevant for proofs because of proof irrelevance.

Note: This linter can be disabled with `set_option linter.style.haveILetI false`
⚠ [5973/6093] Replayed UnitDistance.SigmaFiniteRamification
warning: UnitDistance/SigmaFiniteRamification.lean:35:2: Try this: 
  letI̵

The goal is a proposition, so `let` is preferred over `letI`.
The difference between `let` and `letI` is that `letI` inlines the value.
But this is not relevant for proofs because of proof irrelevance.

Note: This linter can be disabled with `set_option linter.style.haveILetI false`
warning: UnitDistance/SigmaFiniteRamification.lean:36:2: Try this: 
  letI̵

The goal is a proposition, so `let` is preferred over `letI`.
The difference between `let` and `letI` is that `letI` inlines the value.
But this is not relevant for proofs because of proof irrelevance.

Note: This linter can be disabled with `set_option linter.style.haveILetI false`
warning: UnitDistance/SigmaFiniteRamification.lean:37:2: Try this: 
  letI̵

The goal is a proposition, so `let` is preferred over `letI`.
The difference between `let` and `letI` is that `letI` inlines the value.
But this is not relevant for proofs because of proof irrelevance.

Note: This linter can be disabled with `set_option linter.style.haveILetI false`
warning: UnitDistance/SigmaFiniteRamification.lean:38:2: Try this: 
  letI̵

The goal is a proposition, so `let` is preferred over `letI`.
The difference between `let` and `letI` is that `letI` inlines the value.
But this is not relevant for proofs because of proof irrelevance.

Note: This linter can be disabled with `set_option linter.style.haveILetI false`
warning: UnitDistance/SigmaFiniteRamification.lean:56:2: Try this: 
  letI̵

The goal is a proposition, so `let` is preferred over `letI`.
The difference between `let` and `letI` is that `letI` inlines the value.
But this is not relevant for proofs because of proof irrelevance.

Note: This linter can be disabled with `set_option linter.style.haveILetI false`
warning: UnitDistance/SigmaFiniteRamification.lean:57:2: Try this: 
  letI̵

The goal is a proposition, so `let` is preferred over `letI`.
The difference between `let` and `letI` is that `letI` inlines the value.
But this is not relevant for proofs because of proof irrelevance.

Note: This linter can be disabled with `set_option linter.style.haveILetI false`
⚠ [5983/6093] Replayed UnitDistance.Upstream.Yamaguchi.GaloisCohomology.ProP.ClosedKernelH2FiniteFamily
warning: UnitDistance/Upstream/Yamaguchi/GaloisCohomology/ProP/ClosedKernelH2FiniteFamily.lean:82:2: Try this: 
  letI̵

The goal is a proposition, so `let` is preferred over `letI`.
The difference between `let` and `letI` is that `letI` inlines the value.
But this is not relevant for proofs because of proof irrelevance.

Note: This linter can be disabled with `set_option linter.style.haveILetI false`
warning: UnitDistance/Upstream/Yamaguchi/GaloisCohomology/ProP/ClosedKernelH2FiniteFamily.lean:84:2: Try this: 
  letI̵

The goal is a proposition, so `let` is preferred over `letI`.
The difference between `let` and `letI` is that `letI` inlines the value.
But this is not relevant for proofs because of proof irrelevance.

Note: This linter can be disabled with `set_option linter.style.haveILetI false`
warning: UnitDistance/Upstream/Yamaguchi/GaloisCohomology/ProP/ClosedKernelH2FiniteFamily.lean:86:2: Try this: 
  letI̵

The goal is a proposition, so `let` is preferred over `letI`.
The difference between `let` and `letI` is that `letI` inlines the value.
But this is not relevant for proofs because of proof irrelevance.

Note: This linter can be disabled with `set_option linter.style.haveILetI false`
warning: UnitDistance/Upstream/Yamaguchi/GaloisCohomology/ProP/ClosedKernelH2FiniteFamily.lean:88:2: Try this: 
  letI̵

The goal is a proposition, so `let` is preferred over `letI`.
The difference between `let` and `letI` is that `letI` inlines the value.
But this is not relevant for proofs because of proof irrelevance.

Note: This linter can be disabled with `set_option linter.style.haveILetI false`
warning: UnitDistance/Upstream/Yamaguchi/GaloisCohomology/ProP/ClosedKernelH2FiniteFamily.lean:89:2: Try this: 
  letI̵

The goal is a proposition, so `let` is preferred over `letI`.
The difference between `let` and `letI` is that `letI` inlines the value.
But this is not relevant for proofs because of proof irrelevance.

Note: This linter can be disabled with `set_option linter.style.haveILetI false`
⚠ [5996/6093] Replayed UnitDistance.Upstream.Yamaguchi.GaloisCohomology.Kummer.Concrete.AbsoluteKummerH1
warning: UnitDistance/Upstream/Yamaguchi/GaloisCohomology/Kummer/Concrete/AbsoluteKummerH1.lean:63:11: Private declaration `AbsoluteRadicalDatum` accessed publicly; this is allowed only because the `backward.privateInPublic` option is enabled. 

Disable `backward.privateInPublic.warn` to silence this warning.
warning: UnitDistance/Upstream/Yamaguchi/GaloisCohomology/Kummer/Concrete/AbsoluteKummerH1.lean:90:7: Private declaration `AbsoluteRadicalDatum` accessed publicly; this is allowed only because the `backward.privateInPublic` option is enabled. 

Disable `backward.privateInPublic.warn` to silence this warning.
warning: UnitDistance/Upstream/Yamaguchi/GaloisCohomology/Kummer/Concrete/AbsoluteKummerH1.lean:93:7: Private declaration `AbsoluteRadicalDatum` accessed publicly; this is allowed only because the `backward.privateInPublic` option is enabled. 

Disable `backward.privateInPublic.warn` to silence this warning.
warning: UnitDistance/Upstream/Yamaguchi/GaloisCohomology/Kummer/Concrete/AbsoluteKummerH1.lean:95:7: Private declaration `map_powerRange_unitsEquivAbsoluteRadicalCarrier` accessed publicly; this is allowed only because the `backward.privateInPublic` option is enabled. 

Disable `backward.privateInPublic.warn` to silence this warning.
warning: UnitDistance/Upstream/Yamaguchi/GaloisCohomology/Kummer/Concrete/AbsoluteKummerH1.lean:96:5: Private declaration `AbsoluteRadicalDatum` accessed publicly; this is allowed only because the `backward.privateInPublic` option is enabled. 

Disable `backward.privateInPublic.warn` to silence this warning.
warning: UnitDistance/Upstream/Yamaguchi/GaloisCohomology/Kummer/Concrete/AbsoluteKummerH1.lean:168:5: Private declaration `continuousCharacterCongrRight` accessed publicly; this is allowed only because the `backward.privateInPublic` option is enabled. 

Disable `backward.privateInPublic.warn` to silence this warning.
warning: UnitDistance/Upstream/Yamaguchi/GaloisCohomology/Kummer/Concrete/AbsoluteKummerH1.lean:169:7: Private declaration `discreteNthRootsContinuousMulEquivMultiplicativeZMod` accessed publicly; this is allowed only because the `backward.privateInPublic` option is enabled. 

Disable `backward.privateInPublic.warn` to silence this warning.
⚠ [5999/6093] Replayed UnitDistance.Upstream.Yamaguchi.SawinTotallyRealTowers.UnramifiedProPRelationRank.Kummer.AbsoluteMuPTopRep
warning: UnitDistance/Upstream/Yamaguchi/SawinTotallyRealTowers/UnramifiedProPRelationRank/Kummer/AbsoluteMuPTopRep.lean:147:3: Private declaration `AbsoluteRadicalDatum` accessed publicly; this is allowed only because the `backward.privateInPublic` option is enabled. 

Disable `backward.privateInPublic.warn` to silence this warning.
warning: UnitDistance/Upstream/Yamaguchi/SawinTotallyRealTowers/UnramifiedProPRelationRank/Kummer/AbsoluteMuPTopRep.lean:148:41: Private declaration `primePNat` accessed publicly; this is allowed only because the `backward.privateInPublic` option is enabled. 

Disable `backward.privateInPublic.warn` to silence this warning.
warning: UnitDistance/Upstream/Yamaguchi/SawinTotallyRealTowers/UnramifiedProPRelationRank/Kummer/AbsoluteMuPTopRep.lean:167:48: Private declaration `primePNat` accessed publicly; this is allowed only because the `backward.privateInPublic` option is enabled. 

Disable `backward.privateInPublic.warn` to silence this warning.
warning: UnitDistance/Upstream/Yamaguchi/SawinTotallyRealTowers/UnramifiedProPRelationRank/Kummer/AbsoluteMuPTopRep.lean:169:6: Private declaration `AbsoluteRadicalDatum` accessed publicly; this is allowed only because the `backward.privateInPublic` option is enabled. 

Disable `backward.privateInPublic.warn` to silence this warning.
warning: UnitDistance/Upstream/Yamaguchi/SawinTotallyRealTowers/UnramifiedProPRelationRank/Kummer/AbsoluteMuPTopRep.lean:171:7: Private declaration `AbsoluteRadicalDatum` accessed publicly; this is allowed only because the `backward.privateInPublic` option is enabled. 

Disable `backward.privateInPublic.warn` to silence this warning.
⚠ [6019/6093] Replayed UnitDistance.ProPStageRestriction
warning: UnitDistance/ProPStageRestriction.lean:75:2: Private declaration `quotientDiscreteEquiv` accessed publicly; this is allowed only because the `backward.privateInPublic` option is enabled. 

Disable `backward.privateInPublic.warn` to silence this warning.
warning: UnitDistance/ProPStageRestriction.lean:85:2: Private declaration `quotientToDiscreteMap` accessed publicly; this is allowed only because the `backward.privateInPublic` option is enabled. 

Disable `backward.privateInPublic.warn` to silence this warning.
⚠ [6022/6093] Replayed UnitDistance.Upstream.Yamaguchi.ClassFieldTheory.AlgebraicNumberTheory.Adele.InfinitePlaceTensorBlock
warning: UnitDistance/Upstream/Yamaguchi/ClassFieldTheory/AlgebraicNumberTheory/Adele/InfinitePlaceTensorBlock.lean:63:0: automatically included section variable(s) unused in theorem `infinitePlaceCompletionAlgEquiv_algebraMap`:
  [NumberField L]
consider restructuring your `variable` declarations so that the variables are not in scope or explicitly omit them:
  omit [NumberField L] in theorem ...

Note: This linter can be disabled with `set_option linter.unusedSectionVars false`
warning: UnitDistance/Upstream/Yamaguchi/ClassFieldTheory/AlgebraicNumberTheory/Adele/InfinitePlaceTensorBlock.lean:158:20: `TensorProduct.induction_on` has been deprecated: Use `TensorProduction.inductionOn` instead
⚠ [6024/6093] Replayed UnitDistance.Upstream.Yamaguchi.ClassFieldTheory.LocalClassFieldTheory.ClassFormation.ArchimedeanNormQuotient
warning: UnitDistance/Upstream/Yamaguchi/ClassFieldTheory/LocalClassFieldTheory/ClassFormation/ArchimedeanNormQuotient.lean:15:0: 'Mathlib.Data.Real.Sign' has been deprecated: please replace this import by

import Mathlib.Basic.Real.Sign
warning: UnitDistance/Upstream/Yamaguchi/ClassFieldTheory/LocalClassFieldTheory/ClassFormation/ArchimedeanNormQuotient.lean:613:8: `if_pos` has been deprecated: Use `ite_eq_left` instead

Hint: Replace the deprecated name:
  i̵f̵_̵p̵o̵s̵i̲t̲e̲_̲e̲q̲_̲l̲e̲f̲t̲
warning: UnitDistance/Upstream/Yamaguchi/ClassFieldTheory/LocalClassFieldTheory/ClassFormation/ArchimedeanNormQuotient.lean:616:37: `if_pos` has been deprecated: Use `ite_eq_left` instead

Hint: Replace the deprecated name:
  i̵f̵_̵p̵o̵s̵i̲t̲e̲_̲e̲q̲_̲l̲e̲f̲t̲
warning: UnitDistance/Upstream/Yamaguchi/ClassFieldTheory/LocalClassFieldTheory/ClassFormation/ArchimedeanNormQuotient.lean:617:8: `if_neg` has been deprecated: Use `ite_eq_right` instead

Hint: Replace the deprecated name:
  i̵f̵_̵n̵e̵g̵i̲t̲e̲_̲e̲q̲_̲r̲i̲g̲h̲t̲
warning: UnitDistance/Upstream/Yamaguchi/ClassFieldTheory/LocalClassFieldTheory/ClassFormation/ArchimedeanNormQuotient.lean:558:0: automatically included section variable(s) unused in theorem `LocalClassFieldTheory.infinitePlaceLocalHerbrandH0_card_eq_localDegree`:
  [NumberField L]
consider restructuring your `variable` declarations so that the variables are not in scope or explicitly omit them:
  omit [NumberField L] in theorem ...

Note: This linter can be disabled with `set_option linter.unusedSectionVars false`
warning: UnitDistance/Upstream/Yamaguchi/ClassFieldTheory/LocalClassFieldTheory/ClassFormation/ArchimedeanNormQuotient.lean:767:39: `if_pos` has been deprecated: Use `ite_eq_left` instead

Hint: Replace the deprecated name:
  i̵f̵_̵p̵o̵s̵i̲t̲e̲_̲e̲q̲_̲l̲e̲f̲t̲
warning: UnitDistance/Upstream/Yamaguchi/ClassFieldTheory/LocalClassFieldTheory/ClassFormation/ArchimedeanNormQuotient.lean:719:0: automatically included section variable(s) unused in theorem `LocalClassFieldTheory.infinitePlaceLocalHerbrandH0Finite`:
  [NumberField L]
consider restructuring your `variable` declarations so that the variables are not in scope or explicitly omit them:
  omit [NumberField L] in theorem ...

Note: This linter can be disabled with `set_option linter.unusedSectionVars false`
⚠ [6025/6093] Replayed UnitDistance.Upstream.Yamaguchi.ClassFieldTheory.AlgebraicNumberTheory.Adele.FinitePlaceTensorBlock
warning: UnitDistance/Upstream/Yamaguchi/ClassFieldTheory/AlgebraicNumberTheory/Adele/FinitePlaceTensorBlock.lean:66:20: `TensorProduct.induction_on` has been deprecated: Use `TensorProduction.inductionOn` instead
⚠ [6037/6093] Replayed UnitDistance.SigmaFinitePrimeSupport
warning: UnitDistance/SigmaFinitePrimeSupport.lean:24:2: Private declaration `sigmaAllowedPrimes` accessed publicly; this is allowed only because the `backward.privateInPublic` option is enabled. 

Disable `backward.privateInPublic.warn` to silence this warning.
⚠ [6043/6161] Replayed UnitDistance.Upstream.Yamaguchi.ClassFieldTheory.AlgebraicNumberTheory.Idele.Cohomology.Decomposition
warning: UnitDistance/Upstream/Yamaguchi/ClassFieldTheory/AlgebraicNumberTheory/Idele/Cohomology/Decomposition.lean:100:16: `dif_neg` has been deprecated: Use `dite_eq_right` instead

Hint: Replace the deprecated name:
  d̵i̵f̵_̵n̵e̵g̵d̲i̲t̲e̲_̲e̲q̲_̲r̲i̲g̲h̲t̲
⚠ [6045/6161] Replayed UnitDistance.Upstream.Yamaguchi.ClassFieldTheory.AlgebraicNumberTheory.Completion.UnramifiedComparison.IdealToCompletion
warning: UnitDistance/Upstream/Yamaguchi/ClassFieldTheory/AlgebraicNumberTheory/Completion/UnramifiedComparison/IdealToCompletion.lean:408:0: automatically included section variable(s) unused in theorem `finitePlaceExtensionCentre_ramificationIdx_eq_one_of_isUnramifiedAt`:
  [FiniteDimensional K L]
consider restructuring your `variable` declarations so that the variables are not in scope or explicitly omit them:
  omit [FiniteDimensional K L] in theorem ...

Note: This linter can be disabled with `set_option linter.unusedSectionVars false`
⚠ [6047/6161] Replayed UnitDistance.SupportedIdeleCocycles
warning: UnitDistance/SupportedIdeleCocycles.lean:43:0: automatically included section variable(s) unused in theorem `UnitDistance.ArithmeticProP.exists_supportedIdele_cocycle`:
  [IsGalois K L]
consider restructuring your `variable` declarations so that the variables are not in scope or explicitly omit them:
  omit [IsGalois K L] in theorem ...

Note: This linter can be disabled with `set_option linter.unusedSectionVars false`
⚠ [6048/6161] Replayed UnitDistance.Upstream.Yamaguchi.GaloisCohomology.ProP.MultiplicativeBinaryProductH2Evaluation
warning: UnitDistance/Upstream/Yamaguchi/GaloisCohomology/ProP/MultiplicativeBinaryProductH2Evaluation.lean:48:5: Private declaration `firstRepHom` accessed publicly; this is allowed only because the `backward.privateInPublic` option is enabled. 

Disable `backward.privateInPublic.warn` to silence this warning.
warning: UnitDistance/Upstream/Yamaguchi/GaloisCohomology/ProP/MultiplicativeBinaryProductH2Evaluation.lean:51:9: Private declaration `secondRepHom` accessed publicly; this is allowed only because the `backward.privateInPublic` option is enabled. 

Disable `backward.privateInPublic.warn` to silence this warning.
⚠ [6049/6161] Replayed UnitDistance.Upstream.Yamaguchi.GaloisCohomology.ProP.FiniteCyclicH2TateH0
warning: UnitDistance/Upstream/Yamaguchi/GaloisCohomology/ProP/FiniteCyclicH2TateH0.lean:62:23: Private declaration `finiteCyclicH2IsCyclicOfGenerator` accessed publicly; this is allowed only because the `backward.privateInPublic` option is enabled. 

Disable `backward.privateInPublic.warn` to silence this warning.
⚠ [6068/6161] Replayed UnitDistance.Upstream.Yamaguchi.SawinTotallyRealTowers.UnramifiedProPRelationRank.Global.UnramifiedInfinitePlaceBlockH2
warning: UnitDistance/Upstream/Yamaguchi/SawinTotallyRealTowers/UnramifiedProPRelationRank/Global/UnramifiedInfinitePlaceBlockH2.lean:64:37: `if_pos` has been deprecated: Use `ite_eq_left` instead

Hint: Replace the deprecated name:
  i̵f̵_̵p̵o̵s̵i̲t̲e̲_̲e̲q̲_̲l̲e̲f̲t̲
⚠ [6069/6161] Replayed UnitDistance.Upstream.Yamaguchi.SawinTotallyRealTowers.UnramifiedProPRelationRank.Local.SupportedSPlaceFactorsH2Localization
warning: UnitDistance/Upstream/Yamaguchi/SawinTotallyRealTowers/UnramifiedProPRelationRank/Local/SupportedSPlaceFactorsH2Localization.lean:146:5: Private declaration `supportedSPlaceCohomologyIso` accessed publicly; this is allowed only because the `backward.privateInPublic` option is enabled. 

Disable `backward.privateInPublic.warn` to silence this warning.
⚠ [6070/6161] Replayed UnitDistance.SupportedIdeleLocalization
warning: UnitDistance/SupportedIdeleLocalization.lean:32:0: automatically included section variable(s) unused in theorem `UnitDistance.ArithmeticProP.supportedIdeleH2_localization_eq`:
  [IsGalois K L]
consider restructuring your `variable` declarations so that the variables are not in scope or explicitly omit them:
  omit [IsGalois K L] in theorem ...

Note: This linter can be disabled with `set_option linter.unusedSectionVars false`
⚠ [6071/6161] Replayed UnitDistance.TensorBaseChangeH2
warning: UnitDistance/TensorBaseChangeH2.lean:45:20: `TensorProduct.induction_on` has been deprecated: Use `TensorProduction.inductionOn` instead
⚠ [6072/6161] Replayed UnitDistance.FieldUnitsIdeleDetection
warning: UnitDistance/FieldUnitsIdeleDetection.lean:37:0: automatically included section variable(s) unused in theorem `UnitDistance.ArithmeticProP.fieldUnitsIdeleHom_finite_factor`:
  [NumberField L]
  [FiniteDimensional K L]
  [IsGalois K L]
consider restructuring your `variable` declarations so that the variables are not in scope or explicitly omit them:
  omit [NumberField L] [FiniteDimensional K L] [IsGalois K L] in theorem ...

Note: This linter can be disabled with `set_option linter.unusedSectionVars false`
⚠ [6075/6161] Replayed UnitDistance.Upstream.Yamaguchi.ClassFieldTheory.AlgebraicNumberTheory.Adele.FiniteRestrictedProductBaseChange
warning: UnitDistance/Upstream/Yamaguchi/ClassFieldTheory/AlgebraicNumberTheory/Adele/FiniteRestrictedProductBaseChange.lean:335:15: `Set.mem_setOf_eq` has been deprecated: Use `Set.mem_ofPred_eq` instead

Hint: Replace the deprecated name:
  S̵e̵t̵.̵m̵e̵m̵_̵s̵e̵t̵O̵f̵_̵e̵q̵S̲e̲t̲.̲m̲e̲m̲_̲o̲f̲P̲r̲e̲d̲_̲e̲q̲
⚠ [6083/6161] Replayed UnitDistance.Upstream.Yamaguchi.ClassFieldTheory.AlgebraicNumberTheory.Idele.ClassGroup.TowerBaseChange
warning: UnitDistance/Upstream/Yamaguchi/ClassFieldTheory/AlgebraicNumberTheory/Idele/ClassGroup/TowerBaseChange.lean:121:20: `TensorProduct.induction_on` has been deprecated: Use `TensorProduction.inductionOn` instead
warning: UnitDistance/Upstream/Yamaguchi/ClassFieldTheory/AlgebraicNumberTheory/Idele/ClassGroup/TowerBaseChange.lean:141:20: `TensorProduct.induction_on` has been deprecated: Use `TensorProduction.inductionOn` instead
warning: UnitDistance/Upstream/Yamaguchi/ClassFieldTheory/AlgebraicNumberTheory/Idele/ClassGroup/TowerBaseChange.lean:157:24: `TensorProduct.induction_on` has been deprecated: Use `TensorProduction.inductionOn` instead
warning: UnitDistance/Upstream/Yamaguchi/ClassFieldTheory/AlgebraicNumberTheory/Idele/ClassGroup/TowerBaseChange.lean:258:20: `TensorProduct.induction_on` has been deprecated: Use `TensorProduction.inductionOn` instead
warning: UnitDistance/Upstream/Yamaguchi/ClassFieldTheory/AlgebraicNumberTheory/Idele/ClassGroup/TowerBaseChange.lean:274:24: `TensorProduct.induction_on` has been deprecated: Use `TensorProduction.inductionOn` instead
warning: UnitDistance/Upstream/Yamaguchi/ClassFieldTheory/AlgebraicNumberTheory/Idele/ClassGroup/TowerBaseChange.lean:711:6: `TensorProduct.induction_on` has been deprecated: Use `TensorProduction.inductionOn` instead
warning: UnitDistance/Upstream/Yamaguchi/ClassFieldTheory/AlgebraicNumberTheory/Idele/ClassGroup/TowerBaseChange.lean:743:6: `TensorProduct.induction_on` has been deprecated: Use `TensorProduction.inductionOn` instead
⚠ [6084/6161] Replayed UnitDistance.Upstream.Yamaguchi.ClassFieldTheory.AlgebraicNumberTheory.Idele.ClassGroup.AlgEquiv
warning: UnitDistance/Upstream/Yamaguchi/ClassFieldTheory/AlgebraicNumberTheory/Idele/ClassGroup/AlgEquiv.lean:209:6: `TensorProduct.induction_on` has been deprecated: Use `TensorProduction.inductionOn` instead
warning: UnitDistance/Upstream/Yamaguchi/ClassFieldTheory/AlgebraicNumberTheory/Idele/ClassGroup/AlgEquiv.lean:432:10: Private declaration `finitePlaceBelow_eq_finitePlaceCongr_symm` accessed publicly; this is allowed only because the `backward.privateInPublic` option is enabled. 

Disable `backward.privateInPublic.warn` to silence this warning.
warning: UnitDistance/Upstream/Yamaguchi/ClassFieldTheory/AlgebraicNumberTheory/Idele/ClassGroup/AlgEquiv.lean:478:20: `TensorProduct.induction_on` has been deprecated: Use `TensorProduction.inductionOn` instead
warning: UnitDistance/Upstream/Yamaguchi/ClassFieldTheory/AlgebraicNumberTheory/Idele/ClassGroup/AlgEquiv.lean:1209:4: Private declaration `relativeAdeleMapOfCompatibleEquiv` accessed publicly; this is allowed only because the `backward.privateInPublic` option is enabled. 

Disable `backward.privateInPublic.warn` to silence this warning.
warning: UnitDistance/Upstream/Yamaguchi/ClassFieldTheory/AlgebraicNumberTheory/Idele/ClassGroup/AlgEquiv.lean:1212:4: Private declaration `relativeAdeleMapOfCompatibleEquiv` accessed publicly; this is allowed only because the `backward.privateInPublic` option is enabled. 

Disable `backward.privateInPublic.warn` to silence this warning.
warning: UnitDistance/Upstream/Yamaguchi/ClassFieldTheory/AlgebraicNumberTheory/Idele/ClassGroup/AlgEquiv.lean:1219:26: `TensorProduct.induction_on` has been deprecated: Use `TensorProduction.inductionOn` instead
warning: UnitDistance/Upstream/Yamaguchi/ClassFieldTheory/AlgebraicNumberTheory/Idele/ClassGroup/AlgEquiv.lean:1245:26: `TensorProduct.induction_on` has been deprecated: Use `TensorProduction.inductionOn` instead
⚠ [6085/6161] Replayed UnitDistance.Upstream.Yamaguchi.ClassFieldTheory.GlobalClassFieldTheory.Reciprocity.IdeleClassDirectLimitCore
warning: UnitDistance/Upstream/Yamaguchi/ClassFieldTheory/GlobalClassFieldTheory/Reciprocity/IdeleClassDirectLimitCore.lean:157:20: `TensorProduct.induction_on` has been deprecated: Use `TensorProduction.inductionOn` instead
warning: UnitDistance/Upstream/Yamaguchi/ClassFieldTheory/GlobalClassFieldTheory/Reciprocity/IdeleClassDirectLimitCore.lean:290:6: `TensorProduct.induction_on` has been deprecated: Use `TensorProduction.inductionOn` instead
warning: UnitDistance/Upstream/Yamaguchi/ClassFieldTheory/GlobalClassFieldTheory/Reciprocity/IdeleClassDirectLimitCore.lean:323:20: `TensorProduct.induction_on` has been deprecated: Use `TensorProduction.inductionOn` instead
⚠ [6090/6161] Replayed UnitDistance.Upstream.Yamaguchi.GaloisCohomology.Kummer.Concrete.FiniteSupport
warning: UnitDistance/Upstream/Yamaguchi/GaloisCohomology/Kummer/Concrete/FiniteSupport.lean:442:8: `CommGroup.finite_of_fg_torsion` has been deprecated: Use `CommGroup.finite_of_fg_isMulTorsion` instead

Hint: Replace the deprecated name:
  C̵o̵m̵m̵G̵r̵o̵u̵p̵.̵f̵i̵n̵i̵t̵e̵_̵o̵f̵_̵f̵g̵_̵t̵o̵r̵s̵i̵o̵n̵C̲o̲m̲m̲G̲r̲o̲u̲p̲.̲f̲i̲n̲i̲t̲e̲_̲o̲f̲_̲f̲g̲_̲i̲s̲M̲u̲l̲T̲o̲r̲s̲i̲o̲n̲
⚠ [6093/6161] Replayed UnitDistance.Upstream.Yamaguchi.GaloisCohomology.Kummer.Concrete.KummerCorrespondenceFormula
warning: UnitDistance/Upstream/Yamaguchi/GaloisCohomology/Kummer/Concrete/KummerCorrespondenceFormula.lean:166:21: `CommGroup.finite_of_fg_torsion` has been deprecated: Use `CommGroup.finite_of_fg_isMulTorsion` instead

Hint: Replace the deprecated name:
  C̵o̵m̵m̵G̵r̵o̵u̵p̵.̵f̵i̵n̵i̵t̵e̵_̵o̵f̵_̵f̵g̵_̵t̵o̵r̵s̵i̵o̵n̵C̲o̲m̲m̲G̲r̲o̲u̲p̲.̲f̲i̲n̲i̲t̲e̲_̲o̲f̲_̲f̲g̲_̲i̲s̲M̲u̲l̲T̲o̲r̲s̲i̲o̲n̲
⚠ [6097/6161] Replayed UnitDistance.Upstream.Yamaguchi.ClassFieldTheory.GlobalClassFieldTheory.ClassFieldAxiom.IdeleClassPowerLocalUnitQuotient.ArchimedeanPowerIndex
warning: UnitDistance/Upstream/Yamaguchi/ClassFieldTheory/GlobalClassFieldTheory/ClassFieldAxiom/IdeleClassPowerLocalUnitQuotient/ArchimedeanPowerIndex.lean:14:0: 'Mathlib.Data.Sign.Basic' has been deprecated: please replace this import by

import Mathlib.Basic.Sign.Basic
⚠ [6109/6194] Replayed UnitDistance.Upstream.Yamaguchi.ClassFieldTheory.AlgebraicNumberTheory.Idele.Relative.FiniteIntegralNormPreimage
warning: UnitDistance/Upstream/Yamaguchi/ClassFieldTheory/AlgebraicNumberTheory/Idele/Relative/FiniteIntegralNormPreimage.lean:449:10: `dif_pos` has been deprecated: Use `dite_eq_left` instead

Hint: Replace the deprecated name:
  d̵i̵f̵_̵p̵o̵s̵d̲i̲t̲e̲_̲e̲q̲_̲l̲e̲f̲t̲
warning: UnitDistance/Upstream/Yamaguchi/ClassFieldTheory/AlgebraicNumberTheory/Idele/Relative/FiniteIntegralNormPreimage.lean:464:10: `dif_neg` has been deprecated: Use `dite_eq_right` instead

Hint: Replace the deprecated name:
  d̵i̵f̵_̵n̵e̵g̵d̲i̲t̲e̲_̲e̲q̲_̲r̲i̲g̲h̲t̲
⚠ [6111/6194] Replayed UnitDistance.Upstream.Yamaguchi.GaloisCohomology.Cyclic.Herbrand.HerbrandLowDegree.BinaryProduct
warning: UnitDistance/Upstream/Yamaguchi/GaloisCohomology/Cyclic/Herbrand/HerbrandLowDegree/BinaryProduct.lean:145:9: Private declaration `piHerbrandH0EquivProd` accessed publicly; this is allowed only because the `backward.privateInPublic` option is enabled. 

Disable `backward.privateInPublic.warn` to silence this warning.
warning: UnitDistance/Upstream/Yamaguchi/GaloisCohomology/Cyclic/Herbrand/HerbrandLowDegree/BinaryProduct.lean:166:9: Private declaration `piHerbrandHMinusOneEquivProd` accessed publicly; this is allowed only because the `backward.privateInPublic` option is enabled. 

Disable `backward.privateInPublic.warn` to silence this warning.
⚠ [6114/6194] Replayed UnitDistance.Upstream.Yamaguchi.ClassFieldTheory.AlgebraicNumberTheory.Idele.ClassGroup.TowerAlgEquivNaturality
warning: UnitDistance/Upstream/Yamaguchi/ClassFieldTheory/AlgebraicNumberTheory/Idele/ClassGroup/TowerAlgEquivNaturality.lean:65:20: `TensorProduct.induction_on` has been deprecated: Use `TensorProduction.inductionOn` instead
warning: UnitDistance/Upstream/Yamaguchi/ClassFieldTheory/AlgebraicNumberTheory/Idele/ClassGroup/TowerAlgEquivNaturality.lean:179:22: `TensorProduct.induction_on` has been deprecated: Use `TensorProduction.inductionOn` instead
warning: UnitDistance/Upstream/Yamaguchi/ClassFieldTheory/AlgebraicNumberTheory/Idele/ClassGroup/TowerAlgEquivNaturality.lean:226:20: `TensorProduct.induction_on` has been deprecated: Use `TensorProduction.inductionOn` instead
warning: UnitDistance/Upstream/Yamaguchi/ClassFieldTheory/AlgebraicNumberTheory/Idele/ClassGroup/TowerAlgEquivNaturality.lean:232:24: `TensorProduct.induction_on` has been deprecated: Use `TensorProduction.inductionOn` instead
⚠ [6115/6194] Replayed UnitDistance.Upstream.Yamaguchi.ClassFieldTheory.AlgebraicNumberTheory.Idele.SufficientlyLarge
warning: UnitDistance/Upstream/Yamaguchi/ClassFieldTheory/AlgebraicNumberTheory/Idele/SufficientlyLarge.lean:82:29: Private declaration `classRepresentativeSupport` accessed publicly; this is allowed only because the `backward.privateInPublic` option is enabled. 

Disable `backward.privateInPublic.warn` to silence this warning.
⚠ [6116/6194] Replayed UnitDistance.Upstream.Yamaguchi.ClassFieldTheory.AlgebraicNumberTheory.Ramification.FiniteRamifiedPrimes
warning: UnitDistance/Upstream/Yamaguchi/ClassFieldTheory/AlgebraicNumberTheory/Ramification/FiniteRamifiedPrimes.lean:49:13: `Ideal.eq_bot_of_comap_eq_bot` has been deprecated: Use `Ideal.eq_bot_of_under_eq_bot` instead

Hint: Replace the deprecated name:
  I̵d̵e̵a̵l̵.̵e̵q̵_̵b̵o̵t̵_̵o̵f̵_̵c̵o̵m̵a̵p̵_̵e̵q̵_̵b̵o̵t̵I̲d̲e̲a̲l̲.̲e̲q̲_̲b̲o̲t̲_̲o̲f̲_̲u̲n̲d̲e̲r̲_̲e̲q̲_̲b̲o̲t̲
⚠ [6119/6194] Replayed UnitDistance.Upstream.Yamaguchi.ClassFieldTheory.AlgebraicNumberTheory.Idele.Cohomology.SPlaces.Herbrand.Local
warning: UnitDistance/Upstream/Yamaguchi/ClassFieldTheory/AlgebraicNumberTheory/Idele/Cohomology/SPlaces/Herbrand/Local.lean:156:0: automatically included section variable(s) unused in theorem `relativeUnrestrictedLocalHerbrandHMinusOneFinite`:
  [NumberField L]
consider restructuring your `variable` declarations so that the variables are not in scope or explicitly omit them:
  omit [NumberField L] in theorem ...

Note: This linter can be disabled with `set_option linter.unusedSectionVars false`
⚠ [6122/6194] Replayed UnitDistance.Upstream.Yamaguchi.ClassFieldTheory.AlgebraicNumberTheory.Idele.Cohomology.SPlaces.Herbrand.Factors
warning: UnitDistance/Upstream/Yamaguchi/ClassFieldTheory/AlgebraicNumberTheory/Idele/Cohomology/SPlaces/Herbrand/Factors.lean:100:4: Private declaration `relativeUnrestrictedSPlaceFactorsActionProvider` accessed publicly; this is allowed only because the `backward.privateInPublic` option is enabled. 

Disable `backward.privateInPublic.warn` to silence this warning.
warning: UnitDistance/Upstream/Yamaguchi/ClassFieldTheory/AlgebraicNumberTheory/Idele/Cohomology/SPlaces/Herbrand/Factors.lean:103:4: Private declaration `relativeUnrestrictedSPlaceLocalBlockFamilyActionProvider` accessed publicly; this is allowed only because the `backward.privateInPublic` option is enabled. 

Disable `backward.privateInPublic.warn` to silence this warning.
warning: UnitDistance/Upstream/Yamaguchi/ClassFieldTheory/AlgebraicNumberTheory/Idele/Cohomology/SPlaces/Herbrand/Factors.lean:138:4: Private declaration `relativeUnrestrictedSPlaceFactorsActionProvider` accessed publicly; this is allowed only because the `backward.privateInPublic` option is enabled. 

Disable `backward.privateInPublic.warn` to silence this warning.
warning: UnitDistance/Upstream/Yamaguchi/ClassFieldTheory/AlgebraicNumberTheory/Idele/Cohomology/SPlaces/Herbrand/Factors.lean:141:4: Private declaration `relativeUnrestrictedSPlaceLocalBlockFamilyActionProvider` accessed publicly; this is allowed only because the `backward.privateInPublic` option is enabled. 

Disable `backward.privateInPublic.warn` to silence this warning.
⚠ [6126/6194] Replayed UnitDistance.Upstream.Yamaguchi.ClassFieldTheory.AlgebraicNumberTheory.SUnit.Herbrand
warning: UnitDistance/Upstream/Yamaguchi/ClassFieldTheory/AlgebraicNumberTheory/SUnit/Herbrand.lean:13:0: 'Mathlib.RingTheory.Ideal.Quotient.HasFiniteQuotients' has been deprecated: please replace this import by

import Mathlib.RingTheory.Ideal.Quotient.HasFiniteQuotients.Basic
import Mathlib.RingTheory.Ideal.Quotient.HasFiniteQuotients.Norm
⚠ [6129/6194] Replayed UnitDistance.Upstream.Yamaguchi.ClassFieldTheory.AlgebraicNumberTheory.Completion.UnramifiedComparison.CompletionToIdeal
warning: UnitDistance/Upstream/Yamaguchi/ClassFieldTheory/AlgebraicNumberTheory/Completion/UnramifiedComparison/CompletionToIdeal.lean:13:0: 'Mathlib.RingTheory.Ideal.Quotient.HasFiniteQuotients' has been deprecated: please replace this import by

import Mathlib.RingTheory.Ideal.Quotient.HasFiniteQuotients.Basic
import Mathlib.RingTheory.Ideal.Quotient.HasFiniteQuotients.Norm
⚠ [6131/6194] Replayed UnitDistance.Upstream.Yamaguchi.ClassFieldTheory.AlgebraicNumberTheory.Ramification.Splitting.NormalClosure
warning: UnitDistance/Upstream/Yamaguchi/ClassFieldTheory/AlgebraicNumberTheory/Ramification/Splitting/NormalClosure.lean:786:0: automatically included section variable(s) unused in theorem `finitePlaceSplitsCompletely_of_decompositionGroup_le_restrictNormalHom_ker`:
  [FiniteDimensional K N]
consider restructuring your `variable` declarations so that the variables are not in scope or explicitly omit them:
  omit [FiniteDimensional K N] in theorem ...

Note: This linter can be disabled with `set_option linter.unusedSectionVars false`
⚠ [6138/6263] Replayed UnitDistance.Upstream.Yamaguchi.ClassFieldTheory.KummerTheory.Concrete.FinitePlaceDecomposition
warning: UnitDistance/Upstream/Yamaguchi/ClassFieldTheory/KummerTheory/Concrete/FinitePlaceDecomposition.lean:181:0: automatically included section variable(s) unused in theorem `KummerTheory.finitePlaceKummerRadicand_mem_nthPowerSubgroup_iff_root_mem_decompositionFixedField`:
  [FiniteDimensional K L]
consider restructuring your `variable` declarations so that the variables are not in scope or explicitly omit them:
  omit [FiniteDimensional K L] in theorem ...

Note: This linter can be disabled with `set_option linter.unusedSectionVars false`
⚠ [6150/6263] Replayed UnitDistance.Upstream.Yamaguchi.ClassFieldTheory.GlobalClassFieldTheory.ClassFieldAxiom.SupportedIdelePowerLocalUnitQuotient
warning: UnitDistance/Upstream/Yamaguchi/ClassFieldTheory/GlobalClassFieldTheory/ClassFieldAxiom/SupportedIdelePowerLocalUnitQuotient.lean:269:2: Private declaration `quotientEquivOfSurjectiveWithKernel` accessed publicly; this is allowed only because the `backward.privateInPublic` option is enabled. 

Disable `backward.privateInPublic.warn` to silence this warning.
⚠ [6151/6263] Replayed UnitDistance.Upstream.Yamaguchi.ClassFieldTheory.GlobalClassFieldTheory.ClassFieldAxiom.IdeleClassPowerLocalUnitQuotient.SupportedIdeleIndex
warning: UnitDistance/Upstream/Yamaguchi/ClassFieldTheory/GlobalClassFieldTheory/ClassFieldAxiom/IdeleClassPowerLocalUnitQuotient/SupportedIdeleIndex.lean:187:8: `if_pos` has been deprecated: Use `ite_eq_left` instead

Hint: Replace the deprecated name:
  i̵f̵_̵p̵o̵s̵i̲t̲e̲_̲e̲q̲_̲l̲e̲f̲t̲
warning: UnitDistance/Upstream/Yamaguchi/ClassFieldTheory/GlobalClassFieldTheory/ClassFieldAxiom/IdeleClassPowerLocalUnitQuotient/SupportedIdeleIndex.lean:196:10: `if_pos` has been deprecated: Use `ite_eq_left` instead

Hint: Replace the deprecated name:
  i̵f̵_̵p̵o̵s̵i̲t̲e̲_̲e̲q̲_̲l̲e̲f̲t̲
warning: UnitDistance/Upstream/Yamaguchi/ClassFieldTheory/GlobalClassFieldTheory/ClassFieldAxiom/IdeleClassPowerLocalUnitQuotient/SupportedIdeleIndex.lean:203:10: `if_neg` has been deprecated: Use `ite_eq_right` instead

Hint: Replace the deprecated name:
  i̵f̵_̵n̵e̵g̵i̲t̲e̲_̲e̲q̲_̲r̲i̲g̲h̲t̲
warning: UnitDistance/Upstream/Yamaguchi/ClassFieldTheory/GlobalClassFieldTheory/ClassFieldAxiom/IdeleClassPowerLocalUnitQuotient/SupportedIdeleIndex.lean:256:10: `if_pos` has been deprecated: Use `ite_eq_left` instead

Hint: Replace the deprecated name:
  i̵f̵_̵p̵o̵s̵i̲t̲e̲_̲e̲q̲_̲l̲e̲f̲t̲
⚠ [6157/6263] Replayed UnitDistance.Upstream.Yamaguchi.ClassFieldTheory.AlgebraicNumberTheory.Ramification.Splitting.PrimeOrderFixedField
warning: UnitDistance/Upstream/Yamaguchi/ClassFieldTheory/AlgebraicNumberTheory/Ramification/Splitting/PrimeOrderFixedField.lean:214:0: automatically included section variable(s) unused in theorem `finitePlaceSplitsCompletely_over_intermediate_of_liesAbove`:
  [NumberField L]
  [FiniteDimensional K L]
consider restructuring your `variable` declarations so that the variables are not in scope or explicitly omit them:
  omit [NumberField L] [FiniteDimensional K L] in theorem ...

Note: This linter can be disabled with `set_option linter.unusedSectionVars false`
⚠ [6162/6263] Replayed UnitDistance.Upstream.Yamaguchi.GaloisCohomology.ProfiniteIntegers.ProfiniteIntegerPrimeProduct
warning: UnitDistance/Upstream/Yamaguchi/GaloisCohomology/ProfiniteIntegers/ProfiniteIntegerPrimeProduct.lean:188:13: `Set.mem_setOf_eq` has been deprecated: Use `Set.mem_ofPred_eq` instead

Hint: Replace the deprecated name:
  S̵e̵t̵.̵m̵e̵m̵_̵s̵e̵t̵O̵f̵_̵e̵q̵S̲e̲t̲.̲m̲e̲m̲_̲o̲f̲P̲r̲e̲d̲_̲e̲q̲
⚠ [6177/6263] Replayed UnitDistance.Upstream.Yamaguchi.GaloisCohomology.Kummer.Concrete.Cyclotomic.ProfiniteUnitDecomposition.DenseTorsion
warning: UnitDistance/Upstream/Yamaguchi/GaloisCohomology/Kummer/Concrete/Cyclotomic/ProfiniteUnitDecomposition/DenseTorsion.lean:65:10: `dif_pos` has been deprecated: Use `dite_eq_left` instead

Hint: Replace the deprecated name:
  d̵i̵f̵_̵p̵o̵s̵d̲i̲t̲e̲_̲e̲q̲_̲l̲e̲f̲t̲
⚠ [6182/6263] Replayed UnitDistance.Upstream.Yamaguchi.GaloisCohomology.Kummer.FiniteGaloisUnitsH2Inflation
warning: UnitDistance/Upstream/Yamaguchi/GaloisCohomology/Kummer/FiniteGaloisUnitsH2Inflation.lean:69:11: Private declaration `unitsInclusion` accessed publicly; this is allowed only because the `backward.privateInPublic` option is enabled. 

Disable `backward.privateInPublic.warn` to silence this warning.
warning: UnitDistance/Upstream/Yamaguchi/GaloisCohomology/Kummer/FiniteGaloisUnitsH2Inflation.lean:73:8: Private declaration `unitsInclusion_equivariant` accessed publicly; this is allowed only because the `backward.privateInPublic` option is enabled. 

Disable `backward.privateInPublic.warn` to silence this warning.
⚠ [6183/6263] Replayed UnitDistance.Upstream.Yamaguchi.GaloisCohomology.Kummer.RelativeTwoCocycle
warning: UnitDistance/Upstream/Yamaguchi/GaloisCohomology/Kummer/RelativeTwoCocycle.lean:57:8: `dif_pos` has been deprecated: Use `dite_eq_left` instead

Hint: Replace the deprecated name:
  d̵i̵f̵_̵p̵o̵s̵d̲i̲t̲e̲_̲e̲q̲_̲l̲e̲f̲t̲
⚠ [6186/6263] Replayed UnitDistance.Upstream.Yamaguchi.GaloisCohomology.Kummer.FiniteGaloisUnitsCohomologyTransport
warning: UnitDistance/Upstream/Yamaguchi/GaloisCohomology/Kummer/FiniteGaloisUnitsCohomologyTransport.lean:95:27: Private declaration `unitsToInvariants` accessed publicly; this is allowed only because the `backward.privateInPublic` option is enabled. 

Disable `backward.privateInPublic.warn` to silence this warning.
warning: UnitDistance/Upstream/Yamaguchi/GaloisCohomology/Kummer/FiniteGaloisUnitsCohomologyTransport.lean:95:53: Private declaration `unitsToInvariants_bijective` accessed publicly; this is allowed only because the `backward.privateInPublic` option is enabled. 

Disable `backward.privateInPublic.warn` to silence this warning.
warning: UnitDistance/Upstream/Yamaguchi/GaloisCohomology/Kummer/FiniteGaloisUnitsCohomologyTransport.lean:148:26: Private declaration `restrictionQuotientEquiv` accessed publicly; this is allowed only because the `backward.privateInPublic` option is enabled. 

Disable `backward.privateInPublic.warn` to silence this warning.
warning: UnitDistance/Upstream/Yamaguchi/GaloisCohomology/Kummer/FiniteGaloisUnitsCohomologyTransport.lean:149:5: Private declaration `unitsToKernelInvariantsEquiv` accessed publicly; this is allowed only because the `backward.privateInPublic` option is enabled. 

Disable `backward.privateInPublic.warn` to silence this warning.
warning: UnitDistance/Upstream/Yamaguchi/GaloisCohomology/Kummer/FiniteGaloisUnitsCohomologyTransport.lean:149:42: Private declaration `unitsInvariants_equivariant` accessed publicly; this is allowed only because the `backward.privateInPublic` option is enabled. 

Disable `backward.privateInPublic.warn` to silence this warning.
⚠ [6190/6263] Replayed UnitDistance.FiniteTensorBaseChangeH2
warning: UnitDistance/FiniteTensorBaseChangeH2.lean:35:0: automatically included section variable(s) unused in theorem `UnitDistance.ArithmeticProP.fieldUnitsRestrictionH2_eq_tower`:
  [NumberField K]
  [NumberField F]
consider restructuring your `variable` declarations so that the variables are not in scope or explicitly omit them:
  omit [NumberField K] [NumberField F] in theorem ...

Note: This linter can be disabled with `set_option linter.unusedSectionVars false`
⚠ [6191/6263] Replayed UnitDistance.CoinducedH2Evaluation
warning: UnitDistance/CoinducedH2Evaluation.lean:42:2: Try this: 
  letI̵

The goal is a proposition, so `let` is preferred over `letI`.
The difference between `let` and `letI` is that `letI` inlines the value.
But this is not relevant for proofs because of proof irrelevance.

Note: This linter can be disabled with `set_option linter.style.haveILetI false`
⚠ [6193/6263] Replayed UnitDistance.LocalTensorH2Evaluation
warning: UnitDistance/LocalTensorH2Evaluation.lean:84:2: Try this: 
  letI̵

The goal is a proposition, so `let` is preferred over `letI`.
The difference between `let` and `letI` is that `letI` inlines the value.
But this is not relevant for proofs because of proof irrelevance.

Note: This linter can be disabled with `set_option linter.style.haveILetI false`
warning: UnitDistance/LocalTensorH2Evaluation.lean:111:8: automatically included section variable(s) unused in theorem `UnitDistance.ArithmeticProP.localFieldToGlobalAut_apply`:
  [FiniteDimensional K L]
consider restructuring your `variable` declarations so that the variables are not in scope or explicitly omit them:
  omit [FiniteDimensional K L] in theorem ...

Note: This linter can be disabled with `set_option linter.unusedSectionVars false`
⚠ [6194/6263] Replayed UnitDistance.TensorEvaluationH2
warning: UnitDistance/TensorEvaluationH2.lean:37:20: `TensorProduct.induction_on` has been deprecated: Use `TensorProduction.inductionOn` instead
⚠ [6195/6263] Replayed UnitDistance.ActualLocalTensorH2
warning: UnitDistance/ActualLocalTensorH2.lean:51:20: `TensorProduct.induction_on` has been deprecated: Use `TensorProduction.inductionOn` instead
warning: UnitDistance/ActualLocalTensorH2.lean:47:0: automatically included section variable(s) unused in theorem `UnitDistance.ArithmeticProP.actualLocalTensorEvaluation_eq`:
  [IsGalois K L]
consider restructuring your `variable` declarations so that the variables are not in scope or explicitly omit them:
  omit [IsGalois K L] in theorem ...

Note: This linter can be disabled with `set_option linter.unusedSectionVars false`
⚠ [6199/6317] Replayed UnitDistance.Upstream.Yamaguchi.ClassFieldTheory.GlobalClassFieldTheory.Reciprocity.CyclotomicTorsionFixedField
warning: UnitDistance/Upstream/Yamaguchi/ClassFieldTheory/GlobalClassFieldTheory/Reciprocity/CyclotomicTorsionFixedField.lean:111:2: Try this: 
  letI̵

The goal is a proposition, so `let` is preferred over `letI`.
The difference between `let` and `letI` is that `letI` inlines the value.
But this is not relevant for proofs because of proof irrelevance.

Note: This linter can be disabled with `set_option linter.style.haveILetI false`
⚠ [6200/6317] Replayed UnitDistance.Upstream.Yamaguchi.ClassFieldTheory.GlobalClassFieldTheory.Reciprocity.CyclotomicZHatBaseChange
warning: UnitDistance/Upstream/Yamaguchi/ClassFieldTheory/GlobalClassFieldTheory/Reciprocity/CyclotomicZHatBaseChange.lean:159:2: Try this: 
  letI̵

The goal is a proposition, so `let` is preferred over `letI`.
The difference between `let` and `letI` is that `letI` inlines the value.
But this is not relevant for proofs because of proof irrelevance.

Note: This linter can be disabled with `set_option linter.style.haveILetI false`
warning: UnitDistance/Upstream/Yamaguchi/ClassFieldTheory/GlobalClassFieldTheory/Reciprocity/CyclotomicZHatBaseChange.lean:488:6: `IntermediateField.restrict_algEquiv` has been deprecated: Use `IntermediateField.restrictAlgEquiv` instead

Hint: Replace the deprecated name:
  IntermediateField.restrict_̵a̵A̲lgEquiv
warning: UnitDistance/Upstream/Yamaguchi/ClassFieldTheory/GlobalClassFieldTheory/Reciprocity/CyclotomicZHatBaseChange.lean:519:12: `IntermediateField.restrict_algEquiv` has been deprecated: Use `IntermediateField.restrictAlgEquiv` instead

Hint: Replace the deprecated name:
  IntermediateField.restrict_̵a̵A̲lgEquiv
warning: UnitDistance/Upstream/Yamaguchi/ClassFieldTheory/GlobalClassFieldTheory/Reciprocity/CyclotomicZHatBaseChange.lean:865:10: `IntermediateField.restrict_algEquiv` has been deprecated: Use `IntermediateField.restrictAlgEquiv` instead

Hint: Replace the deprecated name:
  IntermediateField.restrict_̵a̵A̲lgEquiv
warning: UnitDistance/Upstream/Yamaguchi/ClassFieldTheory/GlobalClassFieldTheory/Reciprocity/CyclotomicZHatBaseChange.lean:1077:7: `IntermediateField.restrict_algEquiv` has been deprecated: Use `IntermediateField.restrictAlgEquiv` instead

Hint: Replace the deprecated name:
  IntermediateField.restrict_̵a̵A̲lgEquiv
warning: UnitDistance/Upstream/Yamaguchi/ClassFieldTheory/GlobalClassFieldTheory/Reciprocity/CyclotomicZHatBaseChange.lean:1080:7: `IntermediateField.restrict_algEquiv` has been deprecated: Use `IntermediateField.restrictAlgEquiv` instead

Hint: Replace the deprecated name:
  IntermediateField.restrict_̵a̵A̲lgEquiv
warning: UnitDistance/Upstream/Yamaguchi/ClassFieldTheory/GlobalClassFieldTheory/Reciprocity/CyclotomicZHatBaseChange.lean:1130:7: `IntermediateField.restrict_algEquiv` has been deprecated: Use `IntermediateField.restrictAlgEquiv` instead

Hint: Replace the deprecated name:
  IntermediateField.restrict_̵a̵A̲lgEquiv
warning: UnitDistance/Upstream/Yamaguchi/ClassFieldTheory/GlobalClassFieldTheory/Reciprocity/CyclotomicZHatBaseChange.lean:1133:7: `IntermediateField.restrict_algEquiv` has been deprecated: Use `IntermediateField.restrictAlgEquiv` instead

Hint: Replace the deprecated name:
  IntermediateField.restrict_̵a̵A̲lgEquiv
warning: UnitDistance/Upstream/Yamaguchi/ClassFieldTheory/GlobalClassFieldTheory/Reciprocity/CyclotomicZHatBaseChange.lean:1451:7: `IntermediateField.restrict_algEquiv` has been deprecated: Use `IntermediateField.restrictAlgEquiv` instead

Hint: Replace the deprecated name:
  IntermediateField.restrict_̵a̵A̲lgEquiv
warning: UnitDistance/Upstream/Yamaguchi/ClassFieldTheory/GlobalClassFieldTheory/Reciprocity/CyclotomicZHatBaseChange.lean:1453:4: `IntermediateField.restrict_algEquiv` has been deprecated: Use `IntermediateField.restrictAlgEquiv` instead

Hint: Replace the deprecated name:
  IntermediateField.restrict_̵a̵A̲lgEquiv
warning: UnitDistance/Upstream/Yamaguchi/ClassFieldTheory/GlobalClassFieldTheory/Reciprocity/CyclotomicZHatBaseChange.lean:1716:7: `IntermediateField.restrict_algEquiv` has been deprecated: Use `IntermediateField.restrictAlgEquiv` instead

Hint: Replace the deprecated name:
  IntermediateField.restrict_̵a̵A̲lgEquiv
warning: UnitDistance/Upstream/Yamaguchi/ClassFieldTheory/GlobalClassFieldTheory/Reciprocity/CyclotomicZHatBaseChange.lean:1718:4: `IntermediateField.restrict_algEquiv` has been deprecated: Use `IntermediateField.restrictAlgEquiv` instead

Hint: Replace the deprecated name:
  IntermediateField.restrict_̵a̵A̲lgEquiv
⚠ [6203/6317] Replayed UnitDistance.FieldUnitsH2LocalInflation
warning: UnitDistance/FieldUnitsH2LocalInflation.lean:35:0: automatically included section variable(s) unused in theorem `UnitDistance.ArithmeticProP.fieldUnitsH2Inflation_evaluation`:
  [Algebra K A]
  [IsScalarTower K A B]
  [IsScalarTower K A C]
consider restructuring your `variable` declarations so that the variables are not in scope or explicitly omit them:
  omit [Algebra K A] [IsScalarTower K A B] [IsScalarTower K A C] in theorem ...

Note: This linter can be disabled with `set_option linter.unusedSectionVars false`
⚠ [6205/6317] Replayed UnitDistance.FiniteTensorGaloisInflationH2
warning: UnitDistance/FiniteTensorGaloisInflationH2.lean:45:2: Try this: 
  letI̵

The goal is a proposition, so `let` is preferred over `letI`.
The difference between `let` and `letI` is that `letI` inlines the value.
But this is not relevant for proofs because of proof irrelevance.

Note: This linter can be disabled with `set_option linter.style.haveILetI false`
warning: UnitDistance/FiniteTensorGaloisInflationH2.lean:46:2: Try this: 
  letI̵

The goal is a proposition, so `let` is preferred over `letI`.
The difference between `let` and `letI` is that `letI` inlines the value.
But this is not relevant for proofs because of proof irrelevance.

Note: This linter can be disabled with `set_option linter.style.haveILetI false`
warning: UnitDistance/FiniteTensorGaloisInflationH2.lean:47:2: Try this: 
  letI̵

The goal is a proposition, so `let` is preferred over `letI`.
The difference between `let` and `letI` is that `letI` inlines the value.
But this is not relevant for proofs because of proof irrelevance.

Note: This linter can be disabled with `set_option linter.style.haveILetI false`
warning: UnitDistance/FiniteTensorGaloisInflationH2.lean:48:2: Try this: 
  letI̵

The goal is a proposition, so `let` is preferred over `letI`.
The difference between `let` and `letI` is that `letI` inlines the value.
But this is not relevant for proofs because of proof irrelevance.

Note: This linter can be disabled with `set_option linter.style.haveILetI false`
warning: UnitDistance/FiniteTensorGaloisInflationH2.lean:49:2: Try this: 
  letI̵

The goal is a proposition, so `let` is preferred over `letI`.
The difference between `let` and `letI` is that `letI` inlines the value.
But this is not relevant for proofs because of proof irrelevance.

Note: This linter can be disabled with `set_option linter.style.haveILetI false`
warning: UnitDistance/FiniteTensorGaloisInflationH2.lean:50:2: Try this: 
  letI̵

The goal is a proposition, so `let` is preferred over `letI`.
The difference between `let` and `letI` is that `letI` inlines the value.
But this is not relevant for proofs because of proof irrelevance.

Note: This linter can be disabled with `set_option linter.style.haveILetI false`
warning: UnitDistance/FiniteTensorGaloisInflationH2.lean:53:2: Try this: 
  letI̵

The goal is a proposition, so `let` is preferred over `letI`.
The difference between `let` and `letI` is that `letI` inlines the value.
But this is not relevant for proofs because of proof irrelevance.

Note: This linter can be disabled with `set_option linter.style.haveILetI false`
warning: UnitDistance/FiniteTensorGaloisInflationH2.lean:54:2: Try this: 
  letI̵

The goal is a proposition, so `let` is preferred over `letI`.
The difference between `let` and `letI` is that `letI` inlines the value.
But this is not relevant for proofs because of proof irrelevance.

Note: This linter can be disabled with `set_option linter.style.haveILetI false`
warning: UnitDistance/FiniteTensorGaloisInflationH2.lean:58:2: Try this: 
  letI̵

The goal is a proposition, so `let` is preferred over `letI`.
The difference between `let` and `letI` is that `letI` inlines the value.
But this is not relevant for proofs because of proof irrelevance.

Note: This linter can be disabled with `set_option linter.style.haveILetI false`
warning: UnitDistance/FiniteTensorGaloisInflationH2.lean:59:2: Try this: 
  letI̵

The goal is a proposition, so `let` is preferred over `letI`.
The difference between `let` and `letI` is that `letI` inlines the value.
But this is not relevant for proofs because of proof irrelevance.

Note: This linter can be disabled with `set_option linter.style.haveILetI false`
warning: UnitDistance/FiniteTensorGaloisInflationH2.lean:60:2: Try this: 
  letI̵

The goal is a proposition, so `let` is preferred over `letI`.
The difference between `let` and `letI` is that `letI` inlines the value.
But this is not relevant for proofs because of proof irrelevance.

Note: This linter can be disabled with `set_option linter.style.haveILetI false`
warning: UnitDistance/FiniteTensorGaloisInflationH2.lean:61:2: Try this: 
  letI̵

The goal is a proposition, so `let` is preferred over `letI`.
The difference between `let` and `letI` is that `letI` inlines the value.
But this is not relevant for proofs because of proof irrelevance.

Note: This linter can be disabled with `set_option linter.style.haveILetI false`
warning: UnitDistance/FiniteTensorGaloisInflationH2.lean:62:2: Try this: 
  letI̵

The goal is a proposition, so `let` is preferred over `letI`.
The difference between `let` and `letI` is that `letI` inlines the value.
But this is not relevant for proofs because of proof irrelevance.

Note: This linter can be disabled with `set_option linter.style.haveILetI false`
warning: UnitDistance/FiniteTensorGaloisInflationH2.lean:32:0: automatically included section variable(s) unused in theorem `UnitDistance.ArithmeticProP.finiteFieldUnitsTensor_inflation_eq_zero_iff`:
  [NumberField F]
  [NumberField L]
consider restructuring your `variable` declarations so that the variables are not in scope or explicitly omit them:
  omit [NumberField F] [NumberField L] in theorem ...

Note: This linter can be disabled with `set_option linter.unusedSectionVars false`
⚠ [6209/6317] Replayed UnitDistance.SupportedIdeleOutsideH2
warning: UnitDistance/SupportedIdeleOutsideH2.lean:60:0: automatically included section variable(s) unused in theorem `UnitDistance.ArithmeticProP.supportedIdeleIntegralRepHom_factor`:
  [NumberField L]
  [IsGalois K L]
consider restructuring your `variable` declarations so that the variables are not in scope or explicitly omit them:
  omit [NumberField L] [IsGalois K L] in theorem ...

Note: This linter can be disabled with `set_option linter.unusedSectionVars false`
warning: UnitDistance/SupportedIdeleOutsideH2.lean:77:2: Try this: 
  letI̵

The goal is a proposition, so `let` is preferred over `letI`.
The difference between `let` and `letI` is that `letI` inlines the value.
But this is not relevant for proofs because of proof irrelevance.

Note: This linter can be disabled with `set_option linter.style.haveILetI false`
⚠ [6215/6317] Replayed UnitDistance.Upstream.Yamaguchi.GaloisCohomology.ProP.FiniteCyclicBarPeriodicH2Comparison
warning: UnitDistance/Upstream/Yamaguchi/GaloisCohomology/ProP/FiniteCyclicBarPeriodicH2Comparison.lean:202:4: Private declaration `cyclicPeriodicH2HomologyOwnerIso` accessed publicly; this is allowed only because the `backward.privateInPublic` option is enabled. 

Disable `backward.privateInPublic.warn` to silence this warning.
warning: UnitDistance/Upstream/Yamaguchi/GaloisCohomology/ProP/FiniteCyclicBarPeriodicH2Comparison.lean:326:3: Private declaration `cyclicPeriodicH2KernelIso` accessed publicly; this is allowed only because the `backward.privateInPublic` option is enabled. 

Disable `backward.privateInPublic.warn` to silence this warning.
warning: UnitDistance/Upstream/Yamaguchi/GaloisCohomology/ProP/FiniteCyclicBarPeriodicH2Comparison.lean:329:5: Private declaration `cyclicPeriodicH2CyclesOwnerIso` accessed publicly; this is allowed only because the `backward.privateInPublic` option is enabled. 

Disable `backward.privateInPublic.warn` to silence this warning.
⚠ [6227/6317] Replayed UnitDistance.Upstream.Yamaguchi.SawinTotallyRealTowers.UnramifiedProPRelationRank.Local.RelativeUnramifiedFixedField
warning: UnitDistance/Upstream/Yamaguchi/SawinTotallyRealTowers/UnramifiedProPRelationRank/Local/RelativeUnramifiedFixedField.lean:271:2: Try this: 
  letI̵

The goal is a proposition, so `let` is preferred over `letI`.
The difference between `let` and `letI` is that `letI` inlines the value.
But this is not relevant for proofs because of proof irrelevance.

Note: This linter can be disabled with `set_option linter.style.haveILetI false`
warning: UnitDistance/Upstream/Yamaguchi/SawinTotallyRealTowers/UnramifiedProPRelationRank/Local/RelativeUnramifiedFixedField.lean:272:2: Try this: 
  letI̵

The goal is a proposition, so `let` is preferred over `letI`.
The difference between `let` and `letI` is that `letI` inlines the value.
But this is not relevant for proofs because of proof irrelevance.

Note: This linter can be disabled with `set_option linter.style.haveILetI false`
warning: UnitDistance/Upstream/Yamaguchi/SawinTotallyRealTowers/UnramifiedProPRelationRank/Local/RelativeUnramifiedFixedField.lean:274:2: Try this: 
  letI̵

The goal is a proposition, so `let` is preferred over `letI`.
The difference between `let` and `letI` is that `letI` inlines the value.
But this is not relevant for proofs because of proof irrelevance.

Note: This linter can be disabled with `set_option linter.style.haveILetI false`
warning: UnitDistance/Upstream/Yamaguchi/SawinTotallyRealTowers/UnramifiedProPRelationRank/Local/RelativeUnramifiedFixedField.lean:276:2: Try this: 
  letI̵

The goal is a proposition, so `let` is preferred over `letI`.
The difference between `let` and `letI` is that `letI` inlines the value.
But this is not relevant for proofs because of proof irrelevance.

Note: This linter can be disabled with `set_option linter.style.haveILetI false`
warning: UnitDistance/Upstream/Yamaguchi/SawinTotallyRealTowers/UnramifiedProPRelationRank/Local/RelativeUnramifiedFixedField.lean:278:2: Try this: 
  letI̵

The goal is a proposition, so `let` is preferred over `letI`.
The difference between `let` and `letI` is that `letI` inlines the value.
But this is not relevant for proofs because of proof irrelevance.

Note: This linter can be disabled with `set_option linter.style.haveILetI false`
warning: UnitDistance/Upstream/Yamaguchi/SawinTotallyRealTowers/UnramifiedProPRelationRank/Local/RelativeUnramifiedFixedField.lean:279:2: Try this: 
  letI̵

The goal is a proposition, so `let` is preferred over `letI`.
The difference between `let` and `letI` is that `letI` inlines the value.
But this is not relevant for proofs because of proof irrelevance.

Note: This linter can be disabled with `set_option linter.style.haveILetI false`
warning: UnitDistance/Upstream/Yamaguchi/SawinTotallyRealTowers/UnramifiedProPRelationRank/Local/RelativeUnramifiedFixedField.lean:280:2: Try this: 
  letI̵

The goal is a proposition, so `let` is preferred over `letI`.
The difference between `let` and `letI` is that `letI` inlines the value.
But this is not relevant for proofs because of proof irrelevance.

Note: This linter can be disabled with `set_option linter.style.haveILetI false`
warning: UnitDistance/Upstream/Yamaguchi/SawinTotallyRealTowers/UnramifiedProPRelationRank/Local/RelativeUnramifiedFixedField.lean:281:2: Try this: 
  letI̵

The goal is a proposition, so `let` is preferred over `letI`.
The difference between `let` and `letI` is that `letI` inlines the value.
But this is not relevant for proofs because of proof irrelevance.

Note: This linter can be disabled with `set_option linter.style.haveILetI false`
warning: UnitDistance/Upstream/Yamaguchi/SawinTotallyRealTowers/UnramifiedProPRelationRank/Local/RelativeUnramifiedFixedField.lean:283:2: Try this: 
  letI̵

The goal is a proposition, so `let` is preferred over `letI`.
The difference between `let` and `letI` is that `letI` inlines the value.
But this is not relevant for proofs because of proof irrelevance.

Note: This linter can be disabled with `set_option linter.style.haveILetI false`
warning: UnitDistance/Upstream/Yamaguchi/SawinTotallyRealTowers/UnramifiedProPRelationRank/Local/RelativeUnramifiedFixedField.lean:285:2: Try this: 
  letI̵

The goal is a proposition, so `let` is preferred over `letI`.
The difference between `let` and `letI` is that `letI` inlines the value.
But this is not relevant for proofs because of proof irrelevance.

Note: This linter can be disabled with `set_option linter.style.haveILetI false`
warning: UnitDistance/Upstream/Yamaguchi/SawinTotallyRealTowers/UnramifiedProPRelationRank/Local/RelativeUnramifiedFixedField.lean:287:2: Try this: 
  letI̵

The goal is a proposition, so `let` is preferred over `letI`.
The difference between `let` and `letI` is that `letI` inlines the value.
But this is not relevant for proofs because of proof irrelevance.

Note: This linter can be disabled with `set_option linter.style.haveILetI false`
⚠ [6229/6317] Replayed UnitDistance.Upstream.Yamaguchi.ClassFieldTheory.LocalClassFieldTheory.Finite.Existence.FiniteUnramifiedField
warning: UnitDistance/Upstream/Yamaguchi/ClassFieldTheory/LocalClassFieldTheory/Finite/Existence/FiniteUnramifiedField.lean:217:4: Try this: 
  letI̵

The goal is a proposition, so `let` is preferred over `letI`.
The difference between `let` and `letI` is that `letI` inlines the value.
But this is not relevant for proofs because of proof irrelevance.

Note: This linter can be disabled with `set_option linter.style.haveILetI false`
warning: UnitDistance/Upstream/Yamaguchi/ClassFieldTheory/LocalClassFieldTheory/Finite/Existence/FiniteUnramifiedField.lean:218:4: Try this: 
  letI̵

The goal is a proposition, so `let` is preferred over `letI`.
The difference between `let` and `letI` is that `letI` inlines the value.
But this is not relevant for proofs because of proof irrelevance.

Note: This linter can be disabled with `set_option linter.style.haveILetI false`
warning: UnitDistance/Upstream/Yamaguchi/ClassFieldTheory/LocalClassFieldTheory/Finite/Existence/FiniteUnramifiedField.lean:223:8: Try this: 
  letI̵

The goal is a proposition, so `let` is preferred over `letI`.
The difference between `let` and `letI` is that `letI` inlines the value.
But this is not relevant for proofs because of proof irrelevance.

Note: This linter can be disabled with `set_option linter.style.haveILetI false`
warning: UnitDistance/Upstream/Yamaguchi/ClassFieldTheory/LocalClassFieldTheory/Finite/Existence/FiniteUnramifiedField.lean:227:8: Try this: 
  letI̵

The goal is a proposition, so `let` is preferred over `letI`.
The difference between `let` and `letI` is that `letI` inlines the value.
But this is not relevant for proofs because of proof irrelevance.

Note: This linter can be disabled with `set_option linter.style.haveILetI false`
⚠ [6231/6317] Replayed UnitDistance.Upstream.Yamaguchi.SawinTotallyRealTowers.UnramifiedProPRelationRank.Local.UnramifiedCommonExtension
warning: UnitDistance/Upstream/Yamaguchi/SawinTotallyRealTowers/UnramifiedProPRelationRank/Local/UnramifiedCommonExtension.lean:202:2: Try this: 
  letI̵

The goal is a proposition, so `let` is preferred over `letI`.
The difference between `let` and `letI` is that `letI` inlines the value.
But this is not relevant for proofs because of proof irrelevance.

Note: This linter can be disabled with `set_option linter.style.haveILetI false`
warning: UnitDistance/Upstream/Yamaguchi/SawinTotallyRealTowers/UnramifiedProPRelationRank/Local/UnramifiedCommonExtension.lean:219:2: Try this: 
  letI̵

The goal is a proposition, so `let` is preferred over `letI`.
The difference between `let` and `letI` is that `letI` inlines the value.
But this is not relevant for proofs because of proof irrelevance.

Note: This linter can be disabled with `set_option linter.style.haveILetI false`
warning: UnitDistance/Upstream/Yamaguchi/SawinTotallyRealTowers/UnramifiedProPRelationRank/Local/UnramifiedCommonExtension.lean:224:2: Try this: 
  letI̵

The goal is a proposition, so `let` is preferred over `letI`.
The difference between `let` and `letI` is that `letI` inlines the value.
But this is not relevant for proofs because of proof irrelevance.

Note: This linter can be disabled with `set_option linter.style.haveILetI false`
warning: UnitDistance/Upstream/Yamaguchi/SawinTotallyRealTowers/UnramifiedProPRelationRank/Local/UnramifiedCommonExtension.lean:251:8: Try this: 
  letI̵

The goal is a proposition, so `let` is preferred over `letI`.
The difference between `let` and `letI` is that `letI` inlines the value.
But this is not relevant for proofs because of proof irrelevance.

Note: This linter can be disabled with `set_option linter.style.haveILetI false`
warning: UnitDistance/Upstream/Yamaguchi/SawinTotallyRealTowers/UnramifiedProPRelationRank/Local/UnramifiedCommonExtension.lean:240:6: Unused tactic linter: `all_goals rfl` does nothing

Note: This linter can be disabled with `set_option linter.unusedTactic false`
warning: UnitDistance/Upstream/Yamaguchi/SawinTotallyRealTowers/UnramifiedProPRelationRank/Local/UnramifiedCommonExtension.lean:240:16: this tactic is never executed

Note: This linter can be disabled with `set_option linter.unreachableTactic false`
⚠ [6233/6317] Replayed UnitDistance.Upstream.Yamaguchi.SawinTotallyRealTowers.UnramifiedProPRelationRank.Local.FinitePlaceFieldUnitsH2
warning: UnitDistance/Upstream/Yamaguchi/SawinTotallyRealTowers/UnramifiedProPRelationRank/Local/FinitePlaceFieldUnitsH2.lean:133:2: Private declaration `tensorCohomologyIsoInduced` accessed publicly; this is allowed only because the `backward.privateInPublic` option is enabled. 

Disable `backward.privateInPublic.warn` to silence this warning.
warning: UnitDistance/Upstream/Yamaguchi/SawinTotallyRealTowers/UnramifiedProPRelationRank/Local/FinitePlaceFieldUnitsH2.lean:134:4: Private declaration `chosenInducedCohomologyIso` accessed publicly; this is allowed only because the `backward.privateInPublic` option is enabled. 

Disable `backward.privateInPublic.warn` to silence this warning.
warning: UnitDistance/Upstream/Yamaguchi/SawinTotallyRealTowers/UnramifiedProPRelationRank/Local/FinitePlaceFieldUnitsH2.lean:134:42: Private declaration `chosenFieldCohomologyIso` accessed publicly; this is allowed only because the `backward.privateInPublic` option is enabled. 

Disable `backward.privateInPublic.warn` to silence this warning.
⚠ [6239/6317] Replayed UnitDistance.Upstream.Yamaguchi.GaloisCohomology.ProP.H2InflationRangeCardinality
warning: UnitDistance/Upstream/Yamaguchi/GaloisCohomology/ProP/H2InflationRangeCardinality.lean:52:2: Try this: 
  letI̵

The goal is a proposition, so `let` is preferred over `letI`.
The difference between `let` and `letI` is that `letI` inlines the value.
But this is not relevant for proofs because of proof irrelevance.

Note: This linter can be disabled with `set_option linter.style.haveILetI false`
warning: UnitDistance/Upstream/Yamaguchi/GaloisCohomology/ProP/H2InflationRangeCardinality.lean:54:2: Try this: 
  letI̵

The goal is a proposition, so `let` is preferred over `letI`.
The difference between `let` and `letI` is that `letI` inlines the value.
But this is not relevant for proofs because of proof irrelevance.

Note: This linter can be disabled with `set_option linter.style.haveILetI false`
warning: UnitDistance/Upstream/Yamaguchi/GaloisCohomology/ProP/H2InflationRangeCardinality.lean:62:2: Try this: 
  letI̵

The goal is a proposition, so `let` is preferred over `letI`.
The difference between `let` and `letI` is that `letI` inlines the value.
But this is not relevant for proofs because of proof irrelevance.

Note: This linter can be disabled with `set_option linter.style.haveILetI false`
⚠ [6240/6317] Replayed UnitDistance.TensorUnitCohomologyNorm
warning: UnitDistance/TensorUnitCohomologyNorm.lean:29:20: `TensorProduct.induction_on` has been deprecated: Use `TensorProduction.inductionOn` instead
warning: UnitDistance/TensorUnitCohomologyNorm.lean:26:0: automatically included section variable(s) unused in theorem `UnitDistance.ArithmeticProP.scalarTensorConjugation_eq_scalarConjugation`:
  [FiniteDimensional K L]
  [IsGalois K L]
  [Infinite K]
  [Nontrivial A]
consider restructuring your `variable` declarations so that the variables are not in scope or explicitly omit them:
  omit [FiniteDimensional K L] [IsGalois K L] [Infinite K] [Nontrivial A] in theorem ...

Note: This linter can be disabled with `set_option linter.unusedSectionVars false`
⚠ [6241/6317] Replayed UnitDistance.FieldTensorCyclicH2
warning: UnitDistance/FieldTensorCyclicH2.lean:90:0: automatically included section variable(s) unused in theorem `UnitDistance.ArithmeticProP.fieldUnits_rep_norm`:
  [IsCyclic Gal(L/K)]
consider restructuring your `variable` declarations so that the variables are not in scope or explicitly omit them:
  omit [IsCyclic Gal(L/K)] in theorem ...

Note: This linter can be disabled with `set_option linter.unusedSectionVars false`
warning: UnitDistance/FieldTensorCyclicH2.lean:132:0: automatically included section variable(s) unused in theorem `UnitDistance.ArithmeticProP.fieldScalarUnitH2_tensor`:
  [IsGalois K L]
consider restructuring your `variable` declarations so that the variables are not in scope or explicitly omit them:
  omit [IsGalois K L] in theorem ...

Note: This linter can be disabled with `set_option linter.unusedSectionVars false`
⚠ [6244/6317] Replayed UnitDistance.Upstream.Yamaguchi.ClassFieldTheory.AlgebraicNumberTheory.Idele.SinglePlace
warning: UnitDistance/Upstream/Yamaguchi/ClassFieldTheory/AlgebraicNumberTheory/Idele/SinglePlace.lean:75:7: Private declaration `infinitePlaceValue` accessed publicly; this is allowed only because the `backward.privateInPublic` option is enabled. 

Disable `backward.privateInPublic.warn` to silence this warning.
warning: UnitDistance/Upstream/Yamaguchi/ClassFieldTheory/AlgebraicNumberTheory/Idele/SinglePlace.lean:225:7: Private declaration `finitePlaceValue` accessed publicly; this is allowed only because the `backward.privateInPublic` option is enabled. 

Disable `backward.privateInPublic.warn` to silence this warning.
warning: UnitDistance/Upstream/Yamaguchi/ClassFieldTheory/AlgebraicNumberTheory/Idele/SinglePlace.lean:383:5: Private declaration `relativeInfinitePlaceData` accessed publicly; this is allowed only because the `backward.privateInPublic` option is enabled. 

Disable `backward.privateInPublic.warn` to silence this warning.
warning: UnitDistance/Upstream/Yamaguchi/ClassFieldTheory/AlgebraicNumberTheory/Idele/SinglePlace.lean:519:5: Private declaration `relativeFinitePlaceData` accessed publicly; this is allowed only because the `backward.privateInPublic` option is enabled. 

Disable `backward.privateInPublic.warn` to silence this warning.
⚠ [6248/6357] Replayed UnitDistance.Upstream.Yamaguchi.ClassFieldTheory.GlobalClassFieldTheory.Reciprocity.FinitePlaceArtin.TowerRestriction
warning: UnitDistance/Upstream/Yamaguchi/ClassFieldTheory/GlobalClassFieldTheory/Reciprocity/FinitePlaceArtin/TowerRestriction.lean:649:5: Private declaration `finitePlaceLocalRestrictionMonoidHom` accessed publicly; this is allowed only because the `backward.privateInPublic` option is enabled. 

Disable `backward.privateInPublic.warn` to silence this warning.
⚠ [6254/6357] Replayed UnitDistance.Upstream.Yamaguchi.ClassFieldTheory.AlgebraicNumberTheory.Idele.NormTopology.Continuity
warning: UnitDistance/Upstream/Yamaguchi/ClassFieldTheory/AlgebraicNumberTheory/Idele/NormTopology/Continuity.lean:223:8: automatically included section variable(s) unused in theorem `_private.UnitDistance.Upstream.Yamaguchi.ClassFieldTheory.AlgebraicNumberTheory.Idele.NormTopology.Continuity.0.IdeleGroup.infinitePlace_normUnits_continuous`:
  [NumberField L]
consider restructuring your `variable` declarations so that the variables are not in scope or explicitly omit them:
  omit [NumberField L] in theorem ...

Note: This linter can be disabled with `set_option linter.unusedSectionVars false`
⚠ [6255/6357] Replayed UnitDistance.Upstream.Yamaguchi.ClassFieldTheory.GlobalClassFieldTheory.Reciprocity.FiniteIdeleArtin
warning: UnitDistance/Upstream/Yamaguchi/ClassFieldTheory/GlobalClassFieldTheory/Reciprocity/FiniteIdeleArtin.lean:194:19: `Set.mem_setOf_eq` has been deprecated: Use `Set.mem_ofPred_eq` instead

Hint: Replace the deprecated name:
  S̵e̵t̵.̵m̵e̵m̵_̵s̵e̵t̵O̵f̵_̵e̵q̵S̲e̲t̲.̲m̲e̲m̲_̲o̲f̲P̲r̲e̲d̲_̲e̲q̲
warning: UnitDistance/Upstream/Yamaguchi/ClassFieldTheory/GlobalClassFieldTheory/Reciprocity/FiniteIdeleArtin.lean:536:19: `Set.mem_setOf_eq` has been deprecated: Use `Set.mem_ofPred_eq` instead

Hint: Replace the deprecated name:
  S̵e̵t̵.̵m̵e̵m̵_̵s̵e̵t̵O̵f̵_̵e̵q̵S̲e̲t̲.̲m̲e̲m̲_̲o̲f̲P̲r̲e̲d̲_̲e̲q̲
⚠ [6257/6357] Replayed UnitDistance.Upstream.Yamaguchi.ClassFieldTheory.GlobalClassFieldTheory.Reciprocity.InfinitePlaceArtin
warning: UnitDistance/Upstream/Yamaguchi/ClassFieldTheory/GlobalClassFieldTheory/Reciprocity/InfinitePlaceArtin.lean:109:12: Private declaration `ramifiedInfinitePlaceConjugation` accessed publicly; this is allowed only because the `backward.privateInPublic` option is enabled. 

Disable `backward.privateInPublic.warn` to silence this warning.
warning: UnitDistance/Upstream/Yamaguchi/ClassFieldTheory/GlobalClassFieldTheory/Reciprocity/InfinitePlaceArtin.lean:111:20: `if_pos` has been deprecated: Use `ite_eq_left` instead

Hint: Replace the deprecated name:
  i̵f̵_̵p̵o̵s̵i̲t̲e̲_̲e̲q̲_̲l̲e̲f̲t̲
warning: UnitDistance/Upstream/Yamaguchi/ClassFieldTheory/GlobalClassFieldTheory/Reciprocity/InfinitePlaceArtin.lean:196:13: `dif_neg` has been deprecated: Use `dite_eq_right` instead

Hint: Replace the deprecated name:
  d̵i̵f̵_̵n̵e̵g̵d̲i̲t̲e̲_̲e̲q̲_̲r̲i̲g̲h̲t̲
warning: UnitDistance/Upstream/Yamaguchi/ClassFieldTheory/GlobalClassFieldTheory/Reciprocity/InfinitePlaceArtin.lean:213:6: `if_neg` has been deprecated: Use `ite_eq_right` instead

Hint: Replace the deprecated name:
  i̵f̵_̵n̵e̵g̵i̲t̲e̲_̲e̲q̲_̲r̲i̲g̲h̲t̲
warning: UnitDistance/Upstream/Yamaguchi/ClassFieldTheory/GlobalClassFieldTheory/Reciprocity/InfinitePlaceArtin.lean:382:10: `dif_neg` has been deprecated: Use `dite_eq_right` instead

Hint: Replace the deprecated name:
  d̵i̵f̵_̵n̵e̵g̵d̲i̲t̲e̲_̲e̲q̲_̲r̲i̲g̲h̲t̲
warning: UnitDistance/Upstream/Yamaguchi/ClassFieldTheory/GlobalClassFieldTheory/Reciprocity/InfinitePlaceArtin.lean:382:32: `dif_pos` has been deprecated: Use `dite_eq_left` instead

Hint: Replace the deprecated name:
  d̵i̵f̵_̵p̵o̵s̵d̲i̲t̲e̲_̲e̲q̲_̲l̲e̲f̲t̲
warning: UnitDistance/Upstream/Yamaguchi/ClassFieldTheory/GlobalClassFieldTheory/Reciprocity/InfinitePlaceArtin.lean:422:10: `dif_neg` has been deprecated: Use `dite_eq_right` instead

Hint: Replace the deprecated name:
  d̵i̵f̵_̵n̵e̵g̵d̲i̲t̲e̲_̲e̲q̲_̲r̲i̲g̲h̲t̲
warning: UnitDistance/Upstream/Yamaguchi/ClassFieldTheory/GlobalClassFieldTheory/Reciprocity/InfinitePlaceArtin.lean:422:32: `dif_neg` has been deprecated: Use `dite_eq_right` instead

Hint: Replace the deprecated name:
  d̵i̵f̵_̵n̵e̵g̵d̲i̲t̲e̲_̲e̲q̲_̲r̲i̲g̲h̲t̲
warning: UnitDistance/Upstream/Yamaguchi/ClassFieldTheory/GlobalClassFieldTheory/Reciprocity/InfinitePlaceArtin.lean:593:10: `dif_pos` has been deprecated: Use `dite_eq_left` instead

Hint: Replace the deprecated name:
  d̵i̵f̵_̵p̵o̵s̵d̲i̲t̲e̲_̲e̲q̲_̲l̲e̲f̲t̲
warning: UnitDistance/Upstream/Yamaguchi/ClassFieldTheory/GlobalClassFieldTheory/Reciprocity/InfinitePlaceArtin.lean:593:36: `dif_pos` has been deprecated: Use `dite_eq_left` instead

Hint: Replace the deprecated name:
  d̵i̵f̵_̵p̵o̵s̵d̲i̲t̲e̲_̲e̲q̲_̲l̲e̲f̲t̲
warning: UnitDistance/Upstream/Yamaguchi/ClassFieldTheory/GlobalClassFieldTheory/Reciprocity/InfinitePlaceArtin.lean:637:10: `dif_pos` has been deprecated: Use `dite_eq_left` instead

Hint: Replace the deprecated name:
  d̵i̵f̵_̵p̵o̵s̵d̲i̲t̲e̲_̲e̲q̲_̲l̲e̲f̲t̲
warning: UnitDistance/Upstream/Yamaguchi/ClassFieldTheory/GlobalClassFieldTheory/Reciprocity/InfinitePlaceArtin.lean:637:36: `dif_neg` has been deprecated: Use `dite_eq_right` instead

Hint: Replace the deprecated name:
  d̵i̵f̵_̵n̵e̵g̵d̲i̲t̲e̲_̲e̲q̲_̲r̲i̲g̲h̲t̲
warning: UnitDistance/Upstream/Yamaguchi/ClassFieldTheory/GlobalClassFieldTheory/Reciprocity/InfinitePlaceArtin.lean:717:10: `dif_neg` has been deprecated: Use `dite_eq_right` instead

Hint: Replace the deprecated name:
  d̵i̵f̵_̵n̵e̵g̵d̲i̲t̲e̲_̲e̲q̲_̲r̲i̲g̲h̲t̲
warning: UnitDistance/Upstream/Yamaguchi/ClassFieldTheory/GlobalClassFieldTheory/Reciprocity/InfinitePlaceArtin.lean:717:36: `dif_pos` has been deprecated: Use `dite_eq_left` instead

Hint: Replace the deprecated name:
  d̵i̵f̵_̵p̵o̵s̵d̲i̲t̲e̲_̲e̲q̲_̲l̲e̲f̲t̲
warning: UnitDistance/Upstream/Yamaguchi/ClassFieldTheory/GlobalClassFieldTheory/Reciprocity/InfinitePlaceArtin.lean:768:10: `dif_neg` has been deprecated: Use `dite_eq_right` instead

Hint: Replace the deprecated name:
  d̵i̵f̵_̵n̵e̵g̵d̲i̲t̲e̲_̲e̲q̲_̲r̲i̲g̲h̲t̲
warning: UnitDistance/Upstream/Yamaguchi/ClassFieldTheory/GlobalClassFieldTheory/Reciprocity/InfinitePlaceArtin.lean:768:36: `dif_neg` has been deprecated: Use `dite_eq_right` instead

Hint: Replace the deprecated name:
  d̵i̵f̵_̵n̵e̵g̵d̲i̲t̲e̲_̲e̲q̲_̲r̲i̲g̲h̲t̲
warning: UnitDistance/Upstream/Yamaguchi/ClassFieldTheory/GlobalClassFieldTheory/Reciprocity/InfinitePlaceArtin.lean:914:8: `dif_pos` has been deprecated: Use `dite_eq_left` instead

Hint: Replace the deprecated name:
  d̵i̵f̵_̵p̵o̵s̵d̲i̲t̲e̲_̲e̲q̲_̲l̲e̲f̲t̲
warning: UnitDistance/Upstream/Yamaguchi/ClassFieldTheory/GlobalClassFieldTheory/Reciprocity/InfinitePlaceArtin.lean:945:8: `dif_neg` has been deprecated: Use `dite_eq_right` instead

Hint: Replace the deprecated name:
  d̵i̵f̵_̵n̵e̵g̵d̲i̲t̲e̲_̲e̲q̲_̲r̲i̲g̲h̲t̲
warning: UnitDistance/Upstream/Yamaguchi/ClassFieldTheory/GlobalClassFieldTheory/Reciprocity/InfinitePlaceArtin.lean:995:8: `dif_pos` has been deprecated: Use `dite_eq_left` instead

Hint: Replace the deprecated name:
  d̵i̵f̵_̵p̵o̵s̵d̲i̲t̲e̲_̲e̲q̲_̲l̲e̲f̲t̲
warning: UnitDistance/Upstream/Yamaguchi/ClassFieldTheory/GlobalClassFieldTheory/Reciprocity/InfinitePlaceArtin.lean:1002:8: `dif_neg` has been deprecated: Use `dite_eq_right` instead

Hint: Replace the deprecated name:
  d̵i̵f̵_̵n̵e̵g̵d̲i̲t̲e̲_̲e̲q̲_̲r̲i̲g̲h̲t̲
warning: UnitDistance/Upstream/Yamaguchi/ClassFieldTheory/GlobalClassFieldTheory/Reciprocity/InfinitePlaceArtin.lean:1042:6: `NumberField.InfinitePlace.Completion.finrank_eq_one_of_isUnramified` has been deprecated: Use `NumberField.InfinitePlace.IsUnramified.finrank_eq_one` instead

Note: The updated constant is in a different namespace. Dot notation may need to be changed (e.g., from `x.finrank_eq_one_of_isUnramified` to `InfinitePlace.IsUnramified.finrank_eq_one x`).

Hint: Replace the deprecated name:
  I̵n̵f̵i̵n̵i̵t̵e̵P̵l̵a̵c̵e̵.̵C̵o̵m̵p̵l̵e̵t̵i̵o̵n̵.̵f̵i̵n̵r̵a̵n̵k̵_̵e̵q̵_̵o̵n̵e̵_̵o̵f̵_̵i̵s̵U̵n̵r̵a̵m̵i̵f̵i̵e̵d̵I̲n̲f̲i̲n̲i̲t̲e̲P̲l̲a̲c̲e̲.̲I̲s̲U̲n̲r̲a̲m̲i̲f̲i̲e̲d̲.̲f̲i̲n̲r̲a̲n̲k̲_̲e̲q̲_̲o̲n̲e̲
warning: UnitDistance/Upstream/Yamaguchi/ClassFieldTheory/GlobalClassFieldTheory/Reciprocity/InfinitePlaceArtin.lean:1066:8: `dif_pos` has been deprecated: Use `dite_eq_left` instead

Hint: Replace the deprecated name:
  d̵i̵f̵_̵p̵o̵s̵d̲i̲t̲e̲_̲e̲q̲_̲l̲e̲f̲t̲
warning: UnitDistance/Upstream/Yamaguchi/ClassFieldTheory/GlobalClassFieldTheory/Reciprocity/InfinitePlaceArtin.lean:1085:20: `if_pos` has been deprecated: Use `ite_eq_left` instead

Hint: Replace the deprecated name:
  i̵f̵_̵p̵o̵s̵i̲t̲e̲_̲e̲q̲_̲l̲e̲f̲t̲
⚠ [6260/6357] Replayed UnitDistance.Upstream.Yamaguchi.ClassFieldTheory.GlobalClassFieldTheory.Reciprocity.GlobalArtinFiniteSupportApproximation
warning: UnitDistance/Upstream/Yamaguchi/ClassFieldTheory/GlobalClassFieldTheory/Reciprocity/GlobalArtinFiniteSupportApproximation.lean:173:8: `if_pos` has been deprecated: Use `ite_eq_left` instead

Hint: Replace the deprecated name:
  i̵f̵_̵p̵o̵s̵i̲t̲e̲_̲e̲q̲_̲l̲e̲f̲t̲
warning: UnitDistance/Upstream/Yamaguchi/ClassFieldTheory/GlobalClassFieldTheory/Reciprocity/GlobalArtinFiniteSupportApproximation.lean:181:8: `if_neg` has been deprecated: Use `ite_eq_right` instead

Hint: Replace the deprecated name:
  i̵f̵_̵n̵e̵g̵i̲t̲e̲_̲e̲q̲_̲r̲i̲g̲h̲t̲
warning: UnitDistance/Upstream/Yamaguchi/ClassFieldTheory/GlobalClassFieldTheory/Reciprocity/GlobalArtinFiniteSupportApproximation.lean:204:4: `if_pos` has been deprecated: Use `ite_eq_left` instead

Hint: Replace the deprecated name:
  i̵f̵_̵p̵o̵s̵i̲t̲e̲_̲e̲q̲_̲l̲e̲f̲t̲
warning: UnitDistance/Upstream/Yamaguchi/ClassFieldTheory/GlobalClassFieldTheory/Reciprocity/GlobalArtinFiniteSupportApproximation.lean:220:4: `if_neg` has been deprecated: Use `ite_eq_right` instead

Hint: Replace the deprecated name:
  i̵f̵_̵n̵e̵g̵i̲t̲e̲_̲e̲q̲_̲r̲i̲g̲h̲t̲
⚠ [6261/6357] Replayed UnitDistance.Upstream.Yamaguchi.ClassFieldTheory.AlgebraicNumberTheory.RayClass.Rational
warning: UnitDistance/Upstream/Yamaguchi/ClassFieldTheory/AlgebraicNumberTheory/RayClass/Rational.lean:120:8: This simp argument is unused:
  Nat.factorization_eq_zero_iff

Hint: Omit it from the simp argument list.
  [apply] simp [hp, hp.ne_one, hm]

Note: This linter can be disabled with `set_option linter.unusedSimpArgs false`
warning: UnitDistance/Upstream/Yamaguchi/ClassFieldTheory/AlgebraicNumberTheory/RayClass/Rational.lean:147:9: Private declaration `rawRationalIdealGenerator` accessed publicly; this is allowed only because the `backward.privateInPublic` option is enabled. 

Disable `backward.privateInPublic.warn` to silence this warning.
warning: UnitDistance/Upstream/Yamaguchi/ClassFieldTheory/AlgebraicNumberTheory/RayClass/Rational.lean:148:4: Private declaration `rawRationalIdealGenerator` accessed publicly; this is allowed only because the `backward.privateInPublic` option is enabled. 

Disable `backward.privateInPublic.warn` to silence this warning.
warning: UnitDistance/Upstream/Yamaguchi/ClassFieldTheory/AlgebraicNumberTheory/RayClass/Rational.lean:150:5: Private declaration `rawRationalIdealGenerator` accessed publicly; this is allowed only because the `backward.privateInPublic` option is enabled. 

Disable `backward.privateInPublic.warn` to silence this warning.
⚠ [6272/6357] Replayed UnitDistance.Upstream.Yamaguchi.ClassFieldTheory.LubinTate.FiniteLevel.PrimitiveUniformizer
warning: UnitDistance/Upstream/Yamaguchi/ClassFieldTheory/LubinTate/FiniteLevel/PrimitiveUniformizer.lean:244:20: Private declaration `standardLubinTateLevelCompleteDVFData_exists` accessed publicly; this is allowed only because the `backward.privateInPublic` option is enabled. 

Disable `backward.privateInPublic.warn` to silence this warning.
warning: UnitDistance/Upstream/Yamaguchi/ClassFieldTheory/LubinTate/FiniteLevel/PrimitiveUniformizer.lean:658:39: `if_neg` has been deprecated: Use `ite_eq_right` instead

Hint: Replace the deprecated name:
  i̵f̵_̵n̵e̵g̵i̲t̲e̲_̲e̲q̲_̲r̲i̲g̲h̲t̲
warning: UnitDistance/Upstream/Yamaguchi/ClassFieldTheory/LubinTate/FiniteLevel/PrimitiveUniformizer.lean:750:37: `ENat.coe_ne_top` has been deprecated: Use `ENat.natCast_ne_top` instead

Hint: Replace the deprecated name:
  E̵N̵a̵t̵.̵c̵o̵e̵_̵n̵e̵_̵t̵o̵p̵E̲N̲a̲t̲.̲n̲a̲t̲C̲a̲s̲t̲_̲n̲e̲_̲t̲o̲p̲
⚠ [6278/6357] Replayed UnitDistance.Upstream.Yamaguchi.ClassFieldTheory.GlobalClassFieldTheory.Reciprocity.RationalPrincipalLocalUnit
warning: UnitDistance/Upstream/Yamaguchi/ClassFieldTheory/GlobalClassFieldTheory/Reciprocity/RationalPrincipalLocalUnit.lean:75:6: `if_neg` has been deprecated: Use `ite_eq_right` instead

Hint: Replace the deprecated name:
  i̵f̵_̵n̵e̵g̵i̲t̲e̲_̲e̲q̲_̲r̲i̲g̲h̲t̲
⚠ [6288/6424] Replayed UnitDistance.Upstream.Yamaguchi.ClassFieldTheory.LubinTate.FormalModule.DegreeStabilization
warning: UnitDistance/Upstream/Yamaguchi/ClassFieldTheory/LubinTate/FormalModule/DegreeStabilization.lean:477:33: `if_neg` has been deprecated: Use `ite_eq_right` instead

Hint: Replace the deprecated name:
  i̵f̵_̵n̵e̵g̵i̲t̲e̲_̲e̲q̲_̲r̲i̲g̲h̲t̲
warning: UnitDistance/Upstream/Yamaguchi/ClassFieldTheory/LubinTate/FormalModule/DegreeStabilization.lean:548:43: `if_pos` has been deprecated: Use `ite_eq_left` instead

Hint: Replace the deprecated name:
  i̵f̵_̵p̵o̵s̵i̲t̲e̲_̲e̲q̲_̲l̲e̲f̲t̲
warning: UnitDistance/Upstream/Yamaguchi/ClassFieldTheory/LubinTate/FormalModule/DegreeStabilization.lean:552:6: `if_neg` has been deprecated: Use `ite_eq_right` instead

Hint: Replace the deprecated name:
  i̵f̵_̵n̵e̵g̵i̲t̲e̲_̲e̲q̲_̲r̲i̲g̲h̲t̲
warning: UnitDistance/Upstream/Yamaguchi/ClassFieldTheory/LubinTate/FormalModule/DegreeStabilization.lean:790:15: `if_pos` has been deprecated: Use `ite_eq_left` instead

Hint: Replace the deprecated name:
  i̵f̵_̵p̵o̵s̵i̲t̲e̲_̲e̲q̲_̲l̲e̲f̲t̲
⚠ [6290/6424] Replayed UnitDistance.Upstream.Yamaguchi.ClassFieldTheory.LubinTate.FormalModule.RecursiveIntertwiner
warning: UnitDistance/Upstream/Yamaguchi/ClassFieldTheory/LubinTate/FormalModule/RecursiveIntertwiner.lean:326:3: Private declaration `approximation` accessed publicly; this is allowed only because the `backward.privateInPublic` option is enabled. 

Disable `backward.privateInPublic.warn` to silence this warning.
⚠ [6292/6424] Replayed UnitDistance.Upstream.Yamaguchi.ClassFieldTheory.LubinTate.FormalModule.StandardFormalGroup
warning: UnitDistance/Upstream/Yamaguchi/ClassFieldTheory/LubinTate/FormalModule/StandardFormalGroup.lean:349:27: Private declaration `standardSeries` accessed publicly; this is allowed only because the `backward.privateInPublic` option is enabled. 

Disable `backward.privateInPublic.warn` to silence this warning.
warning: UnitDistance/Upstream/Yamaguchi/ClassFieldTheory/LubinTate/FormalModule/StandardFormalGroup.lean:350:5: Private declaration `standardSeries` accessed publicly; this is allowed only because the `backward.privateInPublic` option is enabled. 

Disable `backward.privateInPublic.warn` to silence this warning.
warning: UnitDistance/Upstream/Yamaguchi/ClassFieldTheory/LubinTate/FormalModule/StandardFormalGroup.lean:362:17: Private declaration `standardSeries` accessed publicly; this is allowed only because the `backward.privateInPublic` option is enabled. 

Disable `backward.privateInPublic.warn` to silence this warning.
warning: UnitDistance/Upstream/Yamaguchi/ClassFieldTheory/LubinTate/FormalModule/StandardFormalGroup.lean:362:37: Private declaration `standardSeries` accessed publicly; this is allowed only because the `backward.privateInPublic` option is enabled. 

Disable `backward.privateInPublic.warn` to silence this warning.
warning: UnitDistance/Upstream/Yamaguchi/ClassFieldTheory/LubinTate/FormalModule/StandardFormalGroup.lean:372:21: Private declaration `standardSeries` accessed publicly; this is allowed only because the `backward.privateInPublic` option is enabled. 

Disable `backward.privateInPublic.warn` to silence this warning.
warning: UnitDistance/Upstream/Yamaguchi/ClassFieldTheory/LubinTate/FormalModule/StandardFormalGroup.lean:372:41: Private declaration `standardSeries` accessed publicly; this is allowed only because the `backward.privateInPublic` option is enabled. 

Disable `backward.privateInPublic.warn` to silence this warning.
warning: UnitDistance/Upstream/Yamaguchi/ClassFieldTheory/LubinTate/FormalModule/StandardFormalGroup.lean:724:27: Private declaration `standardSeries'` accessed publicly; this is allowed only because the `backward.privateInPublic` option is enabled. 

Disable `backward.privateInPublic.warn` to silence this warning.
warning: UnitDistance/Upstream/Yamaguchi/ClassFieldTheory/LubinTate/FormalModule/StandardFormalGroup.lean:725:5: Private declaration `standardSeries'` accessed publicly; this is allowed only because the `backward.privateInPublic` option is enabled. 

Disable `backward.privateInPublic.warn` to silence this warning.
warning: UnitDistance/Upstream/Yamaguchi/ClassFieldTheory/LubinTate/FormalModule/StandardFormalGroup.lean:740:17: Private declaration `standardSeries'` accessed publicly; this is allowed only because the `backward.privateInPublic` option is enabled. 

Disable `backward.privateInPublic.warn` to silence this warning.
warning: UnitDistance/Upstream/Yamaguchi/ClassFieldTheory/LubinTate/FormalModule/StandardFormalGroup.lean:740:38: Private declaration `standardSeries'` accessed publicly; this is allowed only because the `backward.privateInPublic` option is enabled. 

Disable `backward.privateInPublic.warn` to silence this warning.
warning: UnitDistance/Upstream/Yamaguchi/ClassFieldTheory/LubinTate/FormalModule/StandardFormalGroup.lean:752:21: Private declaration `standardSeries'` accessed publicly; this is allowed only because the `backward.privateInPublic` option is enabled. 

Disable `backward.privateInPublic.warn` to silence this warning.
warning: UnitDistance/Upstream/Yamaguchi/ClassFieldTheory/LubinTate/FormalModule/StandardFormalGroup.lean:752:42: Private declaration `standardSeries'` accessed publicly; this is allowed only because the `backward.privateInPublic` option is enabled. 

Disable `backward.privateInPublic.warn` to silence this warning.
warning: UnitDistance/Upstream/Yamaguchi/ClassFieldTheory/LubinTate/FormalModule/StandardFormalGroup.lean:905:17: Private declaration `standardSeries'` accessed publicly; this is allowed only because the `backward.privateInPublic` option is enabled. 

Disable `backward.privateInPublic.warn` to silence this warning.
warning: UnitDistance/Upstream/Yamaguchi/ClassFieldTheory/LubinTate/FormalModule/StandardFormalGroup.lean:905:38: Private declaration `standardSeries'` accessed publicly; this is allowed only because the `backward.privateInPublic` option is enabled. 

Disable `backward.privateInPublic.warn` to silence this warning.
⚠ [6300/6424] Replayed UnitDistance.Upstream.Yamaguchi.ClassFieldTheory.LubinTate.FiniteLevel.ChangedLevelCompositum
warning: UnitDistance/Upstream/Yamaguchi/ClassFieldTheory/LubinTate/FiniteLevel/ChangedLevelCompositum.lean:160:5: Private declaration `standardLubinTateChangedLevelCompositumCompleteDVFData_exists` accessed publicly; this is allowed only because the `backward.privateInPublic` option is enabled. 

Disable `backward.privateInPublic.warn` to silence this warning.
warning: UnitDistance/Upstream/Yamaguchi/ClassFieldTheory/LubinTate/FiniteLevel/ChangedLevelCompositum.lean:809:32: `ENat.toNat_coe` has been deprecated: Use `ENat.toNat_natCast` instead

Hint: Replace the deprecated name:
  ENat.toNat_c̵o̵e̵n̲a̲t̲C̲a̲s̲t̲
⚠ [6306/6424] Replayed UnitDistance.Upstream.Yamaguchi.ClassFieldTheory.LubinTate.FiniteLevel.HigherUnitLevelEquiv
warning: UnitDistance/Upstream/Yamaguchi/ClassFieldTheory/LubinTate/FiniteLevel/HigherUnitLevelEquiv.lean:983:10: `ENat.coe_sub` has been deprecated: Use `ENat.natCast_sub` instead

Hint: Replace the deprecated name:
  E̵N̵a̵t̵.̵c̵o̵e̵_̵s̵u̵b̵E̲N̲a̲t̲.̲n̲a̲t̲C̲a̲s̲t̲_̲s̲u̲b̲
warning: UnitDistance/Upstream/Yamaguchi/ClassFieldTheory/LubinTate/FiniteLevel/HigherUnitLevelEquiv.lean:998:11: `ENat.coe_lt_coe` has been deprecated: Use `ENat.natCast_lt_natCast` instead

Hint: Replace the deprecated name:
  E̵N̵a̵t̵.̵c̵o̵e̵_̵l̵t̵_̵c̵o̵e̵E̲N̲a̲t̲.̲n̲a̲t̲C̲a̲s̲t̲_̲l̲t̲_̲n̲a̲t̲C̲a̲s̲t̲
warning: UnitDistance/Upstream/Yamaguchi/ClassFieldTheory/LubinTate/FiniteLevel/HigherUnitLevelEquiv.lean:1318:4: `IntermediateField.restrict_algEquiv` has been deprecated: Use `IntermediateField.restrictAlgEquiv` instead

Hint: Replace the deprecated name:
  IntermediateField.restrict_̵a̵A̲lgEquiv
warning: UnitDistance/Upstream/Yamaguchi/ClassFieldTheory/LubinTate/FiniteLevel/HigherUnitLevelEquiv.lean:1320:4: `IntermediateField.restrict_algEquiv` has been deprecated: Use `IntermediateField.restrictAlgEquiv` instead

Hint: Replace the deprecated name:
  IntermediateField.restrict_̵a̵A̲lgEquiv
warning: UnitDistance/Upstream/Yamaguchi/ClassFieldTheory/LubinTate/FiniteLevel/HigherUnitLevelEquiv.lean:1407:4: `IntermediateField.restrict_algEquiv` has been deprecated: Use `IntermediateField.restrictAlgEquiv` instead

Hint: Replace the deprecated name:
  IntermediateField.restrict_̵a̵A̲lgEquiv
warning: UnitDistance/Upstream/Yamaguchi/ClassFieldTheory/LubinTate/FiniteLevel/HigherUnitLevelEquiv.lean:1409:4: `IntermediateField.restrict_algEquiv` has been deprecated: Use `IntermediateField.restrictAlgEquiv` instead

Hint: Replace the deprecated name:
  IntermediateField.restrict_̵a̵A̲lgEquiv
warning: UnitDistance/Upstream/Yamaguchi/ClassFieldTheory/LubinTate/FiniteLevel/HigherUnitLevelEquiv.lean:1412:6: Private declaration `standardLubinTateHigherUnit_restrict_changedLevel_eq_originalLevel` accessed publicly; this is allowed only because the `backward.privateInPublic` option is enabled. 

Disable `backward.privateInPublic.warn` to silence this warning.
⚠ [6331/6424] Replayed UnitDistance.Upstream.Yamaguchi.ClassFieldTheory.LubinTate.Padic.ChangedUniformizerCoefficient
warning: UnitDistance/Upstream/Yamaguchi/ClassFieldTheory/LubinTate/Padic/ChangedUniformizerCoefficient.lean:168:9: Private declaration `completedUnramifiedWittUnit_coeff_zero_ne_zero` accessed publicly; this is allowed only because the `backward.privateInPublic` option is enabled. 

Disable `backward.privateInPublic.warn` to silence this warning.
warning: UnitDistance/Upstream/Yamaguchi/ClassFieldTheory/LubinTate/Padic/ChangedUniformizerCoefficient.lean:170:7: Private declaration `padicChangedUniformizerRotation_coeff_zero_ne_zero` accessed publicly; this is allowed only because the `backward.privateInPublic` option is enabled. 

Disable `backward.privateInPublic.warn` to silence this warning.
⚠ [6332/6424] Replayed UnitDistance.Upstream.Yamaguchi.ClassFieldTheory.LubinTate.Padic.CompletedUnramifiedField
warning: UnitDistance/Upstream/Yamaguchi/ClassFieldTheory/LubinTate/Padic/CompletedUnramifiedField.lean:240:7: Private declaration `padicIntToCompletedUnramifiedWittRing_injective` accessed publicly; this is allowed only because the `backward.privateInPublic` option is enabled. 

Disable `backward.privateInPublic.warn` to silence this warning.
⚠ [6333/6424] Replayed UnitDistance.Upstream.Yamaguchi.ClassFieldTheory.LubinTate.Padic.CompletedLevel
warning: UnitDistance/Upstream/Yamaguchi/ClassFieldTheory/LubinTate/Padic/CompletedLevel.lean:253:5: Private declaration `padicCompletedPrimitivePolynomial_map_degree_ne_zero` accessed publicly; this is allowed only because the `backward.privateInPublic` option is enabled. 

Disable `backward.privateInPublic.warn` to silence this warning.
warning: UnitDistance/Upstream/Yamaguchi/ClassFieldTheory/LubinTate/Padic/CompletedLevel.lean:335:20: Private declaration `padicCompletedLevelCompleteDVFData_exists` accessed publicly; this is allowed only because the `backward.privateInPublic` option is enabled. 

Disable `backward.privateInPublic.warn` to silence this warning.
⚠ [6336/6424] Replayed UnitDistance.Upstream.Yamaguchi.ClassFieldTheory.LubinTate.Padic.ChangedUniformizerIntertwiner.CompletedSeries
warning: UnitDistance/Upstream/Yamaguchi/ClassFieldTheory/LubinTate/Padic/ChangedUniformizerIntertwiner/CompletedSeries.lean:94:4: This simp argument is unused:
  padicValuationSubringToCompletedUnramifiedWittRing_uniformizer

Hint: Omit it from the simp argument list.
  [apply] simp [padicValuationUnitToCompletedUnramifiedWittUnit]

Note: This linter can be disabled with `set_option linter.unusedSimpArgs false`
⚠ [6338/6424] Replayed UnitDistance.Upstream.Yamaguchi.ClassFieldTheory.LubinTate.Padic.ChangedUniformizerIntertwiner.DefectCorrection
warning: UnitDistance/Upstream/Yamaguchi/ClassFieldTheory/LubinTate/Padic/ChangedUniformizerIntertwiner/DefectCorrection.lean:247:34: `if_neg` has been deprecated: Use `ite_eq_right` instead

Hint: Replace the deprecated name:
  i̵f̵_̵n̵e̵g̵i̲t̲e̲_̲e̲q̲_̲r̲i̲g̲h̲t̲
warning: UnitDistance/Upstream/Yamaguchi/ClassFieldTheory/LubinTate/Padic/ChangedUniformizerIntertwiner/DefectCorrection.lean:293:36: `if_neg` has been deprecated: Use `ite_eq_right` instead

Hint: Replace the deprecated name:
  i̵f̵_̵n̵e̵g̵i̲t̲e̲_̲e̲q̲_̲r̲i̲g̲h̲t̲
warning: UnitDistance/Upstream/Yamaguchi/ClassFieldTheory/LubinTate/Padic/ChangedUniformizerIntertwiner/DefectCorrection.lean:416:34: `if_neg` has been deprecated: Use `ite_eq_right` instead

Hint: Replace the deprecated name:
  i̵f̵_̵n̵e̵g̵i̲t̲e̲_̲e̲q̲_̲r̲i̲g̲h̲t̲
warning: UnitDistance/Upstream/Yamaguchi/ClassFieldTheory/LubinTate/Padic/ChangedUniformizerIntertwiner/DefectCorrection.lean:489:8: Private declaration `padicChangedUniformizerNormalizedDefect` accessed publicly; this is allowed only because the `backward.privateInPublic` option is enabled. 

Disable `backward.privateInPublic.warn` to silence this warning.
warning: UnitDistance/Upstream/Yamaguchi/ClassFieldTheory/LubinTate/Padic/ChangedUniformizerIntertwiner/DefectCorrection.lean:502:8: Private declaration `padicChangedUniformizerNormalizedDefect` accessed publicly; this is allowed only because the `backward.privateInPublic` option is enabled. 

Disable `backward.privateInPublic.warn` to silence this warning.
⚠ [6342/6424] Replayed UnitDistance.Upstream.Yamaguchi.ClassFieldTheory.LubinTate.Padic.MultiplicativeEvaluation.FiniteLevelPrimitiveRoot
warning: UnitDistance/Upstream/Yamaguchi/ClassFieldTheory/LubinTate/Padic/MultiplicativeEvaluation/FiniteLevelPrimitiveRoot.lean:401:8: `ENat.top_ne_coe` has been deprecated: Use `ENat.top_ne_natCast` instead

Hint: Replace the deprecated name:
  ENat.top_ne_c̵o̵e̵n̲a̲t̲C̲a̲s̲t̲
⚠ [6344/6481] Replayed UnitDistance.Upstream.Yamaguchi.ClassFieldTheory.LubinTate.Padic.ChangedUniformizerIntertwiner.IntertwinerConstruction
warning: UnitDistance/Upstream/Yamaguchi/ClassFieldTheory/LubinTate/Padic/ChangedUniformizerIntertwiner/IntertwinerConstruction.lean:98:32: `if_neg` has been deprecated: Use `ite_eq_right` instead

Hint: Replace the deprecated name:
  i̵f̵_̵n̵e̵g̵i̲t̲e̲_̲e̲q̲_̲r̲i̲g̲h̲t̲
warning: UnitDistance/Upstream/Yamaguchi/ClassFieldTheory/LubinTate/Padic/ChangedUniformizerIntertwiner/IntertwinerConstruction.lean:142:7: Private declaration `padicChangedUniformizerApproximation` accessed publicly; this is allowed only because the `backward.privateInPublic` option is enabled. 

Disable `backward.privateInPublic.warn` to silence this warning.
warning: UnitDistance/Upstream/Yamaguchi/ClassFieldTheory/LubinTate/Padic/ChangedUniformizerIntertwiner/IntertwinerConstruction.lean:142:6: Private declaration `PadicChangedUniformizerApproximation.series` accessed publicly; this is allowed only because the `backward.privateInPublic` option is enabled. 

Disable `backward.privateInPublic.warn` to silence this warning.
warning: UnitDistance/Upstream/Yamaguchi/ClassFieldTheory/LubinTate/Padic/ChangedUniformizerIntertwiner/IntertwinerConstruction.lean:152:9: Private declaration `padicChangedUniformizerApproximation` accessed publicly; this is allowed only because the `backward.privateInPublic` option is enabled. 

Disable `backward.privateInPublic.warn` to silence this warning.
warning: UnitDistance/Upstream/Yamaguchi/ClassFieldTheory/LubinTate/Padic/ChangedUniformizerIntertwiner/IntertwinerConstruction.lean:152:8: Private declaration `PadicChangedUniformizerApproximation.series` accessed publicly; this is allowed only because the `backward.privateInPublic` option is enabled. 

Disable `backward.privateInPublic.warn` to silence this warning.
warning: UnitDistance/Upstream/Yamaguchi/ClassFieldTheory/LubinTate/Padic/ChangedUniformizerIntertwiner/IntertwinerConstruction.lean:324:34: `if_pos` has been deprecated: Use `ite_eq_left` instead

Hint: Replace the deprecated name:
  i̵f̵_̵p̵o̵s̵i̲t̲e̲_̲e̲q̲_̲l̲e̲f̲t̲
warning: UnitDistance/Upstream/Yamaguchi/ClassFieldTheory/LubinTate/Padic/ChangedUniformizerIntertwiner/IntertwinerConstruction.lean:326:6: `if_neg` has been deprecated: Use `ite_eq_right` instead

Hint: Replace the deprecated name:
  i̵f̵_̵n̵e̵g̵i̲t̲e̲_̲e̲q̲_̲r̲i̲g̲h̲t̲
warning: UnitDistance/Upstream/Yamaguchi/ClassFieldTheory/LubinTate/Padic/ChangedUniformizerIntertwiner/IntertwinerConstruction.lean:470:38: `if_neg` has been deprecated: Use `ite_eq_right` instead

Hint: Replace the deprecated name:
  i̵f̵_̵n̵e̵g̵i̲t̲e̲_̲e̲q̲_̲r̲i̲g̲h̲t̲
warning: UnitDistance/Upstream/Yamaguchi/ClassFieldTheory/LubinTate/Padic/ChangedUniformizerIntertwiner/IntertwinerConstruction.lean:481:42: `if_pos` has been deprecated: Use `ite_eq_left` instead

Hint: Replace the deprecated name:
  i̵f̵_̵p̵o̵s̵i̲t̲e̲_̲e̲q̲_̲l̲e̲f̲t̲
warning: UnitDistance/Upstream/Yamaguchi/ClassFieldTheory/LubinTate/Padic/ChangedUniformizerIntertwiner/IntertwinerConstruction.lean:488:42: `if_neg` has been deprecated: Use `ite_eq_right` instead

Hint: Replace the deprecated name:
  i̵f̵_̵n̵e̵g̵i̲t̲e̲_̲e̲q̲_̲r̲i̲g̲h̲t̲
⚠ [6359/6481] Replayed UnitDistance.Upstream.Yamaguchi.ClassFieldTheory.LubinTate.Padic.CompletedPrimitiveUniformizer
warning: UnitDistance/Upstream/Yamaguchi/ClassFieldTheory/LubinTate/Padic/CompletedPrimitiveUniformizer.lean:166:8: `if_neg` has been deprecated: Use `ite_eq_right` instead

Hint: Replace the deprecated name:
  i̵f̵_̵n̵e̵g̵i̲t̲e̲_̲e̲q̲_̲r̲i̲g̲h̲t̲
warning: UnitDistance/Upstream/Yamaguchi/ClassFieldTheory/LubinTate/Padic/CompletedPrimitiveUniformizer.lean:174:8: `if_pos` has been deprecated: Use `ite_eq_left` instead

Hint: Replace the deprecated name:
  i̵f̵_̵p̵o̵s̵i̲t̲e̲_̲e̲q̲_̲l̲e̲f̲t̲
warning: UnitDistance/Upstream/Yamaguchi/ClassFieldTheory/LubinTate/Padic/CompletedPrimitiveUniformizer.lean:181:8: `if_neg` has been deprecated: Use `ite_eq_right` instead

Hint: Replace the deprecated name:
  i̵f̵_̵n̵e̵g̵i̲t̲e̲_̲e̲q̲_̲r̲i̲g̲h̲t̲
warning: UnitDistance/Upstream/Yamaguchi/ClassFieldTheory/LubinTate/Padic/CompletedPrimitiveUniformizer.lean:233:6: `if_neg` has been deprecated: Use `ite_eq_right` instead

Hint: Replace the deprecated name:
  i̵f̵_̵n̵e̵g̵i̲t̲e̲_̲e̲q̲_̲r̲i̲g̲h̲t̲
warning: UnitDistance/Upstream/Yamaguchi/ClassFieldTheory/LubinTate/Padic/CompletedPrimitiveUniformizer.lean:332:37: `ENat.coe_ne_top` has been deprecated: Use `ENat.natCast_ne_top` instead

Hint: Replace the deprecated name:
  E̵N̵a̵t̵.̵c̵o̵e̵_̵n̵e̵_̵t̵o̵p̵E̲N̲a̲t̲.̲n̲a̲t̲C̲a̲s̲t̲_̲n̲e̲_̲t̲o̲p̲
warning: UnitDistance/Upstream/Yamaguchi/ClassFieldTheory/LubinTate/Padic/CompletedPrimitiveUniformizer.lean:485:8: `if_neg` has been deprecated: Use `ite_eq_right` instead

Hint: Replace the deprecated name:
  i̵f̵_̵n̵e̵g̵i̲t̲e̲_̲e̲q̲_̲r̲i̲g̲h̲t̲
warning: UnitDistance/Upstream/Yamaguchi/ClassFieldTheory/LubinTate/Padic/CompletedPrimitiveUniformizer.lean:493:8: `if_pos` has been deprecated: Use `ite_eq_left` instead

Hint: Replace the deprecated name:
  i̵f̵_̵p̵o̵s̵i̲t̲e̲_̲e̲q̲_̲l̲e̲f̲t̲
warning: UnitDistance/Upstream/Yamaguchi/ClassFieldTheory/LubinTate/Padic/CompletedPrimitiveUniformizer.lean:500:8: `if_neg` has been deprecated: Use `ite_eq_right` instead

Hint: Replace the deprecated name:
  i̵f̵_̵n̵e̵g̵i̲t̲e̲_̲e̲q̲_̲r̲i̲g̲h̲t̲
warning: UnitDistance/Upstream/Yamaguchi/ClassFieldTheory/LubinTate/Padic/CompletedPrimitiveUniformizer.lean:572:6: `if_neg` has been deprecated: Use `ite_eq_right` instead

Hint: Replace the deprecated name:
  i̵f̵_̵n̵e̵g̵i̲t̲e̲_̲e̲q̲_̲r̲i̲g̲h̲t̲
warning: UnitDistance/Upstream/Yamaguchi/ClassFieldTheory/LubinTate/Padic/CompletedPrimitiveUniformizer.lean:669:37: `ENat.coe_ne_top` has been deprecated: Use `ENat.natCast_ne_top` instead

Hint: Replace the deprecated name:
  E̵N̵a̵t̵.̵c̵o̵e̵_̵n̵e̵_̵t̵o̵p̵E̲N̲a̲t̲.̲n̲a̲t̲C̲a̲s̲t̲_̲n̲e̲_̲t̲o̲p̲
⚠ [6366/6481] Replayed UnitDistance.Upstream.Yamaguchi.ClassFieldTheory.GlobalClassFieldTheory.Reciprocity.RationalCyclotomicFinitePlaceArtin
warning: UnitDistance/Upstream/Yamaguchi/ClassFieldTheory/GlobalClassFieldTheory/Reciprocity/RationalCyclotomicFinitePlaceArtin.lean:964:7: Private declaration `rationalCyclotomicArtinExtension` accessed publicly; this is allowed only because the `backward.privateInPublic` option is enabled. 

Disable `backward.privateInPublic.warn` to silence this warning.
warning: UnitDistance/Upstream/Yamaguchi/ClassFieldTheory/GlobalClassFieldTheory/Reciprocity/RationalCyclotomicFinitePlaceArtin.lean:966:14: Private declaration `rationalCyclotomicArtinExtension` accessed publicly; this is allowed only because the `backward.privateInPublic` option is enabled. 

Disable `backward.privateInPublic.warn` to silence this warning.
warning: UnitDistance/Upstream/Yamaguchi/ClassFieldTheory/GlobalClassFieldTheory/Reciprocity/RationalCyclotomicFinitePlaceArtin.lean:972:7: Private declaration `rationalCyclotomicArtinExtension` accessed publicly; this is allowed only because the `backward.privateInPublic` option is enabled. 

Disable `backward.privateInPublic.warn` to silence this warning.
warning: UnitDistance/Upstream/Yamaguchi/ClassFieldTheory/GlobalClassFieldTheory/Reciprocity/RationalCyclotomicFinitePlaceArtin.lean:979:13: Private declaration `rationalCyclotomicArtinBaseAbv` accessed publicly; this is allowed only because the `backward.privateInPublic` option is enabled. 

Disable `backward.privateInPublic.warn` to silence this warning.
warning: UnitDistance/Upstream/Yamaguchi/ClassFieldTheory/GlobalClassFieldTheory/Reciprocity/RationalCyclotomicFinitePlaceArtin.lean:980:7: Private declaration `rationalCyclotomicArtinExtension` accessed publicly; this is allowed only because the `backward.privateInPublic` option is enabled. 

Disable `backward.privateInPublic.warn` to silence this warning.
warning: UnitDistance/Upstream/Yamaguchi/ClassFieldTheory/GlobalClassFieldTheory/Reciprocity/RationalCyclotomicFinitePlaceArtin.lean:982:5: Private declaration `rationalCyclotomicArtinBaseAbv` accessed publicly; this is allowed only because the `backward.privateInPublic` option is enabled. 

Disable `backward.privateInPublic.warn` to silence this warning.
warning: UnitDistance/Upstream/Yamaguchi/ClassFieldTheory/GlobalClassFieldTheory/Reciprocity/RationalCyclotomicFinitePlaceArtin.lean:983:5: Private declaration `rationalCyclotomicArtinExtension` accessed publicly; this is allowed only because the `backward.privateInPublic` option is enabled. 

Disable `backward.privateInPublic.warn` to silence this warning.
warning: UnitDistance/Upstream/Yamaguchi/ClassFieldTheory/GlobalClassFieldTheory/Reciprocity/RationalCyclotomicFinitePlaceArtin.lean:984:5: Private declaration `rationalCyclotomicArtinExtension` accessed publicly; this is allowed only because the `backward.privateInPublic` option is enabled. 

Disable `backward.privateInPublic.warn` to silence this warning.
warning: UnitDistance/Upstream/Yamaguchi/ClassFieldTheory/GlobalClassFieldTheory/Reciprocity/RationalCyclotomicFinitePlaceArtin.lean:989:13: Private declaration `rationalCyclotomicArtinBaseAbv` accessed publicly; this is allowed only because the `backward.privateInPublic` option is enabled. 

Disable `backward.privateInPublic.warn` to silence this warning.
warning: UnitDistance/Upstream/Yamaguchi/ClassFieldTheory/GlobalClassFieldTheory/Reciprocity/RationalCyclotomicFinitePlaceArtin.lean:990:7: Private declaration `rationalCyclotomicArtinLocalizedField` accessed publicly; this is allowed only because the `backward.privateInPublic` option is enabled. 

Disable `backward.privateInPublic.warn` to silence this warning.
warning: UnitDistance/Upstream/Yamaguchi/ClassFieldTheory/GlobalClassFieldTheory/Reciprocity/RationalCyclotomicFinitePlaceArtin.lean:992:19: Private declaration `rationalCyclotomicArtinLevel` accessed publicly; this is allowed only because the `backward.privateInPublic` option is enabled. 

Disable `backward.privateInPublic.warn` to silence this warning.
warning: UnitDistance/Upstream/Yamaguchi/ClassFieldTheory/GlobalClassFieldTheory/Reciprocity/RationalCyclotomicFinitePlaceArtin.lean:993:5: Private declaration `rationalCyclotomicArtinPlace` accessed publicly; this is allowed only because the `backward.privateInPublic` option is enabled. 

Disable `backward.privateInPublic.warn` to silence this warning.
warning: UnitDistance/Upstream/Yamaguchi/ClassFieldTheory/GlobalClassFieldTheory/Reciprocity/RationalCyclotomicFinitePlaceArtin.lean:994:5: Private declaration `rationalCyclotomicArtinExtension` accessed publicly; this is allowed only because the `backward.privateInPublic` option is enabled. 

Disable `backward.privateInPublic.warn` to silence this warning.
warning: UnitDistance/Upstream/Yamaguchi/ClassFieldTheory/GlobalClassFieldTheory/Reciprocity/RationalCyclotomicFinitePlaceArtin.lean:999:15: Private declaration `rationalCyclotomicArtinLocalizedField` accessed publicly; this is allowed only because the `backward.privateInPublic` option is enabled. 

Disable `backward.privateInPublic.warn` to silence this warning.
warning: UnitDistance/Upstream/Yamaguchi/ClassFieldTheory/GlobalClassFieldTheory/Reciprocity/RationalCyclotomicFinitePlaceArtin.lean:1001:5: Private declaration `rationalCyclotomicArtinBaseAbv` accessed publicly; this is allowed only because the `backward.privateInPublic` option is enabled. 

Disable `backward.privateInPublic.warn` to silence this warning.
warning: UnitDistance/Upstream/Yamaguchi/ClassFieldTheory/GlobalClassFieldTheory/Reciprocity/RationalCyclotomicFinitePlaceArtin.lean:1002:5: Private declaration `rationalCyclotomicArtinExtension` accessed publicly; this is allowed only because the `backward.privateInPublic` option is enabled. 

Disable `backward.privateInPublic.warn` to silence this warning.
warning: UnitDistance/Upstream/Yamaguchi/ClassFieldTheory/GlobalClassFieldTheory/Reciprocity/RationalCyclotomicFinitePlaceArtin.lean:1007:12: Private declaration `rationalCyclotomicArtinLocalizedField` accessed publicly; this is allowed only because the `backward.privateInPublic` option is enabled. 

Disable `backward.privateInPublic.warn` to silence this warning.
warning: UnitDistance/Upstream/Yamaguchi/ClassFieldTheory/GlobalClassFieldTheory/Reciprocity/RationalCyclotomicFinitePlaceArtin.lean:1014:7: Private declaration `rationalCyclotomicArtinBaseAbv` accessed publicly; this is allowed only because the `backward.privateInPublic` option is enabled. 

Disable `backward.privateInPublic.warn` to silence this warning.
warning: UnitDistance/Upstream/Yamaguchi/ClassFieldTheory/GlobalClassFieldTheory/Reciprocity/RationalCyclotomicFinitePlaceArtin.lean:1015:7: Private declaration `rationalCyclotomicArtinLocalizedField` accessed publicly; this is allowed only because the `backward.privateInPublic` option is enabled. 

Disable `backward.privateInPublic.warn` to silence this warning.
warning: UnitDistance/Upstream/Yamaguchi/ClassFieldTheory/GlobalClassFieldTheory/Reciprocity/RationalCyclotomicFinitePlaceArtin.lean:1025:7: Private declaration `rationalCyclotomicArtinBaseAbv` accessed publicly; this is allowed only because the `backward.privateInPublic` option is enabled. 

Disable `backward.privateInPublic.warn` to silence this warning.
warning: UnitDistance/Upstream/Yamaguchi/ClassFieldTheory/GlobalClassFieldTheory/Reciprocity/RationalCyclotomicFinitePlaceArtin.lean:1026:7: Private declaration `rationalCyclotomicArtinLocalizedField` accessed publicly; this is allowed only because the `backward.privateInPublic` option is enabled. 

Disable `backward.privateInPublic.warn` to silence this warning.
warning: UnitDistance/Upstream/Yamaguchi/ClassFieldTheory/GlobalClassFieldTheory/Reciprocity/RationalCyclotomicFinitePlaceArtin.lean:1036:7: Private declaration `rationalCyclotomicArtinBaseAbv` accessed publicly; this is allowed only because the `backward.privateInPublic` option is enabled. 

Disable `backward.privateInPublic.warn` to silence this warning.
warning: UnitDistance/Upstream/Yamaguchi/ClassFieldTheory/GlobalClassFieldTheory/Reciprocity/RationalCyclotomicFinitePlaceArtin.lean:1037:7: Private declaration `rationalCyclotomicArtinLocalizedField` accessed publicly; this is allowed only because the `backward.privateInPublic` option is enabled. 

Disable `backward.privateInPublic.warn` to silence this warning.
warning: UnitDistance/Upstream/Yamaguchi/ClassFieldTheory/GlobalClassFieldTheory/Reciprocity/RationalCyclotomicFinitePlaceArtin.lean:1049:7: Private declaration `rationalCyclotomicArtinBaseAbv` accessed publicly; this is allowed only because the `backward.privateInPublic` option is enabled. 

Disable `backward.privateInPublic.warn` to silence this warning.
warning: UnitDistance/Upstream/Yamaguchi/ClassFieldTheory/GlobalClassFieldTheory/Reciprocity/RationalCyclotomicFinitePlaceArtin.lean:1050:7: Private declaration `rationalCyclotomicArtinLocalizedField` accessed publicly; this is allowed only because the `backward.privateInPublic` option is enabled. 

Disable `backward.privateInPublic.warn` to silence this warning.
warning: UnitDistance/Upstream/Yamaguchi/ClassFieldTheory/GlobalClassFieldTheory/Reciprocity/RationalCyclotomicFinitePlaceArtin.lean:1057:7: Private declaration `rationalCyclotomicArtinBaseAbv` accessed publicly; this is allowed only because the `backward.privateInPublic` option is enabled. 

Disable `backward.privateInPublic.warn` to silence this warning.
warning: UnitDistance/Upstream/Yamaguchi/ClassFieldTheory/GlobalClassFieldTheory/Reciprocity/RationalCyclotomicFinitePlaceArtin.lean:1058:7: Private declaration `rationalCyclotomicArtinLocalizedField` accessed publicly; this is allowed only because the `backward.privateInPublic` option is enabled. 

Disable `backward.privateInPublic.warn` to silence this warning.
warning: UnitDistance/Upstream/Yamaguchi/ClassFieldTheory/GlobalClassFieldTheory/Reciprocity/RationalCyclotomicFinitePlaceArtin.lean:1066:7: Private declaration `rationalCyclotomicArtinBaseAbv` accessed publicly; this is allowed only because the `backward.privateInPublic` option is enabled. 

Disable `backward.privateInPublic.warn` to silence this warning.
warning: UnitDistance/Upstream/Yamaguchi/ClassFieldTheory/GlobalClassFieldTheory/Reciprocity/RationalCyclotomicFinitePlaceArtin.lean:1067:7: Private declaration `rationalCyclotomicArtinExtension` accessed publicly; this is allowed only because the `backward.privateInPublic` option is enabled. 

Disable `backward.privateInPublic.warn` to silence this warning.
warning: UnitDistance/Upstream/Yamaguchi/ClassFieldTheory/GlobalClassFieldTheory/Reciprocity/RationalCyclotomicFinitePlaceArtin.lean:1078:7: Private declaration `rationalCyclotomicArtinBaseAbv` accessed publicly; this is allowed only because the `backward.privateInPublic` option is enabled. 

Disable `backward.privateInPublic.warn` to silence this warning.
warning: UnitDistance/Upstream/Yamaguchi/ClassFieldTheory/GlobalClassFieldTheory/Reciprocity/RationalCyclotomicFinitePlaceArtin.lean:1079:7: Private declaration `rationalCyclotomicArtinExtension` accessed publicly; this is allowed only because the `backward.privateInPublic` option is enabled. 

Disable `backward.privateInPublic.warn` to silence this warning.
warning: UnitDistance/Upstream/Yamaguchi/ClassFieldTheory/GlobalClassFieldTheory/Reciprocity/RationalCyclotomicFinitePlaceArtin.lean:1090:7: Private declaration `rationalCyclotomicArtinExtension` accessed publicly; this is allowed only because the `backward.privateInPublic` option is enabled. 

Disable `backward.privateInPublic.warn` to silence this warning.
warning: UnitDistance/Upstream/Yamaguchi/ClassFieldTheory/GlobalClassFieldTheory/Reciprocity/RationalCyclotomicFinitePlaceArtin.lean:1113:7: Private declaration `rationalCyclotomicArtinLocalizedField` accessed publicly; this is allowed only because the `backward.privateInPublic` option is enabled. 

Disable `backward.privateInPublic.warn` to silence this warning.
warning: UnitDistance/Upstream/Yamaguchi/ClassFieldTheory/GlobalClassFieldTheory/Reciprocity/RationalCyclotomicFinitePlaceArtin.lean:1121:7: Private declaration `rationalCyclotomicArtinLocalizedField` accessed publicly; this is allowed only because the `backward.privateInPublic` option is enabled. 

Disable `backward.privateInPublic.warn` to silence this warning.
warning: UnitDistance/Upstream/Yamaguchi/ClassFieldTheory/GlobalClassFieldTheory/Reciprocity/RationalCyclotomicFinitePlaceArtin.lean:1130:12: Private declaration `rationalCyclotomicArtinLocalizedField` accessed publicly; this is allowed only because the `backward.privateInPublic` option is enabled. 

Disable `backward.privateInPublic.warn` to silence this warning.
warning: UnitDistance/Upstream/Yamaguchi/ClassFieldTheory/GlobalClassFieldTheory/Reciprocity/RationalCyclotomicFinitePlaceArtin.lean:1132:5: Private declaration `rationalCyclotomicArtinBaseAbv` accessed publicly; this is allowed only because the `backward.privateInPublic` option is enabled. 

Disable `backward.privateInPublic.warn` to silence this warning.
warning: UnitDistance/Upstream/Yamaguchi/ClassFieldTheory/GlobalClassFieldTheory/Reciprocity/RationalCyclotomicFinitePlaceArtin.lean:1133:5: Private declaration `rationalCyclotomicArtinExtension` accessed publicly; this is allowed only because the `backward.privateInPublic` option is enabled. 

Disable `backward.privateInPublic.warn` to silence this warning.
warning: UnitDistance/Upstream/Yamaguchi/ClassFieldTheory/GlobalClassFieldTheory/Reciprocity/RationalCyclotomicFinitePlaceArtin.lean:1135:9: Private declaration `rationalCyclotomicArtinPlace` accessed publicly; this is allowed only because the `backward.privateInPublic` option is enabled. 

Disable `backward.privateInPublic.warn` to silence this warning.
warning: UnitDistance/Upstream/Yamaguchi/ClassFieldTheory/GlobalClassFieldTheory/Reciprocity/RationalCyclotomicFinitePlaceArtin.lean:1141:18: Private declaration `rationalCyclotomicArtinLocalizedField` accessed publicly; this is allowed only because the `backward.privateInPublic` option is enabled. 

Disable `backward.privateInPublic.warn` to silence this warning.
warning: UnitDistance/Upstream/Yamaguchi/ClassFieldTheory/GlobalClassFieldTheory/Reciprocity/RationalCyclotomicFinitePlaceArtin.lean:1143:5: Private declaration `rationalCyclotomicArtinBaseAbv` accessed publicly; this is allowed only because the `backward.privateInPublic` option is enabled. 

Disable `backward.privateInPublic.warn` to silence this warning.
warning: UnitDistance/Upstream/Yamaguchi/ClassFieldTheory/GlobalClassFieldTheory/Reciprocity/RationalCyclotomicFinitePlaceArtin.lean:1144:5: Private declaration `rationalCyclotomicArtinExtension` accessed publicly; this is allowed only because the `backward.privateInPublic` option is enabled. 

Disable `backward.privateInPublic.warn` to silence this warning.
warning: UnitDistance/Upstream/Yamaguchi/ClassFieldTheory/GlobalClassFieldTheory/Reciprocity/RationalCyclotomicFinitePlaceArtin.lean:1146:9: Private declaration `rationalCyclotomicArtinPlace` accessed publicly; this is allowed only because the `backward.privateInPublic` option is enabled. 

Disable `backward.privateInPublic.warn` to silence this warning.
warning: UnitDistance/Upstream/Yamaguchi/ClassFieldTheory/GlobalClassFieldTheory/Reciprocity/RationalCyclotomicFinitePlaceArtin.lean:1152:7: Private declaration `rationalCyclotomicArtinLocalizedField` accessed publicly; this is allowed only because the `backward.privateInPublic` option is enabled. 

Disable `backward.privateInPublic.warn` to silence this warning.
warning: UnitDistance/Upstream/Yamaguchi/ClassFieldTheory/GlobalClassFieldTheory/Reciprocity/RationalCyclotomicFinitePlaceArtin.lean:1160:9: Private declaration `rationalCyclotomicArtinBaseAbv` accessed publicly; this is allowed only because the `backward.privateInPublic` option is enabled. 

Disable `backward.privateInPublic.warn` to silence this warning.
warning: UnitDistance/Upstream/Yamaguchi/ClassFieldTheory/GlobalClassFieldTheory/Reciprocity/RationalCyclotomicFinitePlaceArtin.lean:1162:9: Private declaration `rationalCyclotomicArtinLocalizedField` accessed publicly; this is allowed only because the `backward.privateInPublic` option is enabled. 

Disable `backward.privateInPublic.warn` to silence this warning.
warning: UnitDistance/Upstream/Yamaguchi/ClassFieldTheory/GlobalClassFieldTheory/Reciprocity/RationalCyclotomicFinitePlaceArtin.lean:1173:7: Private declaration `rationalCyclotomicArtinLocalizedField` accessed publicly; this is allowed only because the `backward.privateInPublic` option is enabled. 

Disable `backward.privateInPublic.warn` to silence this warning.
warning: UnitDistance/Upstream/Yamaguchi/ClassFieldTheory/GlobalClassFieldTheory/Reciprocity/RationalCyclotomicFinitePlaceArtin.lean:1184:7: Private declaration `rationalCyclotomicArtinLocalizedField` accessed publicly; this is allowed only because the `backward.privateInPublic` option is enabled. 

Disable `backward.privateInPublic.warn` to silence this warning.
warning: UnitDistance/Upstream/Yamaguchi/ClassFieldTheory/GlobalClassFieldTheory/Reciprocity/RationalCyclotomicFinitePlaceArtin.lean:1193:7: Private declaration `rationalCyclotomicArtinLocalizedField` accessed publicly; this is allowed only because the `backward.privateInPublic` option is enabled. 

Disable `backward.privateInPublic.warn` to silence this warning.
warning: UnitDistance/Upstream/Yamaguchi/ClassFieldTheory/GlobalClassFieldTheory/Reciprocity/RationalCyclotomicFinitePlaceArtin.lean:1201:7: Private declaration `rationalCyclotomicArtinLocalizedField` accessed publicly; this is allowed only because the `backward.privateInPublic` option is enabled. 

Disable `backward.privateInPublic.warn` to silence this warning.
warning: UnitDistance/Upstream/Yamaguchi/ClassFieldTheory/GlobalClassFieldTheory/Reciprocity/RationalCyclotomicFinitePlaceArtin.lean:1210:9: Private declaration `rationalCyclotomicArtinBaseAbv` accessed publicly; this is allowed only because the `backward.privateInPublic` option is enabled. 

Disable `backward.privateInPublic.warn` to silence this warning.
warning: UnitDistance/Upstream/Yamaguchi/ClassFieldTheory/GlobalClassFieldTheory/Reciprocity/RationalCyclotomicFinitePlaceArtin.lean:1211:7: Private declaration `rationalCyclotomicArtinLocalizedField` accessed publicly; this is allowed only because the `backward.privateInPublic` option is enabled. 

Disable `backward.privateInPublic.warn` to silence this warning.
warning: UnitDistance/Upstream/Yamaguchi/ClassFieldTheory/GlobalClassFieldTheory/Reciprocity/RationalCyclotomicFinitePlaceArtin.lean:1213:7: Private declaration `rationalCyclotomicArtinBaseAbv` accessed publicly; this is allowed only because the `backward.privateInPublic` option is enabled. 

Disable `backward.privateInPublic.warn` to silence this warning.
warning: UnitDistance/Upstream/Yamaguchi/ClassFieldTheory/GlobalClassFieldTheory/Reciprocity/RationalCyclotomicFinitePlaceArtin.lean:1219:8: Private declaration `rationalCyclotomicArtinLocalizedField` accessed publicly; this is allowed only because the `backward.privateInPublic` option is enabled. 

Disable `backward.privateInPublic.warn` to silence this warning.
warning: UnitDistance/Upstream/Yamaguchi/ClassFieldTheory/GlobalClassFieldTheory/Reciprocity/RationalCyclotomicFinitePlaceArtin.lean:1220:9: Private declaration `rationalCyclotomicArtinBaseAbv` accessed publicly; this is allowed only because the `backward.privateInPublic` option is enabled. 

Disable `backward.privateInPublic.warn` to silence this warning.
warning: UnitDistance/Upstream/Yamaguchi/ClassFieldTheory/GlobalClassFieldTheory/Reciprocity/RationalCyclotomicFinitePlaceArtin.lean:1221:7: Private declaration `rationalCyclotomicArtinLocalizedField` accessed publicly; this is allowed only because the `backward.privateInPublic` option is enabled. 

Disable `backward.privateInPublic.warn` to silence this warning.
warning: UnitDistance/Upstream/Yamaguchi/ClassFieldTheory/GlobalClassFieldTheory/Reciprocity/RationalCyclotomicFinitePlaceArtin.lean:1234:9: Private declaration `rationalCyclotomicArtinBaseAbv` accessed publicly; this is allowed only because the `backward.privateInPublic` option is enabled. 

Disable `backward.privateInPublic.warn` to silence this warning.
warning: UnitDistance/Upstream/Yamaguchi/ClassFieldTheory/GlobalClassFieldTheory/Reciprocity/RationalCyclotomicFinitePlaceArtin.lean:1235:8: Private declaration `rationalCyclotomicArtinLocalizedField` accessed publicly; this is allowed only because the `backward.privateInPublic` option is enabled. 

Disable `backward.privateInPublic.warn` to silence this warning.
warning: UnitDistance/Upstream/Yamaguchi/ClassFieldTheory/GlobalClassFieldTheory/Reciprocity/RationalCyclotomicFinitePlaceArtin.lean:1294:21: Private declaration `rationalCyclotomicArtinLocalizedField` accessed publicly; this is allowed only because the `backward.privateInPublic` option is enabled. 

Disable `backward.privateInPublic.warn` to silence this warning.
warning: UnitDistance/Upstream/Yamaguchi/ClassFieldTheory/GlobalClassFieldTheory/Reciprocity/RationalCyclotomicFinitePlaceArtin.lean:1308:7: Private declaration `rationalCyclotomicArtinLocalizedField` accessed publicly; this is allowed only because the `backward.privateInPublic` option is enabled. 

Disable `backward.privateInPublic.warn` to silence this warning.
warning: UnitDistance/Upstream/Yamaguchi/ClassFieldTheory/GlobalClassFieldTheory/Reciprocity/RationalCyclotomicFinitePlaceArtin.lean:1557:4: Private declaration `rationalCyclotomicArtinLocalizedField` accessed publicly; this is allowed only because the `backward.privateInPublic` option is enabled. 

Disable `backward.privateInPublic.warn` to silence this warning.
warning: UnitDistance/Upstream/Yamaguchi/ClassFieldTheory/GlobalClassFieldTheory/Reciprocity/RationalCyclotomicFinitePlaceArtin.lean:1561:7: Private declaration `rationalCyclotomicArtinLocalizedField` accessed publicly; this is allowed only because the `backward.privateInPublic` option is enabled. 

Disable `backward.privateInPublic.warn` to silence this warning.
warning: UnitDistance/Upstream/Yamaguchi/ClassFieldTheory/GlobalClassFieldTheory/Reciprocity/RationalCyclotomicFinitePlaceArtin.lean:1563:4: Private declaration `rationalCyclotomicPrincipalPrimeLocalizedLevel_isCyclotomicExtension` accessed publicly; this is allowed only because the `backward.privateInPublic` option is enabled. 

Disable `backward.privateInPublic.warn` to silence this warning.
warning: UnitDistance/Upstream/Yamaguchi/ClassFieldTheory/GlobalClassFieldTheory/Reciprocity/RationalCyclotomicFinitePlaceArtin.lean:1570:7: Private declaration `rationalCyclotomicArtinLocalizedField` accessed publicly; this is allowed only because the `backward.privateInPublic` option is enabled. 

Disable `backward.privateInPublic.warn` to silence this warning.
warning: UnitDistance/Upstream/Yamaguchi/ClassFieldTheory/GlobalClassFieldTheory/Reciprocity/RationalCyclotomicFinitePlaceArtin.lean:2450:5: Private declaration `rationalCyclotomicArtinBaseAbv` accessed publicly; this is allowed only because the `backward.privateInPublic` option is enabled. 

Disable `backward.privateInPublic.warn` to silence this warning.
warning: UnitDistance/Upstream/Yamaguchi/ClassFieldTheory/GlobalClassFieldTheory/Reciprocity/RationalCyclotomicFinitePlaceArtin.lean:2451:21: Private declaration `rationalCyclotomicArtinLocalInput` accessed publicly; this is allowed only because the `backward.privateInPublic` option is enabled. 

Disable `backward.privateInPublic.warn` to silence this warning.
⚠ [6367/6481] Replayed UnitDistance.Upstream.Yamaguchi.ClassFieldTheory.GlobalClassFieldTheory.Reciprocity.RationalCyclotomicPrincipalAwayProduct
warning: UnitDistance/Upstream/Yamaguchi/ClassFieldTheory/GlobalClassFieldTheory/Reciprocity/RationalCyclotomicPrincipalAwayProduct.lean:139:4: Private declaration `rationalCyclotomicPrincipalHeightOneCharacter` accessed publicly; this is allowed only because the `backward.privateInPublic` option is enabled. 

Disable `backward.privateInPublic.warn` to silence this warning.
warning: UnitDistance/Upstream/Yamaguchi/ClassFieldTheory/GlobalClassFieldTheory/Reciprocity/RationalCyclotomicPrincipalAwayProduct.lean:164:2: Private declaration `rationalCyclotomicPrincipalHeightOneCharacter` accessed publicly; this is allowed only because the `backward.privateInPublic` option is enabled. 

Disable `backward.privateInPublic.warn` to silence this warning.
⚠ [6368/6481] Replayed UnitDistance.Upstream.Yamaguchi.ClassFieldTheory.GlobalClassFieldTheory.Reciprocity.InfiniteGlobalArtin
warning: UnitDistance/Upstream/Yamaguchi/ClassFieldTheory/GlobalClassFieldTheory/Reciprocity/InfiniteGlobalArtin.lean:86:9: Private declaration `rationalPositiveArchimedeanInfinitePart` accessed publicly; this is allowed only because the `backward.privateInPublic` option is enabled. 

Disable `backward.privateInPublic.warn` to silence this warning.
⚠ [6369/6481] Replayed UnitDistance.Upstream.Yamaguchi.ClassFieldTheory.GlobalClassFieldTheory.Reciprocity.CyclotomicIdeleValue
warning: UnitDistance/Upstream/Yamaguchi/ClassFieldTheory/GlobalClassFieldTheory/Reciprocity/CyclotomicIdeleValue.lean:279:10: `AddEquiv.toAdditive_toMultiplicative` has been deprecated: Use `AddEquiv.additiveMultiplicative` instead

Hint: Replace the deprecated name:
  A̵d̵d̵E̵q̵u̵i̵v̵.̵t̵o̵A̵d̵d̵i̵t̵i̵v̵e̵_̵t̵o̵M̵u̵l̵t̵i̵p̵l̵i̵c̵a̵t̵i̵v̵e̵A̲d̲d̲E̲q̲u̲i̲v̲.̲a̲d̲d̲i̲t̲i̲v̲e̲M̲u̲l̲t̲i̲p̲l̲i̲c̲a̲t̲i̲v̲e̲
warning: UnitDistance/Upstream/Yamaguchi/ClassFieldTheory/GlobalClassFieldTheory/Reciprocity/CyclotomicIdeleValue.lean:397:7: `IntermediateField.restrict_algEquiv` has been deprecated: Use `IntermediateField.restrictAlgEquiv` instead

Hint: Replace the deprecated name:
  IntermediateField.restrict_̵a̵A̲lgEquiv
warning: UnitDistance/Upstream/Yamaguchi/ClassFieldTheory/GlobalClassFieldTheory/Reciprocity/CyclotomicIdeleValue.lean:409:5: `IntermediateField.restrict_algEquiv` has been deprecated: Use `IntermediateField.restrictAlgEquiv` instead

Hint: Replace the deprecated name:
  IntermediateField.restrict_̵a̵A̲lgEquiv
warning: UnitDistance/Upstream/Yamaguchi/ClassFieldTheory/GlobalClassFieldTheory/Reciprocity/CyclotomicIdeleValue.lean:414:7: `IntermediateField.restrict_algEquiv` has been deprecated: Use `IntermediateField.restrictAlgEquiv` instead

Hint: Replace the deprecated name:
  IntermediateField.restrict_̵a̵A̲lgEquiv
warning: UnitDistance/Upstream/Yamaguchi/ClassFieldTheory/GlobalClassFieldTheory/Reciprocity/CyclotomicIdeleValue.lean:472:5: `IntermediateField.restrict_algEquiv` has been deprecated: Use `IntermediateField.restrictAlgEquiv` instead

Hint: Replace the deprecated name:
  IntermediateField.restrict_̵a̵A̲lgEquiv
⚠ [6373/6481] Replayed UnitDistance.Upstream.Yamaguchi.ClassFieldTheory.AlgebraicNumberTheory.Idele.NormTopology.FiniteNormArithmetic
warning: UnitDistance/Upstream/Yamaguchi/ClassFieldTheory/AlgebraicNumberTheory/Idele/NormTopology/FiniteNormArithmetic.lean:402:8: `Algebra.IsAlgebraic.finrank_of_isFractionRing` has been deprecated: Use `IsFractionRing.finrank_eq` instead

Note: The updated constant is in a different namespace. Dot notation may need to be changed (e.g., from `x.finrank_of_isFractionRing` to `IsFractionRing.finrank_eq x`).

Hint: Replace the deprecated name:
  A̵l̵g̵e̵b̵r̵a̵.̵I̵s̵A̵l̵g̵e̵b̵r̵a̵i̵c̵.̵f̵i̵n̵r̵a̵n̵k̵_̵o̵f̵_̵i̵s̵F̵r̵a̵c̵t̵i̵o̵n̵R̵i̵n̵g̵I̲s̲F̲r̲a̲c̲t̲i̲o̲n̲R̲i̲n̲g̲.̲f̲i̲n̲r̲a̲n̲k̲_̲e̲q̲
⚠ [6374/6481] Replayed UnitDistance.Upstream.Yamaguchi.ClassFieldTheory.AlgebraicNumberTheory.Idele.NormTopology.ExtensionBehavior
warning: UnitDistance/Upstream/Yamaguchi/ClassFieldTheory/AlgebraicNumberTheory/Idele/NormTopology/ExtensionBehavior.lean:56:57: `Isometry.isometry_mapRingHom` has been deprecated: Use `UniformSpace.Completion.isometry_mapRingHom` instead

Note: The updated constant has a different type:
  ∀ {α : Type u} {β : Type v} [inst : PseudoMetricSpace α] [inst_1 : Ring α] [inst_2 : IsTopologicalRing α]
    [inst_3 : IsUniformAddGroup α] [inst_4 : Ring β] [inst_5 : PseudoMetricSpace β] [inst_6 : IsUniformAddGroup β]
    [inst_7 : IsTopologicalRing β] {f : α →+* β} (h : Isometry ⇑f), Isometry ⇑(UniformSpace.Completion.mapRingHom f ⋯)
instead of
  ∀ {α : Type u} {β : Type v} [inst : PseudoMetricSpace α] [inst_1 : Ring α] [inst_2 : IsTopologicalRing α]
    [inst_3 : IsUniformAddGroup α] [inst_4 : Ring β] [inst_5 : PseudoMetricSpace β] [inst_6 : IsUniformAddGroup β]
    [inst_7 : IsTopologicalRing β] {f : α →+* β} (h : Isometry ⇑f), Isometry ⇑h.mapRingHom

Note: The updated constant is in a different namespace. Dot notation may need to be changed (e.g., from `x.isometry_mapRingHom` to `UniformSpace.Completion.isometry_mapRingHom x`).
warning: UnitDistance/Upstream/Yamaguchi/ClassFieldTheory/AlgebraicNumberTheory/Idele/NormTopology/ExtensionBehavior.lean:46:8: automatically included section variable(s) unused in theorem `_private.UnitDistance.Upstream.Yamaguchi.ClassFieldTheory.AlgebraicNumberTheory.Idele.NormTopology.ExtensionBehavior.0.IdeleGroup.infinitePlaceCompletionMap_isometry`:
  [NumberField L]
consider restructuring your `variable` declarations so that the variables are not in scope or explicitly omit them:
  omit [NumberField L] in theorem ...

Note: This linter can be disabled with `set_option linter.unusedSectionVars false`
⚠ [6375/6481] Replayed UnitDistance.Upstream.Yamaguchi.ClassFieldTheory.GlobalClassFieldTheory.Reciprocity.CyclotomicNormOneCorrection
warning: UnitDistance/Upstream/Yamaguchi/ClassFieldTheory/GlobalClassFieldTheory/Reciprocity/CyclotomicNormOneCorrection.lean:143:6: Try this: 
  letI̵

The goal is a proposition, so `let` is preferred over `letI`.
The difference between `let` and `letI` is that `letI` inlines the value.
But this is not relevant for proofs because of proof irrelevance.

Note: This linter can be disabled with `set_option linter.style.haveILetI false`
warning: UnitDistance/Upstream/Yamaguchi/ClassFieldTheory/GlobalClassFieldTheory/Reciprocity/CyclotomicNormOneCorrection.lean:144:6: Try this: 
  letI̵

The goal is a proposition, so `let` is preferred over `letI`.
The difference between `let` and `letI` is that `letI` inlines the value.
But this is not relevant for proofs because of proof irrelevance.

Note: This linter can be disabled with `set_option linter.style.haveILetI false`
warning: UnitDistance/Upstream/Yamaguchi/ClassFieldTheory/GlobalClassFieldTheory/Reciprocity/CyclotomicNormOneCorrection.lean:145:6: Try this: 
  letI̵

The goal is a proposition, so `let` is preferred over `letI`.
The difference between `let` and `letI` is that `letI` inlines the value.
But this is not relevant for proofs because of proof irrelevance.

Note: This linter can be disabled with `set_option linter.style.haveILetI false`
warning: UnitDistance/Upstream/Yamaguchi/ClassFieldTheory/GlobalClassFieldTheory/Reciprocity/CyclotomicNormOneCorrection.lean:147:6: Try this: 
  letI̵

The goal is a proposition, so `let` is preferred over `letI`.
The difference between `let` and `letI` is that `letI` inlines the value.
But this is not relevant for proofs because of proof irrelevance.

Note: This linter can be disabled with `set_option linter.style.haveILetI false`
warning: UnitDistance/Upstream/Yamaguchi/ClassFieldTheory/GlobalClassFieldTheory/Reciprocity/CyclotomicNormOneCorrection.lean:150:6: Try this: 
  letI̵

The goal is a proposition, so `let` is preferred over `letI`.
The difference between `let` and `letI` is that `letI` inlines the value.
But this is not relevant for proofs because of proof irrelevance.

Note: This linter can be disabled with `set_option linter.style.haveILetI false`
warning: UnitDistance/Upstream/Yamaguchi/ClassFieldTheory/GlobalClassFieldTheory/Reciprocity/CyclotomicNormOneCorrection.lean:203:6: Try this: 
  letI̵

The goal is a proposition, so `let` is preferred over `letI`.
The difference between `let` and `letI` is that `letI` inlines the value.
But this is not relevant for proofs because of proof irrelevance.

Note: This linter can be disabled with `set_option linter.style.haveILetI false`
warning: UnitDistance/Upstream/Yamaguchi/ClassFieldTheory/GlobalClassFieldTheory/Reciprocity/CyclotomicNormOneCorrection.lean:225:10: Unused tactic linter: `change
  nnnormUnitHom (_root_.infinitePlaceBelow (K := ℚ) W).Completion
      (IdeleGroup.infiniteComponent (_root_.infinitePlaceBelow (K := ℚ) W) (rationalPositiveArchimedeanIdele s)) =
    s` does nothing

Note: This linter can be disabled with `set_option linter.unusedTactic false`
⚠ [6379/6481] Replayed UnitDistance.Upstream.Yamaguchi.ClassFieldTheory.AbstractClassFieldTheory.Reciprocity.MaximalUnramifiedSymbol
warning: UnitDistance/Upstream/Yamaguchi/ClassFieldTheory/AbstractClassFieldTheory/Reciprocity/MaximalUnramifiedSymbol.lean:232:7: Private declaration `finiteUnramifiedDegreeHom_killsExtension` accessed publicly; this is allowed only because the `backward.privateInPublic` option is enabled. 

Disable `backward.privateInPublic.warn` to silence this warning.
⚠ [6385/6481] Replayed UnitDistance.Upstream.Yamaguchi.ClassFieldTheory.AlgebraicNumberTheory.Idele.Extension.InfiniteOnePlaceBaseNorm
warning: UnitDistance/Upstream/Yamaguchi/ClassFieldTheory/AlgebraicNumberTheory/Idele/Extension/InfiniteOnePlaceBaseNorm.lean:220:4: `NumberField.InfinitePlace.Completion.finrank_eq_one_of_isUnramified` has been deprecated: Use `NumberField.InfinitePlace.IsUnramified.finrank_eq_one` instead

Note: The updated constant is in a different namespace. Dot notation may need to be changed (e.g., from `x.finrank_eq_one_of_isUnramified` to `InfinitePlace.IsUnramified.finrank_eq_one x`).

Hint: Replace the deprecated name:
  I̵n̵f̵i̵n̵i̵t̵e̵P̵l̵a̵c̵e̵.̵C̵o̵m̵p̵l̵e̵t̵i̵o̵n̵.̵f̵i̵n̵r̵a̵n̵k̵_̵e̵q̵_̵o̵n̵e̵_̵o̵f̵_̵i̵s̵U̵n̵r̵a̵m̵i̵f̵i̵e̵d̵I̲n̲f̲i̲n̲i̲t̲e̲P̲l̲a̲c̲e̲.̲I̲s̲U̲n̲r̲a̲m̲i̲f̲i̲e̲d̲.̲f̲i̲n̲r̲a̲n̲k̲_̲e̲q̲_̲o̲n̲e̲
⚠ [6390/6537] Replayed UnitDistance.Upstream.Yamaguchi.ClassFieldTheory.GlobalClassFieldTheory.Reciprocity.FinitePlaceCyclotomicFrobeniusLift
warning: UnitDistance/Upstream/Yamaguchi/ClassFieldTheory/GlobalClassFieldTheory/Reciprocity/FinitePlaceCyclotomicFrobeniusLift.lean:327:7: `IntermediateField.restrict_algEquiv` has been deprecated: Use `IntermediateField.restrictAlgEquiv` instead

Hint: Replace the deprecated name:
  IntermediateField.restrict_̵a̵A̲lgEquiv
warning: UnitDistance/Upstream/Yamaguchi/ClassFieldTheory/GlobalClassFieldTheory/Reciprocity/FinitePlaceCyclotomicFrobeniusLift.lean:330:7: `IntermediateField.restrict_algEquiv` has been deprecated: Use `IntermediateField.restrictAlgEquiv` instead

Hint: Replace the deprecated name:
  IntermediateField.restrict_̵a̵A̲lgEquiv
warning: UnitDistance/Upstream/Yamaguchi/ClassFieldTheory/GlobalClassFieldTheory/Reciprocity/FinitePlaceCyclotomicFrobeniusLift.lean:1276:12: `if_pos` has been deprecated: Use `ite_eq_left` instead

Hint: Replace the deprecated name:
  i̵f̵_̵p̵o̵s̵i̲t̲e̲_̲e̲q̲_̲l̲e̲f̲t̲
warning: UnitDistance/Upstream/Yamaguchi/ClassFieldTheory/GlobalClassFieldTheory/Reciprocity/FinitePlaceCyclotomicFrobeniusLift.lean:1304:12: `if_neg` has been deprecated: Use `ite_eq_right` instead

Hint: Replace the deprecated name:
  i̵f̵_̵n̵e̵g̵i̲t̲e̲_̲e̲q̲_̲r̲i̲g̲h̲t̲
⚠ [6393/6537] Replayed UnitDistance.Upstream.Yamaguchi.ClassFieldTheory.GlobalClassFieldTheory.Reciprocity.ComplexificationArtin.NumberFieldComplexification
warning: UnitDistance/Upstream/Yamaguchi/ClassFieldTheory/GlobalClassFieldTheory/Reciprocity/ComplexificationArtin/NumberFieldComplexification.lean:60:4: Private declaration `rationalComplexificationAmbientField` accessed publicly; this is allowed only because the `backward.privateInPublic` option is enabled. 

Disable `backward.privateInPublic.warn` to silence this warning.
warning: UnitDistance/Upstream/Yamaguchi/ClassFieldTheory/GlobalClassFieldTheory/Reciprocity/ComplexificationArtin/NumberFieldComplexification.lean:101:4: Private declaration `rationalComplexificationAmbientEquiv` accessed publicly; this is allowed only because the `backward.privateInPublic` option is enabled. 

Disable `backward.privateInPublic.warn` to silence this warning.
warning: UnitDistance/Upstream/Yamaguchi/ClassFieldTheory/GlobalClassFieldTheory/Reciprocity/ComplexificationArtin/NumberFieldComplexification.lean:170:15: Private declaration `numberFieldComplexificationBaseLayer` accessed publicly; this is allowed only because the `backward.privateInPublic` option is enabled. 

Disable `backward.privateInPublic.warn` to silence this warning.
warning: UnitDistance/Upstream/Yamaguchi/ClassFieldTheory/GlobalClassFieldTheory/Reciprocity/ComplexificationArtin/NumberFieldComplexification.lean:171:3: Private declaration `numberFieldComplexificationBaseLayer` accessed publicly; this is allowed only because the `backward.privateInPublic` option is enabled. 

Disable `backward.privateInPublic.warn` to silence this warning.
warning: UnitDistance/Upstream/Yamaguchi/ClassFieldTheory/GlobalClassFieldTheory/Reciprocity/ComplexificationArtin/NumberFieldComplexification.lean:176:15: Private declaration `numberFieldComplexificationCyclotomicLayer` accessed publicly; this is allowed only because the `backward.privateInPublic` option is enabled. 

Disable `backward.privateInPublic.warn` to silence this warning.
warning: UnitDistance/Upstream/Yamaguchi/ClassFieldTheory/GlobalClassFieldTheory/Reciprocity/ComplexificationArtin/NumberFieldComplexification.lean:177:3: Private declaration `numberFieldComplexificationCyclotomicLayer` accessed publicly; this is allowed only because the `backward.privateInPublic` option is enabled. 

Disable `backward.privateInPublic.warn` to silence this warning.
warning: UnitDistance/Upstream/Yamaguchi/ClassFieldTheory/GlobalClassFieldTheory/Reciprocity/ComplexificationArtin/NumberFieldComplexification.lean:182:5: `IntermediateField.restrict_algEquiv` has been deprecated: Use `IntermediateField.restrictAlgEquiv` instead

Hint: Replace the deprecated name:
  IntermediateField.restrict_̵a̵A̲lgEquiv
warning: UnitDistance/Upstream/Yamaguchi/ClassFieldTheory/GlobalClassFieldTheory/Reciprocity/ComplexificationArtin/NumberFieldComplexification.lean:188:5: `IntermediateField.restrict_algEquiv` has been deprecated: Use `IntermediateField.restrictAlgEquiv` instead

Hint: Replace the deprecated name:
  IntermediateField.restrict_̵a̵A̲lgEquiv
⚠ [6404/6537] Replayed UnitDistance.Upstream.Yamaguchi.SawinTotallyRealTowers.UnramifiedProPRelationRank.Radical.IdealPowerRadical
warning: UnitDistance/Upstream/Yamaguchi/SawinTotallyRealTowers/UnramifiedProPRelationRank/Radical/IdealPowerRadical.lean:220:5: Private declaration `restrictedNthPowers_le_ker_idealNthRootClassTorsionHom` accessed publicly; this is allowed only because the `backward.privateInPublic` option is enabled. 

Disable `backward.privateInPublic.warn` to silence this warning.
⚠ [6405/6537] Replayed UnitDistance.Upstream.Yamaguchi.SawinTotallyRealTowers.UnramifiedProPRelationRank.Radical.OrdinaryUnitModP
warning: UnitDistance/Upstream/Yamaguchi/SawinTotallyRealTowers/UnramifiedProPRelationRank/Radical/OrdinaryUnitModP.lean:243:15: `if_pos` has been deprecated: Use `ite_eq_left` instead

Hint: Replace the deprecated name:
  i̵f̵_̵p̵o̵s̵i̲t̲e̲_̲e̲q̲_̲l̲e̲f̲t̲
⚠ [6408/6537] Replayed UnitDistance.Upstream.Yamaguchi.SawinTotallyRealTowers.UnramifiedProPRelationRank.Radical.IdealPowerRadicalExact
warning: UnitDistance/Upstream/Yamaguchi/SawinTotallyRealTowers/UnramifiedProPRelationRank/Radical/IdealPowerRadicalExact.lean:119:7: Private declaration `integralUnitToIdealNthPowerRadicalQuotient_ker` accessed publicly; this is allowed only because the `backward.privateInPublic` option is enabled. 

Disable `backward.privateInPublic.warn` to silence this warning.
⚠ [6412/6537] Replayed UnitDistance.Upstream.Yamaguchi.SawinTotallyRealTowers.QuadraticClosure
warning: UnitDistance/Upstream/Yamaguchi/SawinTotallyRealTowers/QuadraticClosure.lean:82:5: Private declaration `quadraticClosureRoot_isIntegral` accessed publicly; this is allowed only because the `backward.privateInPublic` option is enabled. 

Disable `backward.privateInPublic.warn` to silence this warning.
⚠ [6413/6537] Replayed UnitDistance.Upstream.Yamaguchi.SawinTotallyRealTowers.NegativeThreeCharacter
warning: UnitDistance/Upstream/Yamaguchi/SawinTotallyRealTowers/NegativeThreeCharacter.lean:186:2: Private declaration `quadraticAbsoluteCharacter` accessed publicly; this is allowed only because the `backward.privateInPublic` option is enabled. 

Disable `backward.privateInPublic.warn` to silence this warning.
warning: UnitDistance/Upstream/Yamaguchi/SawinTotallyRealTowers/NegativeThreeCharacter.lean:186:31: Private declaration `negativeThreeField` accessed publicly; this is allowed only because the `backward.privateInPublic` option is enabled. 

Disable `backward.privateInPublic.warn` to silence this warning.
warning: UnitDistance/Upstream/Yamaguchi/SawinTotallyRealTowers/NegativeThreeCharacter.lean:187:39: Private declaration `negativeThree_nonsquare` accessed publicly; this is allowed only because the `backward.privateInPublic` option is enabled. 

Disable `backward.privateInPublic.warn` to silence this warning.
⚠ [6416/6537] Replayed UnitDistance.Upstream.Yamaguchi.ClassFieldTheory.AlgebraicNumberTheory.Idele.PositiveArchimedeanSection
warning: UnitDistance/Upstream/Yamaguchi/ClassFieldTheory/AlgebraicNumberTheory/Idele/PositiveArchimedeanSection.lean:84:8: `dif_pos` has been deprecated: Use `dite_eq_left` instead

Hint: Replace the deprecated name:
  d̵i̵f̵_̵p̵o̵s̵d̲i̲t̲e̲_̲e̲q̲_̲l̲e̲f̲t̲
warning: UnitDistance/Upstream/Yamaguchi/ClassFieldTheory/AlgebraicNumberTheory/Idele/PositiveArchimedeanSection.lean:105:8: `dif_neg` has been deprecated: Use `dite_eq_right` instead

Hint: Replace the deprecated name:
  d̵i̵f̵_̵n̵e̵g̵d̲i̲t̲e̲_̲e̲q̲_̲r̲i̲g̲h̲t̲
warning: UnitDistance/Upstream/Yamaguchi/ClassFieldTheory/AlgebraicNumberTheory/Idele/PositiveArchimedeanSection.lean:130:8: `dif_pos` has been deprecated: Use `dite_eq_left` instead

Hint: Replace the deprecated name:
  d̵i̵f̵_̵p̵o̵s̵d̲i̲t̲e̲_̲e̲q̲_̲l̲e̲f̲t̲
warning: UnitDistance/Upstream/Yamaguchi/ClassFieldTheory/AlgebraicNumberTheory/Idele/PositiveArchimedeanSection.lean:169:8: `dif_neg` has been deprecated: Use `dite_eq_right` instead

Hint: Replace the deprecated name:
  d̵i̵f̵_̵n̵e̵g̵d̲i̲t̲e̲_̲e̲q̲_̲r̲i̲g̲h̲t̲
warning: UnitDistance/Upstream/Yamaguchi/ClassFieldTheory/AlgebraicNumberTheory/Idele/PositiveArchimedeanSection.lean:217:6: `dif_pos` has been deprecated: Use `dite_eq_left` instead

Hint: Replace the deprecated name:
  d̵i̵f̵_̵p̵o̵s̵d̲i̲t̲e̲_̲e̲q̲_̲l̲e̲f̲t̲
warning: UnitDistance/Upstream/Yamaguchi/ClassFieldTheory/AlgebraicNumberTheory/Idele/PositiveArchimedeanSection.lean:266:6: Private declaration `positiveArchimedeanLocalComponent` accessed publicly; this is allowed only because the `backward.privateInPublic` option is enabled. 

Disable `backward.privateInPublic.warn` to silence this warning.
warning: UnitDistance/Upstream/Yamaguchi/ClassFieldTheory/AlgebraicNumberTheory/Idele/PositiveArchimedeanSection.lean:268:7: Private declaration `positiveArchimedeanRoot` accessed publicly; this is allowed only because the `backward.privateInPublic` option is enabled. 

Disable `backward.privateInPublic.warn` to silence this warning.
warning: UnitDistance/Upstream/Yamaguchi/ClassFieldTheory/AlgebraicNumberTheory/Idele/PositiveArchimedeanSection.lean:276:6: Private declaration `positiveArchimedeanLocalComponentContinuous` accessed publicly; this is allowed only because the `backward.privateInPublic` option is enabled. 

Disable `backward.privateInPublic.warn` to silence this warning.
warning: UnitDistance/Upstream/Yamaguchi/ClassFieldTheory/AlgebraicNumberTheory/Idele/PositiveArchimedeanSection.lean:278:7: Private declaration `positiveArchimedeanRootContinuous` accessed publicly; this is allowed only because the `backward.privateInPublic` option is enabled. 

Disable `backward.privateInPublic.warn` to silence this warning.
⚠ [6417/6537] Replayed UnitDistance.Upstream.Yamaguchi.ProCGroups.Abelian.TopologicalAbelianization
warning: UnitDistance/Upstream/Yamaguchi/ProCGroups/Abelian/TopologicalAbelianization.lean:279:39: `MonoidHom.coe_coe` has been deprecated: Use `MonoidHom.coe_ofClass` instead

Hint: Replace the deprecated name:
  M̵o̵n̵o̵i̵d̵H̵o̵m̵.̵c̵o̵e̵_̵c̵o̵e̵M̲o̲n̲o̲i̲d̲H̲o̲m̲.̲c̲o̲e̲_̲o̲f̲C̲l̲a̲s̲s̲
warning: UnitDistance/Upstream/Yamaguchi/ProCGroups/Abelian/TopologicalAbelianization.lean:291:39: `MonoidHom.coe_coe` has been deprecated: Use `MonoidHom.coe_ofClass` instead

Hint: Replace the deprecated name:
  M̵o̵n̵o̵i̵d̵H̵o̵m̵.̵c̵o̵e̵_̵c̵o̵e̵M̲o̲n̲o̲i̲d̲H̲o̲m̲.̲c̲o̲e̲_̲o̲f̲C̲l̲a̲s̲s̲
⚠ [6421/6537] Replayed UnitDistance.Upstream.Yamaguchi.SawinTotallyRealTowers.UnramifiedProPRelationRank.Radical.IdealRadicalCyclotomicBase
warning: UnitDistance/Upstream/Yamaguchi/SawinTotallyRealTowers/UnramifiedProPRelationRank/Radical/IdealRadicalCyclotomicBase.lean:119:5: Private declaration `idealRadicalToCyclotomicQuotientRaw` accessed publicly; this is allowed only because the `backward.privateInPublic` option is enabled. 

Disable `backward.privateInPublic.warn` to silence this warning.
⚠ [6422/6537] Replayed UnitDistance.Upstream.Yamaguchi.SawinTotallyRealTowers.UnramifiedProPRelationRank.Radical.IdealPowerRadicalSelmer
warning: UnitDistance/Upstream/Yamaguchi/SawinTotallyRealTowers/UnramifiedProPRelationRank/Radical/IdealPowerRadicalSelmer.lean:163:5: Private declaration `idealRadicalRepresentativeToEmptySelmer` accessed publicly; this is allowed only because the `backward.privateInPublic` option is enabled. 

Disable `backward.privateInPublic.warn` to silence this warning.
warning: UnitDistance/Upstream/Yamaguchi/SawinTotallyRealTowers/UnramifiedProPRelationRank/Radical/IdealPowerRadicalSelmer.lean:164:5: Private declaration `restrictedNthPowers_le_ker_representativeToEmptySelmer` accessed publicly; this is allowed only because the `backward.privateInPublic` option is enabled. 

Disable `backward.privateInPublic.warn` to silence this warning.
warning: UnitDistance/Upstream/Yamaguchi/SawinTotallyRealTowers/UnramifiedProPRelationRank/Radical/IdealPowerRadicalSelmer.lean:173:6: Private declaration `idealRadicalRepresentativeToEmptySelmer` accessed publicly; this is allowed only because the `backward.privateInPublic` option is enabled. 

Disable `backward.privateInPublic.warn` to silence this warning.
⚠ [6429/6537] Replayed UnitDistance.Upstream.Yamaguchi.SawinTotallyRealTowers.UnramifiedProPRelationRank.Radical.FinitePlaceCyclotomicMuPKummerComparison
warning: UnitDistance/Upstream/Yamaguchi/SawinTotallyRealTowers/UnramifiedProPRelationRank/Radical/FinitePlaceCyclotomicMuPKummerComparison.lean:186:8: Private declaration `absoluteGaloisSemilinearCongrContinuousMonoidHom` accessed publicly; this is allowed only because the `backward.privateInPublic` option is enabled. 

Disable `backward.privateInPublic.warn` to silence this warning.
warning: UnitDistance/Upstream/Yamaguchi/SawinTotallyRealTowers/UnramifiedProPRelationRank/Radical/FinitePlaceCyclotomicMuPKummerComparison.lean:277:3: Private declaration `finitePlaceAlgebraicClosureEmbeddingData` accessed publicly; this is allowed only because the `backward.privateInPublic` option is enabled. 

Disable `backward.privateInPublic.warn` to silence this warning.
warning: UnitDistance/Upstream/Yamaguchi/SawinTotallyRealTowers/UnramifiedProPRelationRank/Radical/FinitePlaceCyclotomicMuPKummerComparison.lean:277:2: Private declaration `FinitePlaceAlgebraicClosureEmbeddingData.embedding` accessed publicly; this is allowed only because the `backward.privateInPublic` option is enabled. 

Disable `backward.privateInPublic.warn` to silence this warning.
⚠ [6434/6537] Replayed UnitDistance.Upstream.Yamaguchi.ClassFieldTheory.LocalClassFieldTheory.Infinite.ProfiniteCompletion
warning: UnitDistance/Upstream/Yamaguchi/ClassFieldTheory/LocalClassFieldTheory/Infinite/ProfiniteCompletion.lean:132:9: Private declaration `openFiniteQuotientProduct` accessed publicly; this is allowed only because the `backward.privateInPublic` option is enabled. 

Disable `backward.privateInPublic.warn` to silence this warning.
⚠ [6450/6604] Replayed UnitDistance.Upstream.Yamaguchi.ClassFieldTheory.LubinTate.EqualCharacteristic.Frobenius.LaurentSeriesFrobenius
warning: UnitDistance/Upstream/Yamaguchi/ClassFieldTheory/LubinTate/EqualCharacteristic/Frobenius/LaurentSeriesFrobenius.lean:216:5: Private declaration `laurentSeriesCoefficientBasis_linearIndependent` accessed publicly; this is allowed only because the `backward.privateInPublic` option is enabled. 

Disable `backward.privateInPublic.warn` to silence this warning.
warning: UnitDistance/Upstream/Yamaguchi/ClassFieldTheory/LubinTate/EqualCharacteristic/Frobenius/LaurentSeriesFrobenius.lean:217:5: Private declaration `laurentSeriesCoefficientBasis_span` accessed publicly; this is allowed only because the `backward.privateInPublic` option is enabled. 

Disable `backward.privateInPublic.warn` to silence this warning.
⚠ [6453/6604] Replayed UnitDistance.Upstream.Yamaguchi.ClassFieldTheory.LubinTate.EqualCharacteristic.Existence.LaurentLocalField
warning: UnitDistance/Upstream/Yamaguchi/ClassFieldTheory/LubinTate/EqualCharacteristic/Existence/LaurentLocalField.lean:129:34: `Set.mem_setOf_eq` has been deprecated: Use `Set.mem_ofPred_eq` instead

Hint: Replace the deprecated name:
  S̵e̵t̵.̵m̵e̵m̵_̵s̵e̵t̵O̵f̵_̵e̵q̵m̲e̲m̲_̲o̲f̲P̲r̲e̲d̲_̲e̲q̲
⚠ [6454/6604] Replayed UnitDistance.Upstream.Yamaguchi.ClassFieldTheory.LubinTate.EqualCharacteristic.Frobenius.CompletedUnramifiedField
warning: UnitDistance/Upstream/Yamaguchi/ClassFieldTheory/LubinTate/EqualCharacteristic/Frobenius/CompletedUnramifiedField.lean:67:20: Private declaration `valuedValueGroupEmbedding` accessed publicly; this is allowed only because the `backward.privateInPublic` option is enabled. 

Disable `backward.privateInPublic.warn` to silence this warning.
⚠ [6466/6604] Replayed UnitDistance.Upstream.Yamaguchi.ClassFieldTheory.LubinTate.EqualCharacteristic.CompletedLevel.CompletedLevel
warning: UnitDistance/Upstream/Yamaguchi/ClassFieldTheory/LubinTate/EqualCharacteristic/CompletedLevel/CompletedLevel.lean:311:7: Private declaration `equalCharacteristicCompletedPrimitivePolynomial_map_degree_ne_zero` accessed publicly; this is allowed only because the `backward.privateInPublic` option is enabled. 

Disable `backward.privateInPublic.warn` to silence this warning.
⚠ [6469/6604] Replayed UnitDistance.Upstream.Yamaguchi.ClassFieldTheory.LubinTate.EqualCharacteristic.CompletedLevel.ChangedCompletedLevel
warning: UnitDistance/Upstream/Yamaguchi/ClassFieldTheory/LubinTate/EqualCharacteristic/CompletedLevel/ChangedCompletedLevel.lean:264:7: Private declaration `equalCharacteristicChangedCompletedPrimitivePolynomial_map_degree_ne_zero` accessed publicly; this is allowed only because the `backward.privateInPublic` option is enabled. 

Disable `backward.privateInPublic.warn` to silence this warning.
⚠ [6482/6604] Replayed UnitDistance.Upstream.Yamaguchi.ClassFieldTheory.LubinTate.EqualCharacteristic.Theta.ThetaCoefficients
warning: UnitDistance/Upstream/Yamaguchi/ClassFieldTheory/LubinTate/EqualCharacteristic/Theta/ThetaCoefficients.lean:143:9: Private declaration `exists_frobenius_eq_mul_add` accessed publicly; this is allowed only because the `backward.privateInPublic` option is enabled. 

Disable `backward.privateInPublic.warn` to silence this warning.
⚠ [6485/6604] Replayed UnitDistance.Upstream.Yamaguchi.ClassFieldTheory.LubinTate.EqualCharacteristic.Theta.ThetaFirstIdentity
warning: UnitDistance/Upstream/Yamaguchi/ClassFieldTheory/LubinTate/EqualCharacteristic/Theta/ThetaFirstIdentity.lean:454:14: `if_neg` has been deprecated: Use `ite_eq_right` instead

Hint: Replace the deprecated name:
  i̵f̵_̵n̵e̵g̵i̲t̲e̲_̲e̲q̲_̲r̲i̲g̲h̲t̲
⚠ [6487/6604] Replayed UnitDistance.Upstream.Yamaguchi.ClassFieldTheory.LubinTate.EqualCharacteristic.CompletedLevel.DirectLubinTateBracketRecursion
warning: UnitDistance/Upstream/Yamaguchi/ClassFieldTheory/LubinTate/EqualCharacteristic/CompletedLevel/DirectLubinTateBracketRecursion.lean:90:33: `if_neg` has been deprecated: Use `ite_eq_right` instead

Hint: Replace the deprecated name:
  i̵f̵_̵n̵e̵g̵i̲t̲e̲_̲e̲q̲_̲r̲i̲g̲h̲t̲
warning: UnitDistance/Upstream/Yamaguchi/ClassFieldTheory/LubinTate/EqualCharacteristic/CompletedLevel/DirectLubinTateBracketRecursion.lean:98:29: `if_neg` has been deprecated: Use `ite_eq_right` instead

Hint: Replace the deprecated name:
  i̵f̵_̵n̵e̵g̵i̲t̲e̲_̲e̲q̲_̲r̲i̲g̲h̲t̲
⚠ [6491/6604] Replayed UnitDistance.Upstream.Yamaguchi.ClassFieldTheory.LubinTate.EqualCharacteristic.CompletedLevel.ThetaAtCompletedLevel
warning: UnitDistance/Upstream/Yamaguchi/ClassFieldTheory/LubinTate/EqualCharacteristic/CompletedLevel/ThetaAtCompletedLevel.lean:171:5: Private declaration `equalCharacteristicCompletedLevelCoefficientHom_continuous` accessed publicly; this is allowed only because the `backward.privateInPublic` option is enabled. 

Disable `backward.privateInPublic.warn` to silence this warning.
⚠ [6493/6604] Replayed UnitDistance.Upstream.Yamaguchi.ClassFieldTheory.LubinTate.EqualCharacteristic.CompletedLevel.DirectThetaAtCompletedLevel
warning: UnitDistance/Upstream/Yamaguchi/ClassFieldTheory/LubinTate/EqualCharacteristic/CompletedLevel/DirectThetaAtCompletedLevel.lean:224:14: `mul_lt_one_of_nonneg_of_lt_one_left` has been deprecated: No replacement, use constituent lemmas from proof.
⚠ [6499/6604] Replayed UnitDistance.Upstream.Yamaguchi.ClassFieldTheory.LubinTate.EqualCharacteristic.FiniteLevel.FreeRankOne
warning: UnitDistance/Upstream/Yamaguchi/ClassFieldTheory/LubinTate/EqualCharacteristic/FiniteLevel/FreeRankOne.lean:443:4: `if_neg` has been deprecated: Use `ite_eq_right` instead

Hint: Replace the deprecated name:
  i̵f̵_̵n̵e̵g̵i̲t̲e̲_̲e̲q̲_̲r̲i̲g̲h̲t̲
⚠ [6510/6637] Replayed UnitDistance.Upstream.Yamaguchi.ClassFieldTheory.LubinTate.EqualCharacteristic.FormalModule.DivisionModuleEndomorphisms
warning: UnitDistance/Upstream/Yamaguchi/ClassFieldTheory/LubinTate/EqualCharacteristic/FormalModule/DivisionModuleEndomorphisms.lean:226:7: Private declaration `equalCharacteristicLubinTateTruncationIdeal_le_constantCoeff_ker` accessed publicly; this is allowed only because the `backward.privateInPublic` option is enabled. 

Disable `backward.privateInPublic.warn` to silence this warning.
⚠ [6515/6637] Replayed UnitDistance.Upstream.Yamaguchi.ClassFieldTheory.LubinTate.EqualCharacteristic.NormSubgroup.HigherUnitLevelMapFixed
warning: UnitDistance/Upstream/Yamaguchi/ClassFieldTheory/LubinTate/EqualCharacteristic/NormSubgroup/HigherUnitLevelMapFixed.lean:95:2: Private declaration `higherUnitLevelMapRingHom` accessed publicly; this is allowed only because the `backward.privateInPublic` option is enabled. 

Disable `backward.privateInPublic.warn` to silence this warning.
⚠ [6523/6637] Replayed UnitDistance.Upstream.Yamaguchi.ClassFieldTheory.LubinTate.EqualCharacteristic.NormSubgroup.UnitQuotientCard
warning: UnitDistance/Upstream/Yamaguchi/ClassFieldTheory/LubinTate/EqualCharacteristic/NormSubgroup/UnitQuotientCard.lean:158:6: Private declaration `unitQuotientFinite` accessed publicly; this is allowed only because the `backward.privateInPublic` option is enabled. 

Disable `backward.privateInPublic.warn` to silence this warning.
warning: UnitDistance/Upstream/Yamaguchi/ClassFieldTheory/LubinTate/EqualCharacteristic/NormSubgroup/UnitQuotientCard.lean:268:6: Private declaration `uniformizerPrincipalQuotientFinite` accessed publicly; this is allowed only because the `backward.privateInPublic` option is enabled. 

Disable `backward.privateInPublic.warn` to silence this warning.
⚠ [6525/6637] Replayed UnitDistance.Upstream.Yamaguchi.ClassFieldTheory.LubinTate.EqualCharacteristic.Ramification.PrimitivePoint
warning: UnitDistance/Upstream/Yamaguchi/ClassFieldTheory/LubinTate/EqualCharacteristic/Ramification/PrimitivePoint.lean:245:7: Private declaration `equalCharacteristicLaurentValuativeIntegerEquivLubinTateBaseValuationSubring` accessed publicly; this is allowed only because the `backward.privateInPublic` option is enabled. 

Disable `backward.privateInPublic.warn` to silence this warning.
warning: UnitDistance/Upstream/Yamaguchi/ClassFieldTheory/LubinTate/EqualCharacteristic/Ramification/PrimitivePoint.lean:370:5: Private declaration `equalCharacteristicLubinTateLevelCompleteDVFData_exists` accessed publicly; this is allowed only because the `backward.privateInPublic` option is enabled. 

Disable `backward.privateInPublic.warn` to silence this warning.
warning: UnitDistance/Upstream/Yamaguchi/ClassFieldTheory/LubinTate/EqualCharacteristic/Ramification/PrimitivePoint.lean:758:11: Private declaration `equalCharacteristicLubinTateLevelCompleteDVF_hasUniqueDVFValuationExtension_zero` accessed publicly; this is allowed only because the `backward.privateInPublic` option is enabled. 

Disable `backward.privateInPublic.warn` to silence this warning.
warning: UnitDistance/Upstream/Yamaguchi/ClassFieldTheory/LubinTate/EqualCharacteristic/Ramification/PrimitivePoint.lean:900:37: `ENat.coe_ne_top` has been deprecated: Use `ENat.natCast_ne_top` instead

Hint: Replace the deprecated name:
  E̵N̵a̵t̵.̵c̵o̵e̵_̵n̵e̵_̵t̵o̵p̵E̲N̲a̲t̲.̲n̲a̲t̲C̲a̲s̲t̲_̲n̲e̲_̲t̲o̲p̲
⚠ [6526/6637] Replayed UnitDistance.Upstream.Yamaguchi.ClassFieldTheory.LocalClassFieldTheory.Finite.UnramifiedConductor
warning: UnitDistance/Upstream/Yamaguchi/ClassFieldTheory/LocalClassFieldTheory/Finite/UnramifiedConductor.lean:116:6: Private declaration `normQuotientFiniteOfIsAbelianGalois` accessed publicly; this is allowed only because the `backward.privateInPublic` option is enabled. 

Disable `backward.privateInPublic.warn` to silence this warning.
⚠ [6529/6637] Replayed UnitDistance.Upstream.Yamaguchi.ClassFieldTheory.LocalClassFieldTheory.LubinTateApplication.LubinTateTransport
warning: UnitDistance/Upstream/Yamaguchi/ClassFieldTheory/LocalClassFieldTheory/LubinTateApplication/LubinTateTransport.lean:164:5: Private declaration `equalCharacteristicUniformizerRatio_valuationMap` accessed publicly; this is allowed only because the `backward.privateInPublic` option is enabled. 

Disable `backward.privateInPublic.warn` to silence this warning.
⚠ [6538/6661] Replayed UnitDistance.Upstream.Yamaguchi.ClassFieldTheory.LocalClassFieldTheory.Infinite.TopologicalAbelianizationCongr
warning: UnitDistance/Upstream/Yamaguchi/ClassFieldTheory/LocalClassFieldTheory/Infinite/TopologicalAbelianizationCongr.lean:102:4: Private declaration `topologicalAbelianizationMulEquiv` accessed publicly; this is allowed only because the `backward.privateInPublic` option is enabled. 

Disable `backward.privateInPublic.warn` to silence this warning.
warning: UnitDistance/Upstream/Yamaguchi/ClassFieldTheory/LocalClassFieldTheory/Infinite/TopologicalAbelianizationCongr.lean:103:24: Private declaration `topologicalAbelianizationMap_continuous` accessed publicly; this is allowed only because the `backward.privateInPublic` option is enabled. 

Disable `backward.privateInPublic.warn` to silence this warning.
warning: UnitDistance/Upstream/Yamaguchi/ClassFieldTheory/LocalClassFieldTheory/Infinite/TopologicalAbelianizationCongr.lean:104:25: Private declaration `topologicalAbelianizationMap_continuous` accessed publicly; this is allowed only because the `backward.privateInPublic` option is enabled. 

Disable `backward.privateInPublic.warn` to silence this warning.
⚠ [6543/6661] Replayed UnitDistance.Upstream.Yamaguchi.SawinTotallyRealTowers.UnramifiedProPRelationRank.Local.LocalIntrinsicUnramifiedH1Line
warning: UnitDistance/Upstream/Yamaguchi/SawinTotallyRealTowers/UnramifiedProPRelationRank/Local/LocalIntrinsicUnramifiedH1Line.lean:58:2: Try this: 
  letI̵

The goal is a proposition, so `let` is preferred over `letI`.
The difference between `let` and `letI` is that `letI` inlines the value.
But this is not relevant for proofs because of proof irrelevance.

Note: This linter can be disabled with `set_option linter.style.haveILetI false`
warning: UnitDistance/Upstream/Yamaguchi/SawinTotallyRealTowers/UnramifiedProPRelationRank/Local/LocalIntrinsicUnramifiedH1Line.lean:60:2: Try this: 
  letI̵

The goal is a proposition, so `let` is preferred over `letI`.
The difference between `let` and `letI` is that `letI` inlines the value.
But this is not relevant for proofs because of proof irrelevance.

Note: This linter can be disabled with `set_option linter.style.haveILetI false`
warning: UnitDistance/Upstream/Yamaguchi/SawinTotallyRealTowers/UnramifiedProPRelationRank/Local/LocalIntrinsicUnramifiedH1Line.lean:62:2: Try this: 
  letI̵

The goal is a proposition, so `let` is preferred over `letI`.
The difference between `let` and `letI` is that `letI` inlines the value.
But this is not relevant for proofs because of proof irrelevance.

Note: This linter can be disabled with `set_option linter.style.haveILetI false`
⚠ [6544/6661] Replayed UnitDistance.Upstream.Yamaguchi.SawinTotallyRealTowers.UnramifiedProPRelationRank.Local.FinitePlaceUnramifiedH1Transport
warning: UnitDistance/Upstream/Yamaguchi/SawinTotallyRealTowers/UnramifiedProPRelationRank/Local/FinitePlaceUnramifiedH1Transport.lean:85:12: Private declaration `continuousH1PullbackAddHom` accessed publicly; this is allowed only because the `backward.privateInPublic` option is enabled. 

Disable `backward.privateInPublic.warn` to silence this warning.
warning: UnitDistance/Upstream/Yamaguchi/SawinTotallyRealTowers/UnramifiedProPRelationRank/Local/FinitePlaceUnramifiedH1Transport.lean:98:6: Private declaration `continuousH1PullbackAddHom` accessed publicly; this is allowed only because the `backward.privateInPublic` option is enabled. 

Disable `backward.privateInPublic.warn` to silence this warning.
⚠ [6545/6661] Replayed UnitDistance.Upstream.Yamaguchi.SawinTotallyRealTowers.UnramifiedProPRelationRank.Kummer.LocalKummerInertia
warning: UnitDistance/Upstream/Yamaguchi/SawinTotallyRealTowers/UnramifiedProPRelationRank/Kummer/LocalKummerInertia.lean:77:2: Try this: 
  letI̵

The goal is a proposition, so `let` is preferred over `letI`.
The difference between `let` and `letI` is that `letI` inlines the value.
But this is not relevant for proofs because of proof irrelevance.

Note: This linter can be disabled with `set_option linter.style.haveILetI false`
warning: UnitDistance/Upstream/Yamaguchi/SawinTotallyRealTowers/UnramifiedProPRelationRank/Kummer/LocalKummerInertia.lean:79:2: Try this: 
  letI̵

The goal is a proposition, so `let` is preferred over `letI`.
The difference between `let` and `letI` is that `letI` inlines the value.
But this is not relevant for proofs because of proof irrelevance.

Note: This linter can be disabled with `set_option linter.style.haveILetI false`
warning: UnitDistance/Upstream/Yamaguchi/SawinTotallyRealTowers/UnramifiedProPRelationRank/Kummer/LocalKummerInertia.lean:81:2: Try this: 
  letI̵

The goal is a proposition, so `let` is preferred over `letI`.
The difference between `let` and `letI` is that `letI` inlines the value.
But this is not relevant for proofs because of proof irrelevance.

Note: This linter can be disabled with `set_option linter.style.haveILetI false`
⚠ [6547/6710] Replayed UnitDistance.Upstream.Yamaguchi.ClassFieldTheory.LocalClassFieldTheory.Kummer.MaximalLocalKummerPairing
warning: UnitDistance/Upstream/Yamaguchi/ClassFieldTheory/LocalClassFieldTheory/Kummer/MaximalLocalKummerPairing.lean:93:5: Private declaration `maximalLocalKummerPairingSource` accessed publicly; this is allowed only because the `backward.privateInPublic` option is enabled. 

Disable `backward.privateInPublic.warn` to silence this warning.
warning: UnitDistance/Upstream/Yamaguchi/ClassFieldTheory/LocalClassFieldTheory/Kummer/MaximalLocalKummerPairing.lean:102:9: Private declaration `maximalLocalKummerPairingSource` accessed publicly; this is allowed only because the `backward.privateInPublic` option is enabled. 

Disable `backward.privateInPublic.warn` to silence this warning.
⚠ [6551/6710] Replayed UnitDistance.Upstream.Yamaguchi.ClassFieldTheory.LocalClassFieldTheory.Kummer.LocalHilbertPairingNondegeneracy
warning: UnitDistance/Upstream/Yamaguchi/ClassFieldTheory/LocalClassFieldTheory/Kummer/LocalHilbertPairingNondegeneracy.lean:239:5: Private declaration `localHilbertPowerClassLeftHom` accessed publicly; this is allowed only because the `backward.privateInPublic` option is enabled. 

Disable `backward.privateInPublic.warn` to silence this warning.
warning: UnitDistance/Upstream/Yamaguchi/ClassFieldTheory/LocalClassFieldTheory/Kummer/LocalHilbertPairingNondegeneracy.lean:240:5: Private declaration `powMonoidHom_range_le_localHilbertPowerClassLeftHom_ker` accessed publicly; this is allowed only because the `backward.privateInPublic` option is enabled. 

Disable `backward.privateInPublic.warn` to silence this warning.
⚠ [6559/6710] Replayed UnitDistance.Upstream.Yamaguchi.SawinTotallyRealTowers.UnramifiedProPRelationRank.Radical.FiniteSupportGlobalReciprocity
warning: UnitDistance/Upstream/Yamaguchi/SawinTotallyRealTowers/UnramifiedProPRelationRank/Radical/FiniteSupportGlobalReciprocity.lean:115:8: `if_pos` has been deprecated: Use `ite_eq_left` instead

Hint: Replace the deprecated name:
  i̵f̵_̵p̵o̵s̵i̲t̲e̲_̲e̲q̲_̲l̲e̲f̲t̲
warning: UnitDistance/Upstream/Yamaguchi/SawinTotallyRealTowers/UnramifiedProPRelationRank/Radical/FiniteSupportGlobalReciprocity.lean:125:8: `if_neg` has been deprecated: Use `ite_eq_right` instead

Hint: Replace the deprecated name:
  i̵f̵_̵n̵e̵g̵i̲t̲e̲_̲e̲q̲_̲r̲i̲g̲h̲t̲
warning: UnitDistance/Upstream/Yamaguchi/SawinTotallyRealTowers/UnramifiedProPRelationRank/Radical/FiniteSupportGlobalReciprocity.lean:162:10: `if_pos` has been deprecated: Use `ite_eq_left` instead

Hint: Replace the deprecated name:
  i̵f̵_̵p̵o̵s̵i̲t̲e̲_̲e̲q̲_̲l̲e̲f̲t̲
warning: UnitDistance/Upstream/Yamaguchi/SawinTotallyRealTowers/UnramifiedProPRelationRank/Radical/FiniteSupportGlobalReciprocity.lean:164:10: `if_neg` has been deprecated: Use `ite_eq_right` instead

Hint: Replace the deprecated name:
  i̵f̵_̵n̵e̵g̵i̲t̲e̲_̲e̲q̲_̲r̲i̲g̲h̲t̲
⚠ [6561/6710] Replayed UnitDistance.Upstream.Yamaguchi.SawinTotallyRealTowers.AbsoluteCharacterRealValue
warning: UnitDistance/Upstream/Yamaguchi/SawinTotallyRealTowers/AbsoluteCharacterRealValue.lean:86:40: `if_pos` has been deprecated: Use `ite_eq_left` instead

Hint: Replace the deprecated name:
  i̵f̵_̵p̵o̵s̵i̲t̲e̲_̲e̲q̲_̲l̲e̲f̲t̲
warning: UnitDistance/Upstream/Yamaguchi/SawinTotallyRealTowers/AbsoluteCharacterRealValue.lean:88:40: `if_neg` has been deprecated: Use `ite_eq_right` instead

Hint: Replace the deprecated name:
  i̵f̵_̵n̵e̵g̵i̲t̲e̲_̲e̲q̲_̲r̲i̲g̲h̲t̲
warning: UnitDistance/Upstream/Yamaguchi/SawinTotallyRealTowers/AbsoluteCharacterRealValue.lean:108:40: `if_pos` has been deprecated: Use `ite_eq_left` instead

Hint: Replace the deprecated name:
  i̵f̵_̵p̵o̵s̵i̲t̲e̲_̲e̲q̲_̲l̲e̲f̲t̲
warning: UnitDistance/Upstream/Yamaguchi/SawinTotallyRealTowers/AbsoluteCharacterRealValue.lean:109:40: `if_neg` has been deprecated: Use `ite_eq_right` instead

Hint: Replace the deprecated name:
  i̵f̵_̵n̵e̵g̵i̲t̲e̲_̲e̲q̲_̲r̲i̲g̲h̲t̲
⚠ [6581/6768] Replayed UnitDistance.PairBinomialTail
warning: UnitDistance/PairBinomialTail.lean:57:64: this tactic is never executed

Note: This linter can be disabled with `set_option linter.unreachableTactic false`
warning: UnitDistance/PairBinomialTail.lean:57:64: Unused tactic linter: `omega` does nothing

Note: This linter can be disabled with `set_option linter.unusedTactic false`
warning: UnitDistance/PairBinomialTail.lean:68:5: Variable name `hr0` is not explicitly referenced.

Hint: The binding can be removed (if unused) or named `_` (if used implicitly). Alternatively, prefix the name with `_` to silence this warning:
  [apply] _hr0

Note: This linter can be disabled with `set_option linter.unusedVariables false`
⚠ [6582/6768] Replayed UnitDistance.PairMassCellCertificate
warning: UnitDistance/PairMassCellCertificate.lean:42:13: This simp argument is unused:
  bernstein3

Hint: Omit it from the simp argument list.
  [apply] simp [Function.id_def]

Note: This linter can be disabled with `set_option linter.unusedSimpArgs false`
warning: UnitDistance/PairMassCellCertificate.lean:47:13: This simp argument is unused:
  bernstein3

Hint: Omit it from the simp argument list.
  [apply] simp [Function.id_def]

Note: This linter can be disabled with `set_option linter.unusedSimpArgs false`
warning: UnitDistance/PairMassCellCertificate.lean:52:13: This simp argument is unused:
  bernstein3

Hint: Omit it from the simp argument list.
  [apply] simp [Function.id_def]

Note: This linter can be disabled with `set_option linter.unusedSimpArgs false`
warning: UnitDistance/PairMassCellCertificate.lean:56:13: This simp argument is unused:
  bernstein3

Hint: Omit it from the simp argument list.
  [apply] simp [Function.id_def]

Note: This linter can be disabled with `set_option linter.unusedSimpArgs false`
warning: UnitDistance/PairMassCellCertificate.lean:56:25: This simp argument is unused:
  Function.id_def

Hint: Omit it from the simp argument list.
  [apply] simp [bernstein3]

Note: This linter can be disabled with `set_option linter.unusedSimpArgs false`
warning: UnitDistance/PairMassCellCertificate.lean:41:75: this tactic is never executed

Note: This linter can be disabled with `set_option linter.unreachableTactic false`
warning: UnitDistance/PairMassCellCertificate.lean:42:46: this tactic is never executed

Note: This linter can be disabled with `set_option linter.unreachableTactic false`
warning: UnitDistance/PairMassCellCertificate.lean:55:75: this tactic is never executed

Note: This linter can be disabled with `set_option linter.unreachableTactic false`
warning: UnitDistance/PairMassCellCertificate.lean:56:46: this tactic is never executed

Note: This linter can be disabled with `set_option linter.unreachableTactic false`
warning: UnitDistance/PairMassCellCertificate.lean:46:71: Used `tac1 <;> tac2` where `(tac1; tac2)` would suffice

Note: This linter can be disabled with `set_option linter.unnecessarySeqFocus false`
warning: UnitDistance/PairMassCellCertificate.lean:47:42: Used `tac1 <;> tac2` where `(tac1; tac2)` would suffice

Note: This linter can be disabled with `set_option linter.unnecessarySeqFocus false`
warning: UnitDistance/PairMassCellCertificate.lean:51:71: Used `tac1 <;> tac2` where `(tac1; tac2)` would suffice

Note: This linter can be disabled with `set_option linter.unnecessarySeqFocus false`
warning: UnitDistance/PairMassCellCertificate.lean:52:42: Used `tac1 <;> tac2` where `(tac1; tac2)` would suffice

Note: This linter can be disabled with `set_option linter.unnecessarySeqFocus false`
warning: UnitDistance/PairMassCellCertificate.lean:41:75: Unused tactic linter: `ring` does nothing

Note: This linter can be disabled with `set_option linter.unusedTactic false`
warning: UnitDistance/PairMassCellCertificate.lean:42:46: Unused tactic linter: `ring` does nothing

Note: This linter can be disabled with `set_option linter.unusedTactic false`
warning: UnitDistance/PairMassCellCertificate.lean:55:75: Unused tactic linter: `ring` does nothing

Note: This linter can be disabled with `set_option linter.unusedTactic false`
warning: UnitDistance/PairMassCellCertificate.lean:56:46: Unused tactic linter: `ring` does nothing

Note: This linter can be disabled with `set_option linter.unusedTactic false`
warning: UnitDistance/PairMassCellCertificate.lean:273:8: `MeasureTheory.integrable_finset_sum` has been deprecated: Use `MeasureTheory.integrable_finsetSum` instead

Hint: Replace the deprecated name:
  integrable_finset_̵s̵S̲um
warning: UnitDistance/PairMassCellCertificate.lean:314:8: `MeasureTheory.integrable_finset_sum` has been deprecated: Use `MeasureTheory.integrable_finsetSum` instead

Hint: Replace the deprecated name:
  integrable_finset_̵s̵S̲um
warning: UnitDistance/PairMassCellCertificate.lean:354:45: Variable name `hh` is not explicitly referenced.

Hint: The binding can be removed (if unused) or named `_` (if used implicitly). Alternatively, prefix the name with `_` to silence this warning:
  [apply] _hh

Note: This linter can be disabled with `set_option linter.unusedVariables false`
⚠ [6583/6768] Replayed UnitDistance.PairMassDegree12Certificate
warning: UnitDistance/PairMassDegree12Certificate.lean:58:2: Unused tactic linter: `norm_num` does nothing

Note: This linter can be disabled with `set_option linter.unusedTactic false`
⚠ [6585/6768] Replayed UnitDistance.PairMassDegree12ArithmeticCertificate
warning: UnitDistance/PairMassDegree12ArithmeticCertificate.lean:44:6: this tactic is never executed

Note: This linter can be disabled with `set_option linter.unreachableTactic false`
warning: UnitDistance/PairMassDegree12ArithmeticCertificate.lean:44:6: Unused tactic linter: `ring` does nothing

Note: This linter can be disabled with `set_option linter.unusedTactic false`
⚠ [6593/6768] Replayed UnitDistance.PairMassDegree3DenseRepresentationCertificate
warning: UnitDistance/PairMassDegree3DenseRepresentationCertificate.lean:42:6: `dif_pos` has been deprecated: Use `dite_eq_left` instead

Hint: Replace the deprecated name:
  d̵i̵f̵_̵p̵o̵s̵d̲i̲t̲e̲_̲e̲q̲_̲l̲e̲f̲t̲
warning: UnitDistance/PairMassDegree3DenseRepresentationCertificate.lean:42:18: `dif_pos` has been deprecated: Use `dite_eq_left` instead

Hint: Replace the deprecated name:
  d̵i̵f̵_̵p̵o̵s̵d̲i̲t̲e̲_̲e̲q̲_̲l̲e̲f̲t̲
warning: UnitDistance/PairMassDegree3DenseRepresentationCertificate.lean:95:10: Used `tac1 <;> tac2` where `(tac1; tac2)` would suffice

Note: This linter can be disabled with `set_option linter.unnecessarySeqFocus false`
warning: UnitDistance/PairMassDegree3DenseRepresentationCertificate.lean:169:8: This simp argument is unused:
  pairMassDenseOne

Hint: Omit it from the simp argument list.
  [apply] simp [pairMassNestedCoeffQ]

Note: This linter can be disabled with `set_option linter.unusedSimpArgs false`
warning: UnitDistance/PairMassDegree3DenseRepresentationCertificate.lean:185:8: `dif_pos` has been deprecated: Use `dite_eq_left` instead

Hint: Replace the deprecated name:
  d̵i̵f̵_̵p̵o̵s̵d̲i̲t̲e̲_̲e̲q̲_̲l̲e̲f̲t̲
warning: UnitDistance/PairMassDegree3DenseRepresentationCertificate.lean:197:8: `dif_neg` has been deprecated: Use `dite_eq_right` instead

Hint: Replace the deprecated name:
  d̵i̵f̵_̵n̵e̵g̵d̲i̲t̲e̲_̲e̲q̲_̲r̲i̲g̲h̲t̲
warning: UnitDistance/PairMassDegree3DenseRepresentationCertificate.lean:212:8: `dif_pos` has been deprecated: Use `dite_eq_left` instead

Hint: Replace the deprecated name:
  d̵i̵f̵_̵p̵o̵s̵d̲i̲t̲e̲_̲e̲q̲_̲l̲e̲f̲t̲
warning: UnitDistance/PairMassDegree3DenseRepresentationCertificate.lean:224:8: `dif_neg` has been deprecated: Use `dite_eq_right` instead

Hint: Replace the deprecated name:
  d̵i̵f̵_̵n̵e̵g̵d̲i̲t̲e̲_̲e̲q̲_̲r̲i̲g̲h̲t̲
warning: UnitDistance/PairMassDegree3DenseRepresentationCertificate.lean:369:6: `dif_pos` has been deprecated: Use `dite_eq_left` instead

Hint: Replace the deprecated name:
  d̵i̵f̵_̵p̵o̵s̵d̲i̲t̲e̲_̲e̲q̲_̲l̲e̲f̲t̲
⚠ [6605/6768] Replayed UnitDistance.PairMassDegree3SummationCertificate
warning: UnitDistance/PairMassDegree3SummationCertificate.lean:65:8: `MeasureTheory.integral_finset_sum` has been deprecated: Use `MeasureTheory.integral_finsetSum` instead

Hint: Replace the deprecated name:
  integral_finset_̵s̵S̲um
⚠ [6606/6768] Replayed UnitDistance.PairFunctionalRelaxedCertificate
warning: UnitDistance/PairFunctionalRelaxedCertificate.lean:21:39: this tactic is never executed

Note: This linter can be disabled with `set_option linter.unreachableTactic false`
warning: UnitDistance/PairFunctionalRelaxedCertificate.lean:21:20: Used `tac1 <;> tac2` where `(tac1; tac2)` would suffice

Note: This linter can be disabled with `set_option linter.unnecessarySeqFocus false`
warning: UnitDistance/PairFunctionalRelaxedCertificate.lean:21:39: Unused tactic linter: `ring` does nothing

Note: This linter can be disabled with `set_option linter.unusedTactic false`
ℹ [6612/6768] Replayed UnitDistance.PairOverlapGaussian
info: UnitDistance/PairOverlapGaussian.lean:66:2: Try this:
  [apply] ring_nf
  
  The `ring` tactic failed to close the goal. Use `ring_nf` to obtain a normal form.
    
  Note that `ring` works primarily in *commutative* rings. If you have a noncommutative ring, abelian group or module, consider using `noncomm_ring`, `abel` or `module` instead.
⚠ [6615/6768] Replayed UnitDistance.PairOverlapExpansion
warning: UnitDistance/PairOverlapExpansion.lean:156:6: `MeasureTheory.integral_finset_sum` has been deprecated: Use `MeasureTheory.integral_finsetSum` instead

Hint: Replace the deprecated name:
  integral_finset_̵s̵S̲um
warning: UnitDistance/PairOverlapExpansion.lean:157:4: `MeasureTheory.integrable_finset_sum` has been deprecated: Use `MeasureTheory.integrable_finsetSum` instead

Hint: Replace the deprecated name:
  integrable_finset_̵s̵S̲um
warning: UnitDistance/PairOverlapExpansion.lean:157:39: `MeasureTheory.integrable_finset_sum` has been deprecated: Use `MeasureTheory.integrable_finsetSum` instead

Hint: Replace the deprecated name:
  integrable_finset_̵s̵S̲um
warning: UnitDistance/PairOverlapExpansion.lean:158:6: `MeasureTheory.integrable_finset_sum` has been deprecated: Use `MeasureTheory.integrable_finsetSum` instead

Hint: Replace the deprecated name:
  integrable_finset_̵s̵S̲um
warning: UnitDistance/PairOverlapExpansion.lean:162:6: `MeasureTheory.integral_finset_sum` has been deprecated: Use `MeasureTheory.integral_finsetSum` instead

Hint: Replace the deprecated name:
  integral_finset_̵s̵S̲um
warning: UnitDistance/PairOverlapExpansion.lean:163:4: `MeasureTheory.integrable_finset_sum` has been deprecated: Use `MeasureTheory.integrable_finsetSum` instead

Hint: Replace the deprecated name:
  integrable_finset_̵s̵S̲um
warning: UnitDistance/PairOverlapExpansion.lean:163:39: `MeasureTheory.integrable_finset_sum` has been deprecated: Use `MeasureTheory.integrable_finsetSum` instead

Hint: Replace the deprecated name:
  integrable_finset_̵s̵S̲um
warning: UnitDistance/PairOverlapExpansion.lean:167:6: `MeasureTheory.integral_finset_sum` has been deprecated: Use `MeasureTheory.integral_finsetSum` instead

Hint: Replace the deprecated name:
  integral_finset_̵s̵S̲um
warning: UnitDistance/PairOverlapExpansion.lean:167:40: `MeasureTheory.integrable_finset_sum` has been deprecated: Use `MeasureTheory.integrable_finsetSum` instead

Hint: Replace the deprecated name:
  integrable_finset_̵s̵S̲um
warning: UnitDistance/PairOverlapExpansion.lean:171:6: `MeasureTheory.integral_finset_sum` has been deprecated: Use `MeasureTheory.integral_finsetSum` instead

Hint: Replace the deprecated name:
  integral_finset_̵s̵S̲um
⚠ [6618/6768] Replayed UnitDistance.PairOverlapHyperbola
warning: UnitDistance/PairOverlapHyperbola.lean:48:66: Variable name `hY` is not explicitly referenced.

Hint: The binding can be removed (if unused) or named `_` (if used implicitly). Alternatively, prefix the name with `_` to silence this warning:
  [apply] _hY

Note: This linter can be disabled with `set_option linter.unusedVariables false`
warning: UnitDistance/PairOverlapHyperbola.lean:69:54: Variable name `hX` is not explicitly referenced.

Hint: The binding can be removed (if unused) or named `_` (if used implicitly). Alternatively, prefix the name with `_` to silence this warning:
  [apply] _hX

Note: This linter can be disabled with `set_option linter.unusedVariables false`
⚠ [6619/6768] Replayed UnitDistance.PairOverlapHyperbolaIntegrable
warning: UnitDistance/PairOverlapHyperbolaIntegrable.lean:31:46: Used `tac1 <;> tac2` where `(tac1; tac2)` would suffice

Note: This linter can be disabled with `set_option linter.unnecessarySeqFocus false`
warning: UnitDistance/PairOverlapHyperbolaIntegrable.lean:31:58: Used `tac1 <;> tac2` where `(tac1; tac2)` would suffice

Note: This linter can be disabled with `set_option linter.unnecessarySeqFocus false`
⚠ [6620/6768] Replayed UnitDistance.PairOverlapHyperbolaRemainder
info: UnitDistance/PairOverlapHyperbolaRemainder.lean:202:41: Try this:
  [apply] ring_nf
  
  The `ring` tactic failed to close the goal. Use `ring_nf` to obtain a normal form.
    
  Note that `ring` works primarily in *commutative* rings. If you have a noncommutative ring, abelian group or module, consider using `noncomm_ring`, `abel` or `module` instead.
warning: UnitDistance/PairOverlapHyperbolaRemainder.lean:202:37: Used `tac1 <;> tac2` where `(tac1; tac2)` would suffice

Note: This linter can be disabled with `set_option linter.unnecessarySeqFocus false`
⚠ [6621/6768] Replayed UnitDistance.PairOverlapBetaChange
warning: UnitDistance/PairOverlapBetaChange.lean:33:51: `Set.mem_setOf_eq` has been deprecated: Use `Set.mem_ofPred_eq` instead

Hint: Replace the deprecated name:
  m̵e̵m̵_̵s̵e̵t̵O̵f̵_̵e̵q̵m̲e̲m̲_̲o̲f̲P̲r̲e̲d̲_̲e̲q̲
warning: UnitDistance/PairOverlapBetaChange.lean:49:35: `Set.mem_setOf_eq` has been deprecated: Use `Set.mem_ofPred_eq` instead

Hint: Replace the deprecated name:
  m̵e̵m̵_̵s̵e̵t̵O̵f̵_̵e̵q̵m̲e̲m̲_̲o̲f̲P̲r̲e̲d̲_̲e̲q̲
warning: UnitDistance/PairOverlapBetaChange.lean:96:16: Used `tac1 <;> tac2` where `(tac1; tac2)` would suffice

Note: This linter can be disabled with `set_option linter.unnecessarySeqFocus false`
⚠ [6623/6832] Replayed UnitDistance.PairOverlapHyperbolaLeading
info: UnitDistance/PairOverlapHyperbolaLeading.lean:230:38: Try this:
  [apply] ring_nf
  
  The `ring` tactic failed to close the goal. Use `ring_nf` to obtain a normal form.
    
  Note that `ring` works primarily in *commutative* rings. If you have a noncommutative ring, abelian group or module, consider using `noncomm_ring`, `abel` or `module` instead.
warning: UnitDistance/PairOverlapHyperbolaLeading.lean:219:70: Used `tac1 <;> tac2` where `(tac1; tac2)` would suffice

Note: This linter can be disabled with `set_option linter.unnecessarySeqFocus false`
warning: UnitDistance/PairOverlapHyperbolaLeading.lean:223:70: Used `tac1 <;> tac2` where `(tac1; tac2)` would suffice

Note: This linter can be disabled with `set_option linter.unnecessarySeqFocus false`
warning: UnitDistance/PairOverlapHyperbolaLeading.lean:230:34: Used `tac1 <;> tac2` where `(tac1; tac2)` would suffice

Note: This linter can be disabled with `set_option linter.unnecessarySeqFocus false`
info: UnitDistance/PairOverlapHyperbolaLeading.lean:250:38: Try this:
  [apply] ring_nf
  
  The `ring` tactic failed to close the goal. Use `ring_nf` to obtain a normal form.
    
  Note that `ring` works primarily in *commutative* rings. If you have a noncommutative ring, abelian group or module, consider using `noncomm_ring`, `abel` or `module` instead.
warning: UnitDistance/PairOverlapHyperbolaLeading.lean:239:70: Used `tac1 <;> tac2` where `(tac1; tac2)` would suffice

Note: This linter can be disabled with `set_option linter.unnecessarySeqFocus false`
warning: UnitDistance/PairOverlapHyperbolaLeading.lean:243:70: Used `tac1 <;> tac2` where `(tac1; tac2)` would suffice

Note: This linter can be disabled with `set_option linter.unnecessarySeqFocus false`
warning: UnitDistance/PairOverlapHyperbolaLeading.lean:250:34: Used `tac1 <;> tac2` where `(tac1; tac2)` would suffice

Note: This linter can be disabled with `set_option linter.unnecessarySeqFocus false`
warning: UnitDistance/PairOverlapHyperbolaLeading.lean:286:18: Variable name `hb` is not explicitly referenced.

Hint: The binding can be removed (if unused) or named `_` (if used implicitly). Alternatively, prefix the name with `_` to silence this warning:
  [apply] _hb

Note: This linter can be disabled with `set_option linter.unusedVariables false`
warning: UnitDistance/PairOverlapHyperbolaLeading.lean:301:18: Variable name `hb` is not explicitly referenced.

Hint: The binding can be removed (if unused) or named `_` (if used implicitly). Alternatively, prefix the name with `_` to silence this warning:
  [apply] _hb

Note: This linter can be disabled with `set_option linter.unusedVariables false`
warning: UnitDistance/PairOverlapHyperbolaLeading.lean:316:18: Variable name `hb` is not explicitly referenced.

Hint: The binding can be removed (if unused) or named `_` (if used implicitly). Alternatively, prefix the name with `_` to silence this warning:
  [apply] _hb

Note: This linter can be disabled with `set_option linter.unusedVariables false`
warning: UnitDistance/PairOverlapHyperbolaLeading.lean:342:18: Variable name `hb` is not explicitly referenced.

Hint: The binding can be removed (if unused) or named `_` (if used implicitly). Alternatively, prefix the name with `_` to silence this warning:
  [apply] _hb

Note: This linter can be disabled with `set_option linter.unusedVariables false`
⚠ [6624/6832] Replayed UnitDistance.PairOverlapBetaReduction
warning: UnitDistance/PairOverlapBetaReduction.lean:59:8: Unused tactic linter: `ring` does nothing

Note: This linter can be disabled with `set_option linter.unusedTactic false`
warning: UnitDistance/PairOverlapBetaReduction.lean:76:10: Unused tactic linter: `ring` does nothing

Note: This linter can be disabled with `set_option linter.unusedTactic false`
warning: UnitDistance/PairOverlapBetaReduction.lean:59:8: this tactic is never executed

Note: This linter can be disabled with `set_option linter.unreachableTactic false`
warning: UnitDistance/PairOverlapBetaReduction.lean:76:10: this tactic is never executed

Note: This linter can be disabled with `set_option linter.unreachableTactic false`
⚠ [6630/6832] Replayed UnitDistance.PairOverlapBetaLogMoments
warning: UnitDistance/PairOverlapBetaLogMoments.lean:31:8: `mul_le_one₀` has been deprecated: No replacement, use constituent lemmas from proof.
warning: UnitDistance/PairOverlapBetaLogMoments.lean:118:25: Used `tac1 <;> tac2` where `(tac1; tac2)` would suffice

Note: This linter can be disabled with `set_option linter.unnecessarySeqFocus false`
warning: UnitDistance/PairOverlapBetaLogMoments.lean:118:51: Used `tac1 <;> tac2` where `(tac1; tac2)` would suffice

Note: This linter can be disabled with `set_option linter.unnecessarySeqFocus false`
warning: UnitDistance/PairOverlapBetaLogMoments.lean:136:8: Unused tactic linter: `ring` does nothing

Note: This linter can be disabled with `set_option linter.unusedTactic false`
warning: UnitDistance/PairOverlapBetaLogMoments.lean:136:8: this tactic is never executed

Note: This linter can be disabled with `set_option linter.unreachableTactic false`
⚠ [6632/6832] Replayed UnitDistance.PairOverlapStudentCompactArithmeticRun20260920
warning: UnitDistance/PairOverlapStudentCompactArithmeticRun20260920.lean:3:0: 'Mathlib.Data.Real.Basic' has been deprecated: please replace this import by

import Mathlib.Basic.Real.Basic
warning: UnitDistance/PairOverlapStudentCompactArithmeticRun20260920.lean:70:2: Unused tactic linter: `push_cast` does nothing

Note: This linter can be disabled with `set_option linter.unusedTactic false`
warning: UnitDistance/PairOverlapStudentCompactArithmeticRun20260920.lean:71:17: Unused tactic linter: `(try positivity)` does nothing

Note: This linter can be disabled with `set_option linter.unusedTactic false`
warning: UnitDistance/PairOverlapStudentCompactArithmeticRun20260920.lean:71:13: Used `tac1 <;> tac2` where `(tac1; tac2)` would suffice

Note: This linter can be disabled with `set_option linter.unnecessarySeqFocus false`
warning: UnitDistance/PairOverlapStudentCompactArithmeticRun20260920.lean:71:34: Used `tac1 <;> tac2` where `(tac1; tac2)` would suffice

Note: This linter can be disabled with `set_option linter.unnecessarySeqFocus false`
⚠ [6633/6832] Replayed UnitDistance.PairOverlapStudentConstant
info: UnitDistance/PairOverlapStudentConstant.lean:267:72: Try this:
  [apply] ring_nf
  
  The `ring` tactic failed to close the goal. Use `ring_nf` to obtain a normal form.
    
  Note that `ring` works primarily in *commutative* rings. If you have a noncommutative ring, abelian group or module, consider using `noncomm_ring`, `abel` or `module` instead.
info: UnitDistance/PairOverlapStudentConstant.lean:270:73: Try this:
  [apply] ring_nf
  
  The `ring` tactic failed to close the goal. Use `ring_nf` to obtain a normal form.
    
  Note that `ring` works primarily in *commutative* rings. If you have a noncommutative ring, abelian group or module, consider using `noncomm_ring`, `abel` or `module` instead.
info: UnitDistance/PairOverlapStudentConstant.lean:273:74: Try this:
  [apply] ring_nf
  
  The `ring` tactic failed to close the goal. Use `ring_nf` to obtain a normal form.
    
  Note that `ring` works primarily in *commutative* rings. If you have a noncommutative ring, abelian group or module, consider using `noncomm_ring`, `abel` or `module` instead.
warning: UnitDistance/PairOverlapStudentConstant.lean:274:17: This simp argument is unused:
  Pi.add_apply

Hint: Omit it from the simp argument list.
  [apply] simp only [Pi.sub_apply] at ha hb

Note: This linter can be disabled with `set_option linter.unusedSimpArgs false`
warning: UnitDistance/PairOverlapStudentConstant.lean:267:68: Used `tac1 <;> tac2` where `(tac1; tac2)` would suffice

Note: This linter can be disabled with `set_option linter.unnecessarySeqFocus false`
warning: UnitDistance/PairOverlapStudentConstant.lean:270:69: Used `tac1 <;> tac2` where `(tac1; tac2)` would suffice

Note: This linter can be disabled with `set_option linter.unnecessarySeqFocus false`
warning: UnitDistance/PairOverlapStudentConstant.lean:273:70: Used `tac1 <;> tac2` where `(tac1; tac2)` would suffice

Note: This linter can be disabled with `set_option linter.unnecessarySeqFocus false`
warning: UnitDistance/PairOverlapStudentConstant.lean:283:15: Variable name `hx` is not explicitly referenced.

Hint: The binding can be removed (if unused) or named `_` (if used implicitly). Alternatively, prefix the name with `_` to silence this warning:
  [apply] _hx

Note: This linter can be disabled with `set_option linter.unusedVariables false`
warning: UnitDistance/PairOverlapStudentConstant.lean:292:49: Variable name `hN` is not explicitly referenced.

Hint: The binding can be removed (if unused) or named `_` (if used implicitly). Alternatively, prefix the name with `_` to silence this warning:
  [apply] _hN

Note: This linter can be disabled with `set_option linter.unusedVariables false`
⚠ [6634/6832] Replayed UnitDistance.PairOverlapLeadingCollection
warning: UnitDistance/PairOverlapLeadingCollection.lean:94:44: This simp argument is unused:
  Finset.sum_range_one

Hint: Omit it from the simp argument list.
  [apply] simp only [pairOverlapShiftSum_cast, hsQ, Nat.cast_zero, add_zero]

Note: This linter can be disabled with `set_option linter.unusedSimpArgs false`
warning: UnitDistance/PairOverlapLeadingCollection.lean:94:66: This simp argument is unused:
  Nat.cast_zero

Hint: Omit it from the simp argument list.
  [apply] simp only [pairOverlapShiftSum_cast, hsQ, Finset.sum_range_one, add_zero]

Note: This linter can be disabled with `set_option linter.unusedSimpArgs false`
warning: UnitDistance/PairOverlapLeadingCollection.lean:94:81: This simp argument is unused:
  add_zero

Hint: Omit it from the simp argument list.
  [apply] simp only [pairOverlapShiftSum_cast, hsQ, Finset.sum_range_one, Nat.cast_zero]

Note: This linter can be disabled with `set_option linter.unusedSimpArgs false`
warning: UnitDistance/PairOverlapLeadingCollection.lean:97:2: Unused tactic linter: `push_cast at hde` does nothing

Note: This linter can be disabled with `set_option linter.unusedTactic false`
⚠ [6636/6832] Replayed UnitDistance.PairOverlapRemainderBound
warning: UnitDistance/PairOverlapRemainderBound.lean:61:57: Variable name `hx` is not explicitly referenced.

Hint: The binding can be removed (if unused) or named `_` (if used implicitly). Alternatively, prefix the name with `_` to silence this warning:
  [apply] _hx

Note: This linter can be disabled with `set_option linter.unusedVariables false`
warning: UnitDistance/PairOverlapRemainderBound.lean:145:30: this tactic is never executed

Note: This linter can be disabled with `set_option linter.unreachableTactic false`
warning: UnitDistance/PairOverlapRemainderBound.lean:144:53: Used `tac1 <;> tac2` where `(tac1; tac2)` would suffice

Note: This linter can be disabled with `set_option linter.unnecessarySeqFocus false`
warning: UnitDistance/PairOverlapRemainderBound.lean:145:30: Unused tactic linter: `ring` does nothing

Note: This linter can be disabled with `set_option linter.unusedTactic false`
⚠ [6641/6832] Replayed UnitDistance.PairFunctionalSharperCertificateAstra
warning: UnitDistance/PairFunctionalSharperCertificateAstra.lean:21:39: this tactic is never executed

Note: This linter can be disabled with `set_option linter.unreachableTactic false`
warning: UnitDistance/PairFunctionalSharperCertificateAstra.lean:21:20: Used `tac1 <;> tac2` where `(tac1; tac2)` would suffice

Note: This linter can be disabled with `set_option linter.unnecessarySeqFocus false`
warning: UnitDistance/PairFunctionalSharperCertificateAstra.lean:21:39: Unused tactic linter: `ring` does nothing

Note: This linter can be disabled with `set_option linter.unusedTactic false`
⚠ [6642/6832] Replayed UnitDistance.PairFunctionalSharperThresholdAstra
warning: UnitDistance/PairFunctionalSharperThresholdAstra.lean:21:39: this tactic is never executed

Note: This linter can be disabled with `set_option linter.unreachableTactic false`
warning: UnitDistance/PairFunctionalSharperThresholdAstra.lean:21:20: Used `tac1 <;> tac2` where `(tac1; tac2)` would suffice

Note: This linter can be disabled with `set_option linter.unnecessarySeqFocus false`
warning: UnitDistance/PairFunctionalSharperThresholdAstra.lean:21:39: Unused tactic linter: `ring` does nothing

Note: This linter can be disabled with `set_option linter.unusedTactic false`
⚠ [6645/6832] Replayed UnitDistance.QuadraticLocalSquareclass
warning: UnitDistance/QuadraticLocalSquareclass.lean:54:49: This simp argument is unused:
  hc

Hint: Omit it from the simp argument list.
  [apply] simp [x, y, L, QuadraticAlgebra.omega]

Note: This linter can be disabled with `set_option linter.unusedSimpArgs false`
⚠ [6646/6832] Replayed UnitDistance.RelativeUnramifiedOdd
warning: UnitDistance/RelativeUnramifiedOdd.lean:36:2: Try this: 
  haveI̵

The goal is a proposition, so `have` is preferred over `haveI`.
The difference between `have` and `haveI` is that `haveI` inlines the value.
But this is not relevant for proofs because of proof irrelevance.

Note: This linter can be disabled with `set_option linter.style.haveILetI false`
warning: UnitDistance/RelativeUnramifiedOdd.lean:31:0: automatically included section variable(s) unused in theorem `UnitDistance.QuadraticRamification.HasOddLocalUnitSquareclass.map`:
  [NumberField F]
  [NumberField K]
consider restructuring your `variable` declarations so that the variables are not in scope or explicitly omit them:
  omit [NumberField F] [NumberField K] in theorem ...

Note: This linter can be disabled with `set_option linter.unusedSectionVars false`
warning: UnitDistance/RelativeUnramifiedOdd.lean:55:2: Try this: 
  haveI̵

The goal is a proposition, so `have` is preferred over `haveI`.
The difference between `have` and `haveI` is that `haveI` inlines the value.
But this is not relevant for proofs because of proof irrelevance.

Note: This linter can be disabled with `set_option linter.style.haveILetI false`
warning: UnitDistance/RelativeUnramifiedOdd.lean:65:0: automatically included section variable(s) unused in theorem `UnitDistance.QuadraticRamification.unramifiedAtOddPrimes_refl`:
  [NumberField F]
consider restructuring your `variable` declarations so that the variables are not in scope or explicitly omit them:
  omit [NumberField F] in theorem ...

Note: This linter can be disabled with `set_option linter.unusedSectionVars false`
warning: UnitDistance/RelativeUnramifiedOdd.lean:80:2: Try this: 
  haveI̵

The goal is a proposition, so `have` is preferred over `haveI`.
The difference between `have` and `haveI` is that `haveI` inlines the value.
But this is not relevant for proofs because of proof irrelevance.

Note: This linter can be disabled with `set_option linter.style.haveILetI false`
warning: UnitDistance/RelativeUnramifiedOdd.lean:86:2: Try this: 
  haveI̵

The goal is a proposition, so `have` is preferred over `haveI`.
The difference between `have` and `haveI` is that `haveI` inlines the value.
But this is not relevant for proofs because of proof irrelevance.

Note: This linter can be disabled with `set_option linter.style.haveILetI false`
warning: UnitDistance/RelativeUnramifiedOdd.lean:75:0: automatically included section variable(s) unused in theorem `UnitDistance.QuadraticRamification.UnramifiedAtOddPrimes.of_algEquiv`:
  [NumberField F]
  [NumberField K]
  [NumberField L]
consider restructuring your `variable` declarations so that the variables are not in scope or explicitly omit them:
  omit [NumberField F] [NumberField K] [NumberField L] in theorem ...

Note: This linter can be disabled with `set_option linter.unusedSectionVars false`
warning: UnitDistance/RelativeUnramifiedOdd.lean:95:2: Try this: 
  haveI̵

The goal is a proposition, so `have` is preferred over `haveI`.
The difference between `have` and `haveI` is that `haveI` inlines the value.
But this is not relevant for proofs because of proof irrelevance.

Note: This linter can be disabled with `set_option linter.style.haveILetI false`
warning: UnitDistance/RelativeUnramifiedOdd.lean:96:2: Try this: 
  haveI̵

The goal is a proposition, so `have` is preferred over `haveI`.
The difference between `have` and `haveI` is that `haveI` inlines the value.
But this is not relevant for proofs because of proof irrelevance.

Note: This linter can be disabled with `set_option linter.style.haveILetI false`
warning: UnitDistance/RelativeUnramifiedOdd.lean:102:2: Try this: 
  haveI̵

The goal is a proposition, so `have` is preferred over `haveI`.
The difference between `have` and `haveI` is that `haveI` inlines the value.
But this is not relevant for proofs because of proof irrelevance.

Note: This linter can be disabled with `set_option linter.style.haveILetI false`
warning: UnitDistance/RelativeUnramifiedOdd.lean:103:2: Try this: 
  haveI̵

The goal is a proposition, so `have` is preferred over `haveI`.
The difference between `have` and `haveI` is that `haveI` inlines the value.
But this is not relevant for proofs because of proof irrelevance.

Note: This linter can be disabled with `set_option linter.style.haveILetI false`
warning: UnitDistance/RelativeUnramifiedOdd.lean:90:0: automatically included section variable(s) unused in theorem `UnitDistance.QuadraticRamification.UnramifiedAtOddPrimes.trans`:
  [NumberField F]
  [NumberField K]
  [NumberField L]
consider restructuring your `variable` declarations so that the variables are not in scope or explicitly omit them:
  omit [NumberField F] [NumberField K] [NumberField L] in theorem ...

Note: This linter can be disabled with `set_option linter.unusedSectionVars false`
⚠ [6647/6832] Replayed UnitDistance.ArithmeticCatalogOddSquareclasses
warning: UnitDistance/ArithmeticCatalogOddSquareclasses.lean:104:8: `simp` already closes the goal

Hint: Use `simp` instead of `simpa`:
  [apply] simp

Note: This linter can be disabled with `set_option linter.unnecessarySimpa false`
⚠ [6648/6832] Replayed UnitDistance.GeneratedOddRamification
warning: UnitDistance/GeneratedOddRamification.lean:46:4: Try this: 
  letI̵

The goal is a proposition, so `let` is preferred over `letI`.
The difference between `let` and `letI` is that `letI` inlines the value.
But this is not relevant for proofs because of proof irrelevance.

Note: This linter can be disabled with `set_option linter.style.haveILetI false`
warning: UnitDistance/GeneratedOddRamification.lean:49:4: Try this: 
  letI̵

The goal is a proposition, so `let` is preferred over `letI`.
The difference between `let` and `letI` is that `letI` inlines the value.
But this is not relevant for proofs because of proof irrelevance.

Note: This linter can be disabled with `set_option linter.style.haveILetI false`
warning: UnitDistance/GeneratedOddRamification.lean:50:4: Try this: 
  letI̵

The goal is a proposition, so `let` is preferred over `letI`.
The difference between `let` and `letI` is that `letI` inlines the value.
But this is not relevant for proofs because of proof irrelevance.

Note: This linter can be disabled with `set_option linter.style.haveILetI false`
warning: UnitDistance/GeneratedOddRamification.lean:51:4: Try this: 
  letI̵

The goal is a proposition, so `let` is preferred over `letI`.
The difference between `let` and `letI` is that `letI` inlines the value.
But this is not relevant for proofs because of proof irrelevance.

Note: This linter can be disabled with `set_option linter.style.haveILetI false`
warning: UnitDistance/GeneratedOddRamification.lean:54:4: Try this: 
  letI̵

The goal is a proposition, so `let` is preferred over `letI`.
The difference between `let` and `letI` is that `letI` inlines the value.
But this is not relevant for proofs because of proof irrelevance.

Note: This linter can be disabled with `set_option linter.style.haveILetI false`
warning: UnitDistance/GeneratedOddRamification.lean:58:4: Try this: 
  letI̵

The goal is a proposition, so `let` is preferred over `letI`.
The difference between `let` and `letI` is that `letI` inlines the value.
But this is not relevant for proofs because of proof irrelevance.

Note: This linter can be disabled with `set_option linter.style.haveILetI false`
⚠ [6651/6832] Replayed UnitDistance.CanonicalRetainedEquiv
warning: UnitDistance/CanonicalRetainedEquiv.lean:41:31: `if_neg` has been deprecated: Use `ite_eq_right` instead

Hint: Replace the deprecated name:
  i̵f̵_̵n̵e̵g̵i̲t̲e̲_̲e̲q̲_̲r̲i̲g̲h̲t̲
warning: UnitDistance/CanonicalRetainedEquiv.lean:52:2: Try this: 
  letI̵

The goal is a proposition, so `let` is preferred over `letI`.
The difference between `let` and `letI` is that `letI` inlines the value.
But this is not relevant for proofs because of proof irrelevance.

Note: This linter can be disabled with `set_option linter.style.haveILetI false`
⚠ [6652/6832] Replayed UnitDistance.ArithmeticRetainedDiscriminant
warning: UnitDistance/ArithmeticRetainedDiscriminant.lean:44:2: Try this: 
  letI̵

The goal is a proposition, so `let` is preferred over `letI`.
The difference between `let` and `letI` is that `letI` inlines the value.
But this is not relevant for proofs because of proof irrelevance.

Note: This linter can be disabled with `set_option linter.style.haveILetI false`
warning: UnitDistance/ArithmeticRetainedDiscriminant.lean:136:2: exponent 4096 exceeds the threshold 256, exponentiation operation was not evaluated, use `set_option exponentiation.threshold <num>` to set a new threshold
⚠ [6658/6832] Replayed UnitDistance.QuadraticSevenDescent
warning: UnitDistance/QuadraticSevenDescent.lean:46:2: Try this: 
  letI̵

The goal is a proposition, so `let` is preferred over `letI`.
The difference between `let` and `letI` is that `letI` inlines the value.
But this is not relevant for proofs because of proof irrelevance.

Note: This linter can be disabled with `set_option linter.style.haveILetI false`
warning: UnitDistance/QuadraticSevenDescent.lean:38:0: automatically included section variable(s) unused in theorem `UnitDistance.QuadraticSeven.root_descends_of_real_square`:
  [CharZero F]
consider restructuring your `variable` declarations so that the variables are not in scope or explicitly omit them:
  omit [CharZero F] in theorem ...

Note: This linter can be disabled with `set_option linter.unusedSectionVars false`
⚠ [6660/6832] Replayed UnitDistance.SIntegerWitnessGaloisFamily
warning: UnitDistance/SIntegerWitnessGaloisFamily.lean:47:2: Try this: 
  letI̵

The goal is a proposition, so `let` is preferred over `letI`.
The difference between `let` and `letI` is that `letI` inlines the value.
But this is not relevant for proofs because of proof irrelevance.

Note: This linter can be disabled with `set_option linter.style.haveILetI false`
warning: UnitDistance/SIntegerWitnessGaloisFamily.lean:49:2: Try this: 
  letI̵

The goal is a proposition, so `let` is preferred over `letI`.
The difference between `let` and `letI` is that `letI` inlines the value.
But this is not relevant for proofs because of proof irrelevance.

Note: This linter can be disabled with `set_option linter.style.haveILetI false`
⚠ [6661/6832] Replayed UnitDistance.SIntegerWitnessInfiniteQuotient
warning: UnitDistance/SIntegerWitnessInfiniteQuotient.lean:58:2: Try this: 
  letI̵

The goal is a proposition, so `let` is preferred over `letI`.
The difference between `let` and `letI` is that `letI` inlines the value.
But this is not relevant for proofs because of proof irrelevance.

Note: This linter can be disabled with `set_option linter.style.haveILetI false`
⚠ [6664/6832] Replayed UnitDistance.GenusDiscriminant
warning: UnitDistance/GenusDiscriminant.lean:52:46: Private declaration `nonsquare_negThree` accessed publicly; this is allowed only because the `backward.privateInPublic` option is enabled. 

Disable `backward.privateInPublic.warn` to silence this warning.
warning: UnitDistance/GenusDiscriminant.lean:53:41: Private declaration `nonsquare_five` accessed publicly; this is allowed only because the `backward.privateInPublic` option is enabled. 

Disable `backward.privateInPublic.warn` to silence this warning.
warning: UnitDistance/GenusDiscriminant.lean:54:46: Private declaration `nonsquare_negSeven` accessed publicly; this is allowed only because the `backward.privateInPublic` option is enabled. 

Disable `backward.privateInPublic.warn` to silence this warning.
warning: UnitDistance/GenusDiscriminant.lean:55:48: Private declaration `nonsquare_negEleven` accessed publicly; this is allowed only because the `backward.privateInPublic` option is enabled. 

Disable `backward.privateInPublic.warn` to silence this warning.
warning: UnitDistance/GenusDiscriminant.lean:56:46: Private declaration `nonsquare_thirteen` accessed publicly; this is allowed only because the `backward.privateInPublic` option is enabled. 

Disable `backward.privateInPublic.warn` to silence this warning.
warning: UnitDistance/GenusDiscriminant.lean:326:54: Private declaration `nonsquare_negThree` accessed publicly; this is allowed only because the `backward.privateInPublic` option is enabled. 

Disable `backward.privateInPublic.warn` to silence this warning.
warning: UnitDistance/GenusDiscriminant.lean:328:47: Private declaration `nonsquare_five` accessed publicly; this is allowed only because the `backward.privateInPublic` option is enabled. 

Disable `backward.privateInPublic.warn` to silence this warning.
warning: UnitDistance/GenusDiscriminant.lean:331:54: Private declaration `nonsquare_negSeven` accessed publicly; this is allowed only because the `backward.privateInPublic` option is enabled. 

Disable `backward.privateInPublic.warn` to silence this warning.
warning: UnitDistance/GenusDiscriminant.lean:334:56: Private declaration `nonsquare_negEleven` accessed publicly; this is allowed only because the `backward.privateInPublic` option is enabled. 

Disable `backward.privateInPublic.warn` to silence this warning.
warning: UnitDistance/GenusDiscriminant.lean:336:52: Private declaration `nonsquare_thirteen` accessed publicly; this is allowed only because the `backward.privateInPublic` option is enabled. 

Disable `backward.privateInPublic.warn` to silence this warning.
warning: UnitDistance/GenusDiscriminant.lean:387:19: Private declaration `nonempty_chosenGenusToC5` accessed publicly; this is allowed only because the `backward.privateInPublic` option is enabled. 

Disable `backward.privateInPublic.warn` to silence this warning.
⚠ [6665/6832] Replayed UnitDistance.RetainedDiscriminantBridge
warning: UnitDistance/RetainedDiscriminantBridge.lean:134:37: exponent 4096 exceeds the threshold 256, exponentiation operation was not evaluated, use `set_option exponentiation.threshold <num>` to set a new threshold
⚠ [6666/6832] Replayed UnitDistance.CatalogWordSquareclasses
warning: UnitDistance/CatalogWordSquareclasses.lean:43:70: This simp argument is unused:
  hm

Hint: Omit it from the simp argument list.
  [apply] simp [hn, pow_two]

Note: This linter can be disabled with `set_option linter.unusedSimpArgs false`
warning: UnitDistance/CatalogWordSquareclasses.lean:43:73: This simp argument is unused:
  hn

Hint: Omit it from the simp argument list.
  [apply] simp [hm, pow_two]

Note: This linter can be disabled with `set_option linter.unusedSimpArgs false`
⚠ [6673/6832] Replayed ChallengeZeta
warning: ChallengeZeta.lean:127:8: declaration uses `sorry`
✔ [6677/6832] Built UnitDistance.Upstream.Yamaguchi.ClassFieldTheory.LubinTate.EqualCharacteristic.Ramification.DisplacementValuation (38s)
⚠ [6678/6832] Built UnitDistance.Upstream.Yamaguchi.ClassFieldTheory.LubinTate.EqualCharacteristic.Ramification.LowerGroups (23s)
warning: UnitDistance/Upstream/Yamaguchi/ClassFieldTheory/LubinTate/EqualCharacteristic/Ramification/LowerGroups.lean:404:8: `ENat.coe_toNat` has been deprecated: Use `ENat.natCast_toNat` instead

Hint: Replace the deprecated name:
  E̵N̵a̵t̵.̵c̵o̵e̵_̵t̵o̵N̵a̵t̵E̲N̲a̲t̲.̲n̲a̲t̲C̲a̲s̲t̲_̲t̲o̲N̲a̲t̲
warning: UnitDistance/Upstream/Yamaguchi/ClassFieldTheory/LubinTate/EqualCharacteristic/Ramification/LowerGroups.lean:437:33: `if_pos` has been deprecated: Use `ite_eq_left` instead

Hint: Replace the deprecated name:
  i̵f̵_̵p̵o̵s̵i̲t̲e̲_̲e̲q̲_̲l̲e̲f̲t̲
warning: UnitDistance/Upstream/Yamaguchi/ClassFieldTheory/LubinTate/EqualCharacteristic/Ramification/LowerGroups.lean:443:31: `if_neg` has been deprecated: Use `ite_eq_right` instead

Hint: Replace the deprecated name:
  i̵f̵_̵n̵e̵g̵i̲t̲e̲_̲e̲q̲_̲r̲i̲g̲h̲t̲
warning: UnitDistance/Upstream/Yamaguchi/ClassFieldTheory/LubinTate/EqualCharacteristic/Ramification/LowerGroups.lean:450:33: `if_pos` has been deprecated: Use `ite_eq_left` instead

Hint: Replace the deprecated name:
  i̵f̵_̵p̵o̵s̵i̲t̲e̲_̲e̲q̲_̲l̲e̲f̲t̲
warning: UnitDistance/Upstream/Yamaguchi/ClassFieldTheory/LubinTate/EqualCharacteristic/Ramification/LowerGroups.lean:463:33: `if_neg` has been deprecated: Use `ite_eq_right` instead

Hint: Replace the deprecated name:
  i̵f̵_̵n̵e̵g̵i̲t̲e̲_̲e̲q̲_̲r̲i̲g̲h̲t̲
warning: UnitDistance/Upstream/Yamaguchi/ClassFieldTheory/LubinTate/EqualCharacteristic/Ramification/LowerGroups.lean:537:12: `dif_pos` has been deprecated: Use `dite_eq_left` instead

Hint: Replace the deprecated name:
  d̵i̵f̵_̵p̵o̵s̵d̲i̲t̲e̲_̲e̲q̲_̲l̲e̲f̲t̲
warning: UnitDistance/Upstream/Yamaguchi/ClassFieldTheory/LubinTate/EqualCharacteristic/Ramification/LowerGroups.lean:548:12: `dif_neg` has been deprecated: Use `dite_eq_right` instead

Hint: Replace the deprecated name:
  d̵i̵f̵_̵n̵e̵g̵d̲i̲t̲e̲_̲e̲q̲_̲r̲i̲g̲h̲t̲
warning: UnitDistance/Upstream/Yamaguchi/ClassFieldTheory/LubinTate/EqualCharacteristic/Ramification/LowerGroups.lean:567:8: `dif_pos` has been deprecated: Use `dite_eq_left` instead

Hint: Replace the deprecated name:
  d̵i̵f̵_̵p̵o̵s̵d̲i̲t̲e̲_̲e̲q̲_̲l̲e̲f̲t̲
warning: UnitDistance/Upstream/Yamaguchi/ClassFieldTheory/LubinTate/EqualCharacteristic/Ramification/LowerGroups.lean:718:8: `ENat.coe_toNat` has been deprecated: Use `ENat.natCast_toNat` instead

Hint: Replace the deprecated name:
  E̵N̵a̵t̵.̵c̵o̵e̵_̵t̵o̵N̵a̵t̵E̲N̲a̲t̲.̲n̲a̲t̲C̲a̲s̲t̲_̲t̲o̲N̲a̲t̲
✔ [6679/6832] Built UnitDistance.Upstream.Yamaguchi.ClassFieldTheory.LubinTate.EqualCharacteristic.Ramification.Core (17s)
✔ [6680/6832] Built UnitDistance.Upstream.Yamaguchi.ClassFieldTheory.LubinTate.EqualCharacteristic.RealIndexSteps (14s)
✔ [6681/6832] Built UnitDistance.Upstream.Yamaguchi.ClassFieldTheory.LubinTate.EqualCharacteristic.FiniteLevel.UnitQuotientGalois (32s)
✔ [6682/6832] Built UnitDistance.Upstream.Yamaguchi.ClassFieldTheory.GlobalClassFieldTheory.Reciprocity.IdeleClassDirectLimitFiniteLevel (134s)
✔ [6683/6832] Built UnitDistance.Upstream.Yamaguchi.ClassFieldTheory.LocalClassFieldTheory.LubinTateApplication.EqualCharacteristicUpperFiltration (10s)
✔ [6684/6832] Built UnitDistance.Upstream.Yamaguchi.ClassFieldTheory.GlobalClassFieldTheory.Reciprocity.IdeleClassDirectLimitFixedPointDescentCore (40s)
✔ [6685/6832] Built UnitDistance.Upstream.Yamaguchi.ClassFieldTheory.LocalClassFieldTheory.LubinTateApplication.EqualCharacteristicTransportedUpperRamification (49s)
✔ [6686/6832] Built UnitDistance.Upstream.Yamaguchi.ClassFieldTheory.LocalClassFieldTheory.LubinTateApplication.EqualCharacteristicTransportedLevelTower (53s)
✔ [6687/6832] Built UnitDistance.Upstream.Yamaguchi.ClassFieldTheory.LocalClassFieldTheory.Finite.Existence.EqualCharacteristic (32s)
✔ [6688/6832] Built UnitDistance.Upstream.Yamaguchi.ClassFieldTheory.LocalClassFieldTheory.Finite.Existence.Classification (8.2s)
✔ [6689/6832] Built UnitDistance.Upstream.Yamaguchi.ClassFieldTheory.LocalClassFieldTheory.Infinite.FiniteAbelianQuotientKernels (19s)
⚠ [6690/6832] Built UnitDistance.Upstream.Yamaguchi.ClassFieldTheory.LocalClassFieldTheory.Infinite.ProfiniteLocalReciprocity (11s)
warning: UnitDistance/Upstream/Yamaguchi/ClassFieldTheory/LocalClassFieldTheory/Infinite/ProfiniteLocalReciprocity.lean:78:2: Try this: 
  letI̵

The goal is a proposition, so `let` is preferred over `letI`.
The difference between `let` and `letI` is that `letI` inlines the value.
But this is not relevant for proofs because of proof irrelevance.

Note: This linter can be disabled with `set_option linter.style.haveILetI false`
✔ [6691/6832] Built UnitDistance.Upstream.Yamaguchi.SawinTotallyRealTowers.UnramifiedProPRelationRank.Kummer.LocalReciprocityCharacterPairing (14s)
✔ [6692/6832] Built UnitDistance.Upstream.Yamaguchi.ClassFieldTheory.LocalClassFieldTheory.Infinite.AbsoluteArtinRestriction (14s)
✔ [6693/6832] Built UnitDistance.Upstream.Yamaguchi.ClassFieldTheory.GlobalClassFieldTheory.Reciprocity.IdeleClassDirectLimitFixedPointDescent (144s)
⚠ [6694/6832] Built UnitDistance.Upstream.Yamaguchi.SawinTotallyRealTowers.UnramifiedProPRelationRank.Radical.FiniteSupportLocalReciprocityIdeleCharacter (15s)
warning: UnitDistance/Upstream/Yamaguchi/SawinTotallyRealTowers/UnramifiedProPRelationRank/Radical/FiniteSupportLocalReciprocityIdeleCharacter.lean:163:8: `dif_pos` has been deprecated: Use `dite_eq_left` instead

Hint: Replace the deprecated name:
  d̵i̵f̵_̵p̵o̵s̵d̲i̲t̲e̲_̲e̲q̲_̲l̲e̲f̲t̲
warning: UnitDistance/Upstream/Yamaguchi/SawinTotallyRealTowers/UnramifiedProPRelationRank/Radical/FiniteSupportLocalReciprocityIdeleCharacter.lean:165:8: `dif_neg` has been deprecated: Use `dite_eq_right` instead

Hint: Replace the deprecated name:
  d̵i̵f̵_̵n̵e̵g̵d̲i̲t̲e̲_̲e̲q̲_̲r̲i̲g̲h̲t̲
✔ [6695/6832] Built UnitDistance.Upstream.Yamaguchi.SawinTotallyRealTowers.UnramifiedProPRelationRank.Kummer.LocalReciprocityCharacterFixedField (18s)
✔ [6696/6832] Built UnitDistance.Upstream.Yamaguchi.SawinTotallyRealTowers.UnramifiedProPRelationRank.Local.LocalAbsoluteArtinEmbedding (20s)
✔ [6697/6832] Built UnitDistance.Upstream.Yamaguchi.SawinTotallyRealTowers.UnramifiedProPRelationRank.Local.LocalAbsoluteArtinSemilinear (18s)
✔ [6698/6832] Built UnitDistance.Upstream.Yamaguchi.SawinTotallyRealTowers.UnramifiedProPRelationRank.Local.FinitePlaceAbsoluteArtinAction (66s)
✔ [6699/6832] Built UnitDistance.Upstream.Yamaguchi.ClassFieldTheory.LocalClassFieldTheory.Finite.LocalReciprocity.FixedFieldIntrinsicReciprocity.PrimeComparison (442s)
✔ [6700/6832] Built UnitDistance.Upstream.Yamaguchi.ClassFieldTheory.LocalClassFieldTheory.Finite.LocalReciprocity.FixedFieldIntrinsicReciprocity.IntrinsicFrobeniusArtinComparison (13s)
✔ [6701/6832] Built UnitDistance.Upstream.Yamaguchi.ClassFieldTheory.LocalClassFieldTheory.Finite.LocalReciprocity.Core (4.0s)
✔ [6702/6832] Built UnitDistance.Upstream.Yamaguchi.ClassFieldTheory.LocalClassFieldTheory.Finite.LocalReciprocity.Filtered.Unramified (5.9s)
⚠ [6703/6832] Built UnitDistance.Upstream.Yamaguchi.ClassFieldTheory.LocalClassFieldTheory.Finite.LocalReciprocity.Filtered.AbstractUnramified (52s)
warning: UnitDistance/Upstream/Yamaguchi/ClassFieldTheory/LocalClassFieldTheory/Finite/LocalReciprocity/Filtered/AbstractUnramified.lean:371:2: Try this: 
  letI̵

The goal is a proposition, so `let` is preferred over `letI`.
The difference between `let` and `letI` is that `letI` inlines the value.
But this is not relevant for proofs because of proof irrelevance.

Note: This linter can be disabled with `set_option linter.style.haveILetI false`
warning: UnitDistance/Upstream/Yamaguchi/ClassFieldTheory/LocalClassFieldTheory/Finite/LocalReciprocity/Filtered/AbstractUnramified.lean:388:2: Try this: 
  letI̵

The goal is a proposition, so `let` is preferred over `letI`.
The difference between `let` and `letI` is that `letI` inlines the value.
But this is not relevant for proofs because of proof irrelevance.

Note: This linter can be disabled with `set_option linter.style.haveILetI false`
warning: UnitDistance/Upstream/Yamaguchi/ClassFieldTheory/LocalClassFieldTheory/Finite/LocalReciprocity/Filtered/AbstractUnramified.lean:393:2: Try this: 
  letI̵

The goal is a proposition, so `let` is preferred over `letI`.
The difference between `let` and `letI` is that `letI` inlines the value.
But this is not relevant for proofs because of proof irrelevance.

Note: This linter can be disabled with `set_option linter.style.haveILetI false`
warning: UnitDistance/Upstream/Yamaguchi/ClassFieldTheory/LocalClassFieldTheory/Finite/LocalReciprocity/Filtered/AbstractUnramified.lean:423:8: Try this: 
  letI̵

The goal is a proposition, so `let` is preferred over `letI`.
The difference between `let` and `letI` is that `letI` inlines the value.
But this is not relevant for proofs because of proof irrelevance.

Note: This linter can be disabled with `set_option linter.style.haveILetI false`
warning: UnitDistance/Upstream/Yamaguchi/ClassFieldTheory/LocalClassFieldTheory/Finite/LocalReciprocity/Filtered/AbstractUnramified.lean:411:6: Unused tactic linter: `all_goals rfl` does nothing

Note: This linter can be disabled with `set_option linter.unusedTactic false`
warning: UnitDistance/Upstream/Yamaguchi/ClassFieldTheory/LocalClassFieldTheory/Finite/LocalReciprocity/Filtered/AbstractUnramified.lean:462:4: Unused tactic linter: `change @Module.finrank 𝓀[K] 𝓀[E] _ _ algebraModule = _` does nothing

Note: This linter can be disabled with `set_option linter.unusedTactic false`
warning: UnitDistance/Upstream/Yamaguchi/ClassFieldTheory/LocalClassFieldTheory/Finite/LocalReciprocity/Filtered/AbstractUnramified.lean:411:16: this tactic is never executed

Note: This linter can be disabled with `set_option linter.unreachableTactic false`
✔ [6704/6832] Built UnitDistance.Upstream.Yamaguchi.ClassFieldTheory.LocalClassFieldTheory.Finite.LocalReciprocity.Filtered.InertiaUnramifiedExtension (13s)
✔ [6705/6832] Built UnitDistance.Upstream.Yamaguchi.SawinTotallyRealTowers.UnramifiedProPRelationRank.Kummer.LocalUnramifiedArtinKummerRange (8.7s)
✔ [6706/6832] Built UnitDistance.Upstream.Yamaguchi.SawinTotallyRealTowers.UnramifiedProPRelationRank.Local.LocalFiniteInertiaUnramified (12s)
✔ [6707/6832] Built UnitDistance.Upstream.Yamaguchi.SawinTotallyRealTowers.UnramifiedProPRelationRank.Radical.FinitePlaceAdicInertiaTransport (14s)
✔ [6708/6832] Built UnitDistance.Upstream.Yamaguchi.SawinTotallyRealTowers.UnramifiedProPRelationRank.Kummer.LocalReciprocityUnramifiedValuation (17s)
⚠ [6709/6832] Built UnitDistance.LocalInertiaFiniteImage (10s)
warning: UnitDistance/LocalInertiaFiniteImage.lean:38:2: Try this: 
  letI̵

The goal is a proposition, so `let` is preferred over `letI`.
The difference between `let` and `letI` is that `letI` inlines the value.
But this is not relevant for proofs because of proof irrelevance.

Note: This linter can be disabled with `set_option linter.style.haveILetI false`
warning: UnitDistance/LocalInertiaFiniteImage.lean:39:2: Try this: 
  letI̵

The goal is a proposition, so `let` is preferred over `letI`.
The difference between `let` and `letI` is that `letI` inlines the value.
But this is not relevant for proofs because of proof irrelevance.

Note: This linter can be disabled with `set_option linter.style.haveILetI false`
warning: UnitDistance/LocalInertiaFiniteImage.lean:40:2: Try this: 
  letI̵

The goal is a proposition, so `let` is preferred over `letI`.
The difference between `let` and `letI` is that `letI` inlines the value.
But this is not relevant for proofs because of proof irrelevance.

Note: This linter can be disabled with `set_option linter.style.haveILetI false`
warning: UnitDistance/LocalInertiaFiniteImage.lean:41:2: Try this: 
  letI̵

The goal is a proposition, so `let` is preferred over `letI`.
The difference between `let` and `letI` is that `letI` inlines the value.
But this is not relevant for proofs because of proof irrelevance.

Note: This linter can be disabled with `set_option linter.style.haveILetI false`
warning: UnitDistance/LocalInertiaFiniteImage.lean:43:2: Try this: 
  letI̵

The goal is a proposition, so `let` is preferred over `letI`.
The difference between `let` and `letI` is that `letI` inlines the value.
But this is not relevant for proofs because of proof irrelevance.

Note: This linter can be disabled with `set_option linter.style.haveILetI false`
warning: UnitDistance/LocalInertiaFiniteImage.lean:44:2: Try this: 
  letI̵

The goal is a proposition, so `let` is preferred over `letI`.
The difference between `let` and `letI` is that `letI` inlines the value.
But this is not relevant for proofs because of proof irrelevance.

Note: This linter can be disabled with `set_option linter.style.haveILetI false`
✔ [6710/6832] Built UnitDistance.Upstream.Yamaguchi.SawinTotallyRealTowers.UnramifiedProPRelationRank.Kummer.LocalReciprocityUnramifiedUnits (8.8s)
✔ [6711/6832] Built UnitDistance.ArithmeticDyadicInertiaCards (7.4s)
⚠ [6712/6832] Built UnitDistance.Upstream.Yamaguchi.SawinTotallyRealTowers.UnramifiedProPRelationRank.Local.FinitePlaceInertiaFixedUnramified (34s)
warning: UnitDistance/Upstream/Yamaguchi/SawinTotallyRealTowers/UnramifiedProPRelationRank/Local/FinitePlaceInertiaFixedUnramified.lean:97:2: Try this: 
  letI̵

The goal is a proposition, so `let` is preferred over `letI`.
The difference between `let` and `letI` is that `letI` inlines the value.
But this is not relevant for proofs because of proof irrelevance.

Note: This linter can be disabled with `set_option linter.style.haveILetI false`
✔ [6713/6832] Built UnitDistance.ChosenPrimeInertiaImage (15s)
✔ [6714/6832] Built UnitDistance.Upstream.Yamaguchi.SawinTotallyRealTowers.UnramifiedProPRelationRank.Radical.FinitePlaceReciprocityUnramifiedUnits (6.8s)
⚠ [6715/6832] Built UnitDistance.RetainedDyadicDifferentInertia (12s)
warning: UnitDistance/RetainedDyadicDifferentInertia.lean:34:2: Try this: 
  letI̵

The goal is a proposition, so `let` is preferred over `letI`.
The difference between `let` and `letI` is that `letI` inlines the value.
But this is not relevant for proofs because of proof irrelevance.

Note: This linter can be disabled with `set_option linter.style.haveILetI false`
⚠ [6716/6832] Built UnitDistance.OddAbsoluteFinitePairs (22s)
warning: UnitDistance/OddAbsoluteFinitePairs.lean:51:2: Try this: 
  letI̵

The goal is a proposition, so `let` is preferred over `letI`.
The difference between `let` and `letI` is that `letI` inlines the value.
But this is not relevant for proofs because of proof irrelevance.

Note: This linter can be disabled with `set_option linter.style.haveILetI false`
warning: UnitDistance/OddAbsoluteFinitePairs.lean:55:2: Try this: 
  letI̵

The goal is a proposition, so `let` is preferred over `letI`.
The difference between `let` and `letI` is that `letI` inlines the value.
But this is not relevant for proofs because of proof irrelevance.

Note: This linter can be disabled with `set_option linter.style.haveILetI false`
warning: UnitDistance/OddAbsoluteFinitePairs.lean:59:2: Try this: 
  letI̵

The goal is a proposition, so `let` is preferred over `letI`.
The difference between `let` and `letI` is that `letI` inlines the value.
But this is not relevant for proofs because of proof irrelevance.

Note: This linter can be disabled with `set_option linter.style.haveILetI false`
warning: UnitDistance/OddAbsoluteFinitePairs.lean:61:2: Try this: 
  letI̵

The goal is a proposition, so `let` is preferred over `letI`.
The difference between `let` and `letI` is that `letI` inlines the value.
But this is not relevant for proofs because of proof irrelevance.

Note: This linter can be disabled with `set_option linter.style.haveILetI false`
warning: UnitDistance/OddAbsoluteFinitePairs.lean:62:2: Try this: 
  letI̵

The goal is a proposition, so `let` is preferred over `letI`.
The difference between `let` and `letI` is that `letI` inlines the value.
But this is not relevant for proofs because of proof irrelevance.

Note: This linter can be disabled with `set_option linter.style.haveILetI false`
warning: UnitDistance/OddAbsoluteFinitePairs.lean:63:2: Try this: 
  letI̵

The goal is a proposition, so `let` is preferred over `letI`.
The difference between `let` and `letI` is that `letI` inlines the value.
But this is not relevant for proofs because of proof irrelevance.

Note: This linter can be disabled with `set_option linter.style.haveILetI false`
warning: UnitDistance/OddAbsoluteFinitePairs.lean:64:2: Try this: 
  letI̵

The goal is a proposition, so `let` is preferred over `letI`.
The difference between `let` and `letI` is that `letI` inlines the value.
But this is not relevant for proofs because of proof irrelevance.

Note: This linter can be disabled with `set_option linter.style.haveILetI false`
warning: UnitDistance/OddAbsoluteFinitePairs.lean:65:2: Try this: 
  letI̵

The goal is a proposition, so `let` is preferred over `letI`.
The difference between `let` and `letI` is that `letI` inlines the value.
But this is not relevant for proofs because of proof irrelevance.

Note: This linter can be disabled with `set_option linter.style.haveILetI false`
warning: UnitDistance/OddAbsoluteFinitePairs.lean:66:2: Try this: 
  letI̵

The goal is a proposition, so `let` is preferred over `letI`.
The difference between `let` and `letI` is that `letI` inlines the value.
But this is not relevant for proofs because of proof irrelevance.

Note: This linter can be disabled with `set_option linter.style.haveILetI false`
warning: UnitDistance/OddAbsoluteFinitePairs.lean:67:2: Try this: 
  letI̵

The goal is a proposition, so `let` is preferred over `letI`.
The difference between `let` and `letI` is that `letI` inlines the value.
But this is not relevant for proofs because of proof irrelevance.

Note: This linter can be disabled with `set_option linter.style.haveILetI false`
warning: UnitDistance/OddAbsoluteFinitePairs.lean:69:2: Try this: 
  letI̵

The goal is a proposition, so `let` is preferred over `letI`.
The difference between `let` and `letI` is that `letI` inlines the value.
But this is not relevant for proofs because of proof irrelevance.

Note: This linter can be disabled with `set_option linter.style.haveILetI false`
warning: UnitDistance/OddAbsoluteFinitePairs.lean:70:2: Try this: 
  letI̵

The goal is a proposition, so `let` is preferred over `letI`.
The difference between `let` and `letI` is that `letI` inlines the value.
But this is not relevant for proofs because of proof irrelevance.

Note: This linter can be disabled with `set_option linter.style.haveILetI false`
✔ [6717/6832] Built UnitDistance.AbsoluteProPFactor (11s)
⚠ [6718/6832] Built UnitDistance.AbsolutePrimeIndices (7.7s)
warning: UnitDistance/AbsolutePrimeIndices.lean:26:2: Try this: 
  letI̵

The goal is a proposition, so `let` is preferred over `letI`.
The difference between `let` and `letI` is that `letI` inlines the value.
But this is not relevant for proofs because of proof irrelevance.

Note: This linter can be disabled with `set_option linter.style.haveILetI false`
warning: UnitDistance/AbsolutePrimeIndices.lean:27:2: Try this: 
  letI̵

The goal is a proposition, so `let` is preferred over `letI`.
The difference between `let` and `letI` is that `letI` inlines the value.
But this is not relevant for proofs because of proof irrelevance.

Note: This linter can be disabled with `set_option linter.style.haveILetI false`
warning: UnitDistance/AbsolutePrimeIndices.lean:21:0: automatically included section variable(s) unused in theorem `UnitDistance.PrimeCompletion.finitePlaceCentre_liesOver_rationalPrime`:
  [IsGalois ℚ M]
consider restructuring your `variable` declarations so that the variables are not in scope or explicitly omit them:
  omit [IsGalois ℚ M] in theorem ...

Note: This linter can be disabled with `set_option linter.unusedSectionVars false`
warning: UnitDistance/AbsolutePrimeIndices.lean:47:2: Try this: 
  letI̵

The goal is a proposition, so `let` is preferred over `letI`.
The difference between `let` and `letI` is that `letI` inlines the value.
But this is not relevant for proofs because of proof irrelevance.

Note: This linter can be disabled with `set_option linter.style.haveILetI false`
warning: UnitDistance/AbsolutePrimeIndices.lean:58:2: Try this: 
  letI̵

The goal is a proposition, so `let` is preferred over `letI`.
The difference between `let` and `letI` is that `letI` inlines the value.
But this is not relevant for proofs because of proof irrelevance.

Note: This linter can be disabled with `set_option linter.style.haveILetI false`
⚠ [6719/6832] Built UnitDistance.RetainedDyadicDifferentGenerator (12s)
warning: UnitDistance/RetainedDyadicDifferentGenerator.lean:331:21: `simp` already closes the goal

Hint: Use `simp` instead of `simpa`:
  [apply] simp

Note: This linter can be disabled with `set_option linter.unnecessarySimpa false`
✔ [6720/6832] Built UnitDistance.SigmaAbsoluteLocalRestriction (9.0s)
⚠ [6721/6832] Built UnitDistance.SigmaAbsoluteOddRelations (12s)
warning: UnitDistance/SigmaAbsoluteOddRelations.lean:25:2: Try this: 
  letI̵

The goal is a proposition, so `let` is preferred over `letI`.
The difference between `let` and `letI` is that `letI` inlines the value.
But this is not relevant for proofs because of proof irrelevance.

Note: This linter can be disabled with `set_option linter.style.haveILetI false`
warning: UnitDistance/SigmaAbsoluteOddRelations.lean:28:2: Try this: 
  letI̵

The goal is a proposition, so `let` is preferred over `letI`.
The difference between `let` and `letI` is that `letI` inlines the value.
But this is not relevant for proofs because of proof irrelevance.

Note: This linter can be disabled with `set_option linter.style.haveILetI false`
warning: UnitDistance/SigmaAbsoluteOddRelations.lean:29:2: Try this: 
  letI̵

The goal is a proposition, so `let` is preferred over `letI`.
The difference between `let` and `letI` is that `letI` inlines the value.
But this is not relevant for proofs because of proof irrelevance.

Note: This linter can be disabled with `set_option linter.style.haveILetI false`
warning: UnitDistance/SigmaAbsoluteOddRelations.lean:30:2: Try this: 
  letI̵

The goal is a proposition, so `let` is preferred over `letI`.
The difference between `let` and `letI` is that `letI` inlines the value.
But this is not relevant for proofs because of proof irrelevance.

Note: This linter can be disabled with `set_option linter.style.haveILetI false`
⚠ [6722/6832] Built UnitDistance.OddAbsoluteFiniteGeneration (28s)
warning: UnitDistance/OddAbsoluteFiniteGeneration.lean:53:2: Try this: 
  letI̵

The goal is a proposition, so `let` is preferred over `letI`.
The difference between `let` and `letI` is that `letI` inlines the value.
But this is not relevant for proofs because of proof irrelevance.

Note: This linter can be disabled with `set_option linter.style.haveILetI false`
warning: UnitDistance/OddAbsoluteFiniteGeneration.lean:57:2: Try this: 
  letI̵

The goal is a proposition, so `let` is preferred over `letI`.
The difference between `let` and `letI` is that `letI` inlines the value.
But this is not relevant for proofs because of proof irrelevance.

Note: This linter can be disabled with `set_option linter.style.haveILetI false`
warning: UnitDistance/OddAbsoluteFiniteGeneration.lean:61:2: Try this: 
  letI̵

The goal is a proposition, so `let` is preferred over `letI`.
The difference between `let` and `letI` is that `letI` inlines the value.
But this is not relevant for proofs because of proof irrelevance.

Note: This linter can be disabled with `set_option linter.style.haveILetI false`
warning: UnitDistance/OddAbsoluteFiniteGeneration.lean:63:2: Try this: 
  letI̵

The goal is a proposition, so `let` is preferred over `letI`.
The difference between `let` and `letI` is that `letI` inlines the value.
But this is not relevant for proofs because of proof irrelevance.

Note: This linter can be disabled with `set_option linter.style.haveILetI false`
warning: UnitDistance/OddAbsoluteFiniteGeneration.lean:64:2: Try this: 
  letI̵

The goal is a proposition, so `let` is preferred over `letI`.
The difference between `let` and `letI` is that `letI` inlines the value.
But this is not relevant for proofs because of proof irrelevance.

Note: This linter can be disabled with `set_option linter.style.haveILetI false`
warning: UnitDistance/OddAbsoluteFiniteGeneration.lean:65:2: Try this: 
  letI̵

The goal is a proposition, so `let` is preferred over `letI`.
The difference between `let` and `letI` is that `letI` inlines the value.
But this is not relevant for proofs because of proof irrelevance.

Note: This linter can be disabled with `set_option linter.style.haveILetI false`
warning: UnitDistance/OddAbsoluteFiniteGeneration.lean:66:2: Try this: 
  letI̵

The goal is a proposition, so `let` is preferred over `letI`.
The difference between `let` and `letI` is that `letI` inlines the value.
But this is not relevant for proofs because of proof irrelevance.

Note: This linter can be disabled with `set_option linter.style.haveILetI false`
warning: UnitDistance/OddAbsoluteFiniteGeneration.lean:67:2: Try this: 
  letI̵

The goal is a proposition, so `let` is preferred over `letI`.
The difference between `let` and `letI` is that `letI` inlines the value.
But this is not relevant for proofs because of proof irrelevance.

Note: This linter can be disabled with `set_option linter.style.haveILetI false`
warning: UnitDistance/OddAbsoluteFiniteGeneration.lean:68:2: Try this: 
  letI̵

The goal is a proposition, so `let` is preferred over `letI`.
The difference between `let` and `letI` is that `letI` inlines the value.
But this is not relevant for proofs because of proof irrelevance.

Note: This linter can be disabled with `set_option linter.style.haveILetI false`
warning: UnitDistance/OddAbsoluteFiniteGeneration.lean:69:2: Try this: 
  letI̵

The goal is a proposition, so `let` is preferred over `letI`.
The difference between `let` and `letI` is that `letI` inlines the value.
But this is not relevant for proofs because of proof irrelevance.

Note: This linter can be disabled with `set_option linter.style.haveILetI false`
warning: UnitDistance/OddAbsoluteFiniteGeneration.lean:70:2: Try this: 
  letI̵

The goal is a proposition, so `let` is preferred over `letI`.
The difference between `let` and `letI` is that `letI` inlines the value.
But this is not relevant for proofs because of proof irrelevance.

Note: This linter can be disabled with `set_option linter.style.haveILetI false`
warning: UnitDistance/OddAbsoluteFiniteGeneration.lean:72:2: Try this: 
  letI̵

The goal is a proposition, so `let` is preferred over `letI`.
The difference between `let` and `letI` is that `letI` inlines the value.
But this is not relevant for proofs because of proof irrelevance.

Note: This linter can be disabled with `set_option linter.style.haveILetI false`
warning: UnitDistance/OddAbsoluteFiniteGeneration.lean:73:2: Try this: 
  letI̵

The goal is a proposition, so `let` is preferred over `letI`.
The difference between `let` and `letI` is that `letI` inlines the value.
But this is not relevant for proofs because of proof irrelevance.

Note: This linter can be disabled with `set_option linter.style.haveILetI false`
warning: UnitDistance/OddAbsoluteFiniteGeneration.lean:111:2: Try this: 
  letI̵

The goal is a proposition, so `let` is preferred over `letI`.
The difference between `let` and `letI` is that `letI` inlines the value.
But this is not relevant for proofs because of proof irrelevance.

Note: This linter can be disabled with `set_option linter.style.haveILetI false`
⚠ [6723/6832] Built UnitDistance.SigmaAbsoluteOddGeneration (19s)
warning: UnitDistance/SigmaAbsoluteOddGeneration.lean:29:2: Try this: 
  letI̵

The goal is a proposition, so `let` is preferred over `letI`.
The difference between `let` and `letI` is that `letI` inlines the value.
But this is not relevant for proofs because of proof irrelevance.

Note: This linter can be disabled with `set_option linter.style.haveILetI false`
warning: UnitDistance/SigmaAbsoluteOddGeneration.lean:32:2: Try this: 
  letI̵

The goal is a proposition, so `let` is preferred over `letI`.
The difference between `let` and `letI` is that `letI` inlines the value.
But this is not relevant for proofs because of proof irrelevance.

Note: This linter can be disabled with `set_option linter.style.haveILetI false`
warning: UnitDistance/SigmaAbsoluteOddGeneration.lean:33:2: Try this: 
  letI̵

The goal is a proposition, so `let` is preferred over `letI`.
The difference between `let` and `letI` is that `letI` inlines the value.
But this is not relevant for proofs because of proof irrelevance.

Note: This linter can be disabled with `set_option linter.style.haveILetI false`
warning: UnitDistance/SigmaAbsoluteOddGeneration.lean:34:2: Try this: 
  letI̵

The goal is a proposition, so `let` is preferred over `letI`.
The difference between `let` and `letI` is that `letI` inlines the value.
But this is not relevant for proofs because of proof irrelevance.

Note: This linter can be disabled with `set_option linter.style.haveILetI false`
warning: UnitDistance/SigmaAbsoluteOddGeneration.lean:139:2: Try this: 
  letI̵

The goal is a proposition, so `let` is preferred over `letI`.
The difference between `let` and `letI` is that `letI` inlines the value.
But this is not relevant for proofs because of proof irrelevance.

Note: This linter can be disabled with `set_option linter.style.haveILetI false`
warning: UnitDistance/SigmaAbsoluteOddGeneration.lean:141:2: Try this: 
  letI̵

The goal is a proposition, so `let` is preferred over `letI`.
The difference between `let` and `letI` is that `letI` inlines the value.
But this is not relevant for proofs because of proof irrelevance.

Note: This linter can be disabled with `set_option linter.style.haveILetI false`
✔ [6724/6832] Built UnitDistance.SigmaOriginalRelators (21s)
✔ [6725/6832] Built UnitDistance.SigmaOddFiniteGeneration (8.2s)
⚠ [6726/6832] Built UnitDistance.SigmaRelatorGeneration (8.8s)
warning: UnitDistance/SigmaRelatorGeneration.lean:27:2: Try this: 
  letI̵

The goal is a proposition, so `let` is preferred over `letI`.
The difference between `let` and `letI` is that `letI` inlines the value.
But this is not relevant for proofs because of proof irrelevance.

Note: This linter can be disabled with `set_option linter.style.haveILetI false`
✔ [6727/6832] Built UnitDistance.SigmaCut (9.3s)
⚠ [6728/6832] Built UnitDistance.SigmaOddLocalImage (7.2s)
warning: UnitDistance/SigmaOddLocalImage.lean:20:0: automatically included section variable(s) unused in theorem `UnitDistance.ArithmeticProP.sigmaOdd_inertia_base`:
  [DiscreteTopology P]
consider restructuring your `variable` declarations so that the variables are not in scope or explicitly omit them:
  omit [DiscreteTopology P] in theorem ...

Note: This linter can be disabled with `set_option linter.unusedSectionVars false`
warning: UnitDistance/SigmaOddLocalImage.lean:26:0: automatically included section variable(s) unused in theorem `UnitDistance.ArithmeticProP.sigmaOdd_frobenius_base`:
  [DiscreteTopology P]
consider restructuring your `variable` declarations so that the variables are not in scope or explicitly omit them:
  omit [DiscreteTopology P] in theorem ...

Note: This linter can be disabled with `set_option linter.unusedSectionVars false`
warning: UnitDistance/SigmaOddLocalImage.lean:33:0: automatically included section variable(s) unused in theorem `UnitDistance.ArithmeticProP.sigmaOdd_image_commute`:
  [DiscreteTopology P]
consider restructuring your `variable` declarations so that the variables are not in scope or explicitly omit them:
  omit [DiscreteTopology P] in theorem ...

Note: This linter can be disabled with `set_option linter.unusedSectionVars false`
✔ [6729/6832] Built UnitDistance.SigmaCutDyadic (6.3s)
⚠ [6730/6832] Built UnitDistance.Upstream.Yamaguchi.ClassFieldTheory.GlobalClassFieldTheory.Reciprocity.IdeleClassDirectLimitFixedPoints (354s)
warning: UnitDistance/Upstream/Yamaguchi/ClassFieldTheory/GlobalClassFieldTheory/Reciprocity/IdeleClassDirectLimitFixedPoints.lean:52:20: `TensorProduct.induction_on` has been deprecated: Use `TensorProduction.inductionOn` instead
✔ [6731/6832] Built UnitDistance.SigmaCutCyclic (7.4s)
✔ [6732/6832] Built UnitDistance.SigmaCutDyadicDecomposition (8.2s)
⚠ [6733/6832] Built UnitDistance.SigmaCutOdd (11s)
warning: UnitDistance/SigmaCutOdd.lean:72:80: This simp argument is unused:
  retained_projection

Hint: Omit it from the simp argument list.
  [apply] simp only [MonoidHom.coe_comp, Function.comp_apply, oddMap_inertia, oddInertia]

Note: This linter can be disabled with `set_option linter.unusedSimpArgs false`
warning: UnitDistance/SigmaCutOdd.lean:74:84: This simp argument is unused:
  retained_projection

Hint: Omit it from the simp argument list.
  [apply] simp only [MonoidHom.coe_comp, Function.comp_apply, oddMap_frobenius, oddFrobenius]

Note: This linter can be disabled with `set_option linter.unusedSimpArgs false`
✔ [6734/6832] Built UnitDistance.SigmaCutDyadicInertia (7.7s)
⚠ [6735/6832] Built UnitDistance.SigmaCutExtraDecomposition (8.9s)
warning: UnitDistance/SigmaCutExtraDecomposition.lean:57:0: automatically included section variable(s) unused in theorem `UnitDistance.ArithmeticProP.SigmaCut.extra_inertia_killed`:
  [DiscreteTopology H]
consider restructuring your `variable` declarations so that the variables are not in scope or explicitly omit them:
  omit [DiscreteTopology H] in theorem ...

Note: This linter can be disabled with `set_option linter.unusedSectionVars false`
warning: UnitDistance/SigmaCutExtraDecomposition.lean:66:0: automatically included section variable(s) unused in theorem `UnitDistance.ArithmeticProP.SigmaCut.extra_finiteMap_injective`:
  [DiscreteTopology H]
consider restructuring your `variable` declarations so that the variables are not in scope or explicitly omit them:
  omit [DiscreteTopology H] in theorem ...

Note: This linter can be disabled with `set_option linter.unusedSectionVars false`
✔ [6736/6832] Built UnitDistance.SigmaCutOddDecomposition (8.3s)
✔ [6737/6832] Built UnitDistance.SigmaCutLocalFamily (8.2s)
✔ [6738/6832] Built UnitDistance.SigmaDyadicInertiaCard (9.6s)
✔ [6739/6832] Built UnitDistance.SigmaCutLocalGenus (7.4s)
✔ [6740/6832] Built UnitDistance.SigmaCutAbsoluteGenus (11s)
✔ [6741/6832] Built UnitDistance.SigmaCutFiniteLocalData (14s)
✔ [6742/6832] Built UnitDistance.RetainedSelectedLocalData (7.6s)
✔ [6743/6832] Built UnitDistance.SigmaCutFiniteRestriction (9.5s)
✔ [6744/6832] Built UnitDistance.RetainedSelectedIndices (6.1s)
✔ [6745/6832] Built UnitDistance.SigmaCutFiniteArithmetic (7.1s)
⚠ [6746/6832] Built UnitDistance.SigmaCutLocalWords (48s)
warning: UnitDistance/SigmaCutLocalWords.lean:65:2: Unused tactic linter: `all_goals try simp only [map_mul, map_inv, map_pow, FreeGroup.lift_apply_of]` does nothing

Note: This linter can be disabled with `set_option linter.unusedTactic false`
warning: UnitDistance/SigmaCutLocalWords.lean:77:2: Unused tactic linter: `all_goals try simp only [map_mul, map_inv, map_pow, FreeGroup.lift_apply_of]` does nothing

Note: This linter can be disabled with `set_option linter.unusedTactic false`
warning: UnitDistance/SigmaCutLocalWords.lean:130:2: Unused tactic linter: `all_goals try simp only [map_mul, map_inv, map_pow, FreeGroup.lift_apply_of]` does nothing

Note: This linter can be disabled with `set_option linter.unusedTactic false`
✔ [6747/6832] Built UnitDistance.SigmaCutCompletedPresentation (5.1s)
⚠ [6748/6832] Built UnitDistance.SigmaCutInfinite (5.6s)
warning: UnitDistance/SigmaCutInfinite.lean:25:2: Try this: 
  haveI̵

The goal is a proposition, so `have` is preferred over `haveI`.
The difference between `have` and `haveI` is that `haveI` inlines the value.
But this is not relevant for proofs because of proof irrelevance.

Note: This linter can be disabled with `set_option linter.style.haveILetI false`
✔ [6749/6832] Built UnitDistance.SigmaCutArithmeticWitness (5.4s)
⚠ [6750/6832] Built UnitDistance.SigmaCutFamily (10s)
warning: UnitDistance/SigmaCutFamily.lean:52:2: Try this: 
  letI̵

The goal is a proposition, so `let` is preferred over `letI`.
The difference between `let` and `letI` is that `letI` inlines the value.
But this is not relevant for proofs because of proof irrelevance.

Note: This linter can be disabled with `set_option linter.style.haveILetI false`
warning: UnitDistance/SigmaCutFamily.lean:60:2: Try this: 
  letI̵

The goal is a proposition, so `let` is preferred over `letI`.
The difference between `let` and `letI` is that `letI` inlines the value.
But this is not relevant for proofs because of proof irrelevance.

Note: This linter can be disabled with `set_option linter.style.haveILetI false`
✔ [6751/6832] Built UnitDistance.Upstream.Yamaguchi.ClassFieldTheory.GlobalClassFieldTheory.Reciprocity.IdeleClassDirectLimitAbstractFixedField (96s)
✔ [6752/6832] Built UnitDistance.SigmaCutFamilyRamification (8.3s)
✔ [6753/6832] Built UnitDistance.SigmaCutFamilyPrimeFreedom (8.4s)
⚠ [6754/6832] Built UnitDistance.SigmaCutTarget (6.0s)
warning: UnitDistance/SigmaCutTarget.lean:29:2: Try this: 
  letI̵

The goal is a proposition, so `let` is preferred over `letI`.
The difference between `let` and `letI` is that `letI` inlines the value.
But this is not relevant for proofs because of proof irrelevance.

Note: This linter can be disabled with `set_option linter.style.haveILetI false`
info: UnitDistance/SigmaCutTarget.lean:44:0: 'UnitDistance.ArithmeticProP.SigmaCut.target_of_arithmeticPresentation' depends on axioms: [propext,
 Classical.choice,
 Quot.sound]
✔ [6755/6832] Built UnitDistance.Upstream.Yamaguchi.ClassFieldTheory.GlobalClassFieldTheory.Reciprocity.IdeleClassDirectLimitExtension (46s)
✖ [6756/6832] Building UnitDistance.Upstream.Yamaguchi.ClassFieldTheory.GlobalClassFieldTheory.Reciprocity.CyclotomicIdeleClassValuation (54s)
trace: .> LEAN_PATH=/mnt/disks/data/lean-shared/v4.35.0-rc2-mathlib-065356127b/packages/Cli/.lake/build/lib/lean:/mnt/disks/data/lean-shared/v4.35.0-rc2-mathlib-065356127b/packages/batteries/.lake/build/lib/lean:/mnt/disks/data/lean-shared/v4.35.0-rc2-mathlib-065356127b/packages/Qq/.lake/build/lib/lean:/mnt/disks/data/lean-shared/v4.35.0-rc2-mathlib-065356127b/packages/aesop/.lake/build/lib/lean:/mnt/disks/data/lean-shared/v4.35.0-rc2-mathlib-065356127b/packages/proofwidgets/.lake/build/lib/lean:/mnt/disks/data/lean-shared/v4.35.0-rc2-mathlib-065356127b/packages/importGraph/.lake/build/lib/lean:/mnt/disks/data/lean-shared/v4.35.0-rc2-mathlib-065356127b/packages/LeanSearchClient/.lake/build/lib/lean:/mnt/disks/data/lean-shared/v4.35.0-rc2-mathlib-065356127b/packages/plausible/.lake/build/lib/lean:/mnt/disks/data/lean-shared/v4.35.0-rc2-mathlib-065356127b/packages/mathlib/.lake/build/lib/lean:/home/naslund_eric/src/enaslund/unit-distance-bound/master/lean-formalization/.cache/build-tmp/module-port-20260928-build/source/.lake/build/lib/lean /home/naslund_eric/.local/share/lean/toolchains/leanprover--lean4---v4.35.0-rc2/bin/lean /home/naslund_eric/src/enaslund/unit-distance-bound/master/lean-formalization/.cache/build-tmp/module-port-20260928-build/source/UnitDistance/Upstream/Yamaguchi/ClassFieldTheory/GlobalClassFieldTheory/Reciprocity/CyclotomicIdeleClassValuation.lean -o /home/naslund_eric/src/enaslund/unit-distance-bound/master/lean-formalization/.cache/build-tmp/module-port-20260928-build/source/.lake/build/lib/lean/UnitDistance/Upstream/Yamaguchi/ClassFieldTheory/GlobalClassFieldTheory/Reciprocity/CyclotomicIdeleClassValuation.olean -i /home/naslund_eric/src/enaslund/unit-distance-bound/master/lean-formalization/.cache/build-tmp/module-port-20260928-build/source/.lake/build/lib/lean/UnitDistance/Upstream/Yamaguchi/ClassFieldTheory/GlobalClassFieldTheory/Reciprocity/CyclotomicIdeleClassValuation.ilean -c /home/naslund_eric/src/enaslund/unit-distance-bound/master/lean-formalization/.cache/build-tmp/module-port-20260928-build/source/.lake/build/ir/UnitDistance/Upstream/Yamaguchi/ClassFieldTheory/GlobalClassFieldTheory/Reciprocity/CyclotomicIdeleClassValuation.c --setup /home/naslund_eric/src/enaslund/unit-distance-bound/master/lean-formalization/.cache/build-tmp/module-port-20260928-build/source/.lake/build/ir/UnitDistance/Upstream/Yamaguchi/ClassFieldTheory/GlobalClassFieldTheory/Reciprocity/CyclotomicIdeleClassValuation.setup.json --json
warning: UnitDistance/Upstream/Yamaguchi/ClassFieldTheory/GlobalClassFieldTheory/Reciprocity/CyclotomicIdeleClassValuation.lean:110:2: Private declaration `ideleClassContinuousQuotientLift` accessed publicly; this is allowed only because the `backward.privateInPublic` option is enabled. 

Disable `backward.privateInPublic.warn` to silence this warning.
warning: UnitDistance/Upstream/Yamaguchi/ClassFieldTheory/GlobalClassFieldTheory/Reciprocity/CyclotomicIdeleClassValuation.lean:113:4: Private declaration `rationalCyclotomicZHatIdeleValue_principalSubgroup_le_ker` accessed publicly; this is allowed only because the `backward.privateInPublic` option is enabled. 

Disable `backward.privateInPublic.warn` to silence this warning.
warning: UnitDistance/Upstream/Yamaguchi/ClassFieldTheory/GlobalClassFieldTheory/Reciprocity/CyclotomicIdeleClassValuation.lean:176:2: Private declaration `ideleClassContinuousQuotientLift` accessed publicly; this is allowed only because the `backward.privateInPublic` option is enabled. 

Disable `backward.privateInPublic.warn` to silence this warning.
warning: UnitDistance/Upstream/Yamaguchi/ClassFieldTheory/GlobalClassFieldTheory/Reciprocity/CyclotomicIdeleClassValuation.lean:179:5: Private declaration `normalizedCyclotomicZHatIdeleValue_principalSubgroup_le_ker` accessed publicly; this is allowed only because the `backward.privateInPublic` option is enabled. 

Disable `backward.privateInPublic.warn` to silence this warning.
warning: UnitDistance/Upstream/Yamaguchi/ClassFieldTheory/GlobalClassFieldTheory/Reciprocity/CyclotomicIdeleClassValuation.lean:485:3: Private declaration `numberFieldCyclotomicZHatFiniteLayerArtinData` accessed publicly; this is allowed only because the `backward.privateInPublic` option is enabled. 

Disable `backward.privateInPublic.warn` to silence this warning.
warning: UnitDistance/Upstream/Yamaguchi/ClassFieldTheory/GlobalClassFieldTheory/Reciprocity/CyclotomicIdeleClassValuation.lean:485:2: Private declaration `NumberFieldCyclotomicZHatFiniteLayerArtinData.toMonoidHom` accessed publicly; this is allowed only because the `backward.privateInPublic` option is enabled. 

Disable `backward.privateInPublic.warn` to silence this warning.
warning: UnitDistance/Upstream/Yamaguchi/ClassFieldTheory/GlobalClassFieldTheory/Reciprocity/CyclotomicIdeleClassValuation.lean:528:7: Private declaration `numberFieldCyclotomicZHatFiniteLayer_principalSubgroup_le_ker` accessed publicly; this is allowed only because the `backward.privateInPublic` option is enabled. 

Disable `backward.privateInPublic.warn` to silence this warning.
warning: UnitDistance/Upstream/Yamaguchi/ClassFieldTheory/GlobalClassFieldTheory/Reciprocity/CyclotomicIdeleClassValuation.lean:999:6: Private declaration `rationalAbstractFixedFieldFiniteDimensional` accessed publicly; this is allowed only because the `backward.privateInPublic` option is enabled. 

Disable `backward.privateInPublic.warn` to silence this warning.
warning: UnitDistance/Upstream/Yamaguchi/ClassFieldTheory/GlobalClassFieldTheory/Reciprocity/CyclotomicIdeleClassValuation.lean:1001:6: Private declaration `rationalAbstractFixedFieldNumberField` accessed publicly; this is allowed only because the `backward.privateInPublic` option is enabled. 

Disable `backward.privateInPublic.warn` to silence this warning.
error: UnitDistance/Upstream/Yamaguchi/ClassFieldTheory/GlobalClassFieldTheory/Reciprocity/CyclotomicIdeleClassValuation.lean:1100:7: failed to synthesize instance of type class
  NumberField ↥(LocalClassFieldTheory.abstractFixedField ℚ (SeparableClosure ℚ) H.field)

Hint: Type class instance resolution failures can be inspected with the `set_option trace.Meta.synthInstance true` command.
error: UnitDistance/Upstream/Yamaguchi/ClassFieldTheory/GlobalClassFieldTheory/Reciprocity/CyclotomicIdeleClassValuation.lean:1106:6: failed to synthesize instance of type class
  NumberField ↥(LocalClassFieldTheory.abstractFixedField ℚ (SeparableClosure ℚ) H.field)

Hint: Type class instance resolution failures can be inspected with the `set_option trace.Meta.synthInstance true` command.
error: UnitDistance/Upstream/Yamaguchi/ClassFieldTheory/GlobalClassFieldTheory/Reciprocity/CyclotomicIdeleClassValuation.lean:1137:7: failed to synthesize instance of type class
  NumberField ↥(LocalClassFieldTheory.abstractFixedField ℚ (SeparableClosure ℚ) H.field)

Hint: Type class instance resolution failures can be inspected with the `set_option trace.Meta.synthInstance true` command.
error: UnitDistance/Upstream/Yamaguchi/ClassFieldTheory/GlobalClassFieldTheory/Reciprocity/CyclotomicIdeleClassValuation.lean:1144:6: failed to synthesize instance of type class
  NumberField ↥(LocalClassFieldTheory.abstractFixedField ℚ (SeparableClosure ℚ) H.field)

Hint: Type class instance resolution failures can be inspected with the `set_option trace.Meta.synthInstance true` command.
error: UnitDistance/Upstream/Yamaguchi/ClassFieldTheory/GlobalClassFieldTheory/Reciprocity/CyclotomicIdeleClassValuation.lean:1146:47: unsolved goals
case calc.step
H : FiniteAbstractField Gal(SeparableClosure ℚ/ℚ)
c : Additive sorry
hdegree :
  let F := LocalClassFieldTheory.abstractFixedField ℚ (SeparableClosure ℚ) H.field;
  cyclotomicZHatIntersectionDegree ↥F = ↑(H.residueDegree rationalCyclotomicDegreeData)
F : IntermediateField ℚ (SeparableClosure ℚ) := LocalClassFieldTheory.abstractFixedField ℚ (SeparableClosure ℚ) H.field
this : NumberField ↥F := rationalAbstractFixedFieldNumberField H
⊢ ↑(H.residueDegree rationalCyclotomicDegreeData) • (normalizedCyclotomicZHatIdeleClassValueContinuous ↥F) sorry =
    (zHatMulNat ↑(H.residueDegree rationalCyclotomicDegreeData)) sorry
✖ [6758/6832] Building UnitDistance.Upstream.Yamaguchi.ClassFieldTheory.GlobalClassFieldTheory.Reciprocity.IdeleClassDirectLimitExtensionAction (72s)
trace: .> LEAN_PATH=/mnt/disks/data/lean-shared/v4.35.0-rc2-mathlib-065356127b/packages/Cli/.lake/build/lib/lean:/mnt/disks/data/lean-shared/v4.35.0-rc2-mathlib-065356127b/packages/batteries/.lake/build/lib/lean:/mnt/disks/data/lean-shared/v4.35.0-rc2-mathlib-065356127b/packages/Qq/.lake/build/lib/lean:/mnt/disks/data/lean-shared/v4.35.0-rc2-mathlib-065356127b/packages/aesop/.lake/build/lib/lean:/mnt/disks/data/lean-shared/v4.35.0-rc2-mathlib-065356127b/packages/proofwidgets/.lake/build/lib/lean:/mnt/disks/data/lean-shared/v4.35.0-rc2-mathlib-065356127b/packages/importGraph/.lake/build/lib/lean:/mnt/disks/data/lean-shared/v4.35.0-rc2-mathlib-065356127b/packages/LeanSearchClient/.lake/build/lib/lean:/mnt/disks/data/lean-shared/v4.35.0-rc2-mathlib-065356127b/packages/plausible/.lake/build/lib/lean:/mnt/disks/data/lean-shared/v4.35.0-rc2-mathlib-065356127b/packages/mathlib/.lake/build/lib/lean:/home/naslund_eric/src/enaslund/unit-distance-bound/master/lean-formalization/.cache/build-tmp/module-port-20260928-build/source/.lake/build/lib/lean /home/naslund_eric/.local/share/lean/toolchains/leanprover--lean4---v4.35.0-rc2/bin/lean /home/naslund_eric/src/enaslund/unit-distance-bound/master/lean-formalization/.cache/build-tmp/module-port-20260928-build/source/UnitDistance/Upstream/Yamaguchi/ClassFieldTheory/GlobalClassFieldTheory/Reciprocity/IdeleClassDirectLimitExtensionAction.lean -o /home/naslund_eric/src/enaslund/unit-distance-bound/master/lean-formalization/.cache/build-tmp/module-port-20260928-build/source/.lake/build/lib/lean/UnitDistance/Upstream/Yamaguchi/ClassFieldTheory/GlobalClassFieldTheory/Reciprocity/IdeleClassDirectLimitExtensionAction.olean -i /home/naslund_eric/src/enaslund/unit-distance-bound/master/lean-formalization/.cache/build-tmp/module-port-20260928-build/source/.lake/build/lib/lean/UnitDistance/Upstream/Yamaguchi/ClassFieldTheory/GlobalClassFieldTheory/Reciprocity/IdeleClassDirectLimitExtensionAction.ilean -c /home/naslund_eric/src/enaslund/unit-distance-bound/master/lean-formalization/.cache/build-tmp/module-port-20260928-build/source/.lake/build/ir/UnitDistance/Upstream/Yamaguchi/ClassFieldTheory/GlobalClassFieldTheory/Reciprocity/IdeleClassDirectLimitExtensionAction.c --setup /home/naslund_eric/src/enaslund/unit-distance-bound/master/lean-formalization/.cache/build-tmp/module-port-20260928-build/source/.lake/build/ir/UnitDistance/Upstream/Yamaguchi/ClassFieldTheory/GlobalClassFieldTheory/Reciprocity/IdeleClassDirectLimitExtensionAction.setup.json --json
error: UnitDistance/Upstream/Yamaguchi/ClassFieldTheory/GlobalClassFieldTheory/Reciprocity/IdeleClassDirectLimitExtensionAction.lean:486:8: failed to synthesize instance of type class
  Mul (TowerRelativeIdeleGroup.ClassGroup ℚ F E)

Hint: Type class instance resolution failures can be inspected with the `set_option trace.Meta.synthInstance true` command.
error: UnitDistance/Upstream/Yamaguchi/ClassFieldTheory/GlobalClassFieldTheory/Reciprocity/IdeleClassDirectLimitExtensionAction.lean:485:7: failed to synthesize instance of type class
  Mul (TowerRelativeIdeleGroup.ClassGroup ℚ F E)

Hint: Type class instance resolution failures can be inspected with the `set_option trace.Meta.synthInstance true` command.
error: UnitDistance/Upstream/Yamaguchi/ClassFieldTheory/GlobalClassFieldTheory/Reciprocity/IdeleClassDirectLimitExtensionAction.lean:500:6: failed to synthesize instance of type class
  Mul (TowerRelativeIdeleGroup.ClassGroup ℚ F E)

Hint: Type class instance resolution failures can be inspected with the `set_option trace.Meta.synthInstance true` command.
error: UnitDistance/Upstream/Yamaguchi/ClassFieldTheory/GlobalClassFieldTheory/Reciprocity/IdeleClassDirectLimitExtensionAction.lean:499:5: failed to synthesize instance of type class
  Mul (TowerRelativeIdeleGroup.ClassGroup ℚ F E)

Hint: Type class instance resolution failures can be inspected with the `set_option trace.Meta.synthInstance true` command.
error: UnitDistance/Upstream/Yamaguchi/ClassFieldTheory/GlobalClassFieldTheory/Reciprocity/IdeleClassDirectLimitExtensionAction.lean:508:9: failed to synthesize instance of type class
  Mul (TowerRelativeIdeleGroup.ClassGroup ℚ F E)

Hint: Type class instance resolution failures can be inspected with the `set_option trace.Meta.synthInstance true` command.
error: UnitDistance/Upstream/Yamaguchi/ClassFieldTheory/GlobalClassFieldTheory/Reciprocity/IdeleClassDirectLimitExtensionAction.lean:512:11: failed to synthesize instance of type class
  Mul (TowerRelativeIdeleGroup.ClassGroup ℚ F E)

Hint: Type class instance resolution failures can be inspected with the `set_option trace.Meta.synthInstance true` command.
error: UnitDistance/Upstream/Yamaguchi/ClassFieldTheory/GlobalClassFieldTheory/Reciprocity/IdeleClassDirectLimitExtensionAction.lean:629:6: failed to synthesize instance of type class
  Mul (TowerRelativeIdeleGroup.ClassGroup ℚ ↥F ↥E)

Hint: Type class instance resolution failures can be inspected with the `set_option trace.Meta.synthInstance true` command.
error: UnitDistance/Upstream/Yamaguchi/ClassFieldTheory/GlobalClassFieldTheory/Reciprocity/IdeleClassDirectLimitExtensionAction.lean:628:5: failed to synthesize instance of type class
  Mul (TowerRelativeIdeleGroup.ClassGroup ℚ ↥F ↥E)

Hint: Type class instance resolution failures can be inspected with the `set_option trace.Meta.synthInstance true` command.
error: UnitDistance/Upstream/Yamaguchi/ClassFieldTheory/GlobalClassFieldTheory/Reciprocity/IdeleClassDirectLimitExtensionAction.lean:642:2: 'change' tactic failed, pattern
  (((eAmbient.trans eFixed.symm).trans eRelative.symm).trans eTower)
      ((M.ρ ((QuotientGroup.mk' (extensionSubgroup K L hLK)) σ)) x) =
    Additive.ofMul (τ • Additive.toMul (eTower (eRelative.symm (eFixed.symm (eAmbient x)))))
is not definitionally equal to target
  let F := abstractFixedField ℚ (SeparableClosure ℚ) K;
  let E := abstractRelativeFixedField ℚ (SeparableClosure ℚ) hLK;
  (rationalAbstractExtensionIdeleClassEquiv K L hLK hnormal)
      (((extensionFixedRepresentation rationalIdeleClassRepresentation K L hLK hnormal).ρ
          ((QuotientGroup.mk' (extensionSubgroup K L hLK)) σ))
        x) =
    ((Rep.ofMulDistribMulAction Gal(↥E/↥F) (RelativeIdeleGroup.ClassGroup ↥F ↥E)).ρ
        ((abstractExtensionQuotientEquivGaloisGroup ℚ (SeparableClosure ℚ) K L hLK hnormal)
          ((QuotientGroup.mk' (extensionSubgroup K L hLK)) σ)))
      ((rationalAbstractExtensionIdeleClassEquiv K L hLK hnormal) x)
Some required targets logged failures:
- UnitDistance.Upstream.Yamaguchi.ClassFieldTheory.GlobalClassFieldTheory.Reciprocity.CyclotomicIdeleClassValuation
- UnitDistance.Upstream.Yamaguchi.ClassFieldTheory.GlobalClassFieldTheory.Reciprocity.IdeleClassDirectLimitExtensionAction
error: build failed
